Nombre,Numero_Expediente,Edad
Alan Almada Gutierrez,9183781796,25
Isabel Monteverde Jimenez,3881250219,23
Teresa Ramos Córdova,6533639848,18
Luis Cruz Orozco,7831683135,25
Ernesto Ochoa Moreno,7219357258,23
Rafael Jimenez Arroyo,6332977958,18
Alan Alemán Mata,3260932922,25
Juan Galaz Espinoza,7178070714,22
Alan Aldama Andre,0367208999,20
Susana Pérez Nuñez,5841479235,21
Alan Leo Camacho,7653316902,18
Armando Fernandez Calles,1566667242,25
Ernesto Domínguez Ortiz,5807087472,18
Ernesto Arredondo Fernandez,2753083571,18
María Ochoa Pulido,4944154435,20
Ada Lobo Gutierrez,0189288149,18
María Ortiz Reyes,1176514638,20
Socorro García Wong,7469183285,21
Brian Reyes Medina,8462063203,18
María Yanes Ramos,0701154548,25
Sebastián Moreno Vazquez,6373682062,21
Juan Orozco Nuñez,7346209052,18
Juan Nuñez Arredondo,8648990921,20
Juan Arredondo Cuevas,4662420870,20
Julio Verduzco Ozuna,2837025688,25
Julián Tellez Rodríguez,5233600617,19
María Cadena Heras,8257127144,18
Rosa Fernandez Arvizu,6576577946,21
Rafael Peña Ramos,5859882746,18
Rafael Peña Coronado,3800353620,19
José Rosales Wong,4151522031,25
Sebastián Reza Reyes,7689969488,19
Rosa Coronado Peña,0018664673,20
Alan Yanes Galaz,1074276239,24
Eva Caro Encinas,7774842597,24
Kim Balderrama Alemán,8324563836,19
Domingo Jimenez Ayala,4644259745,21
Alan Piña Jimenez,1483228717,24
Adán Pino Encinas,8832551939,18
Rosa Ochoa Rosales,0158245359,22
Isabel Ochoa González,4008089704,21
Julián Ayala Arredondo,4158336797,22
Kevin Leo Caro,3267699730,23
Eva Castañeda Encinas,0725672390,22
Domingo Lobo Ortiz,8893782653,19
César Heras Reyes,6496553610,22
Kimberly Mendez González,3273540589,22
Isabel Mata Ayala,2337906830,25
Alberto Wong Arroyo,3485395955,19
Ernesto Verduzco Elías,8060105540,21
Armando Jimenez Islas,2110946592,25
Ada Heras Pulido,3195177665,23
Rafael Chávez Mendez,3026242198,21
Rafael Islas Piña,5348626871,20
Kenia Romero Pino,8267825490,18
Elvia Rodríguez Andre,6639404303,21
Mariana Wong García,7225673931,20
Ana Mata Alemán,4612505313,23
Mariana Verduzco Galaz,9188068640,24
Kenia Arroyo Elías,3220419272,21
Carlos Valle Lobo,1444190917,21
Rafael Garza Piña,7579314696,19
Adán Aldama Piña,0804580806,18
Brian Ramirez Alemán,3658104596,25
Karla Alemán Verduzco,0165472843,19
José Pulido Medina,3151801112,23
Karla Islas Rojas,9698360874,20
Domingo Ochoa Escalante,6468267761,20
Ana Encinas Coronado,9502023426,20
Karla Espinoza Heras,7219195328,25
Armando Encinas Nuñez,8896692114,18
Mario Rojas Cadena,0324838248,25
Julián Vazquez García,9701779727,24
Kevin Camacho Garza,6793332168,20
Raquel Elías Elías,6549536399,25
Lourdes Vazquez Valenzuela,9926927493,18
Julio Pino Rosales,5518631528,20
Raquel Escalante Reza,2500442277,25
Socorro Castañeda Pérez,9949524859,21
Rosa Piña Calles,3128034811,21
Rafael Peña Ayala,2378369071,22
Rafael Verduzco Galaz,5769101772,21
Rosa Gutierrez Nuñez,3019763494,25
María Mancera Orozco,5260873008,20
Sebastián Andre Rojas,4024550627,21
Luis Mancera Pulido,8131212071,25
Ada Caro Heras,7842555439,20
Mario Pérez Monteverde,1867635680,21
Domingo Piña Galaz,7818556449,18
Juan López Cuevas,1992912828,19
Luis Aldama Arvizu,7191512153,18
Armando López Cano,1475274893,21
Socorro Camacho Elías,1272989932,18
Karen Cuevas Balderrama,6948227554,22
Juan Escalante Medina,1673429779,20
Rosa Garza Reza,2084312430,25
Rafael Caro Nuñez,0216984297,25
Juan Orozco Pérez,2473371424,22
Raquel Rosas Balderrama,3341595391,20
Socorro Mata Orozco,4642547844,21
Armando Durazo Cadena,3144412530,22
Ernesto Ortiz Piña,8738049674,18
Socorro Ayala Rosales,2751394042,20
Karla Tellez Alemán,1416220386,23
Isabel Arredondo García,9794312742,18
Socorro Cadena Moreno,5475863836,21
Socorro Nuñez Durazo,4807310307,25
Juan Castañeda Domínguez,3936708787,20
Regina Córdova Peña,2416998349,22
Kim López Galaz,6999444364,24
Socorro Andre Espinoza,4205629836,24
Lourdes Ozuna Martínez,2180534337,18
Alan Córdova Reza,8670720305,24
Armando Encinas Durazo,8462106073,25
Karina Arvizu Pino,9240905871,23
Teresa Vazquez Arroyo,9999838938,22
Elvia Gutierrez Coronado,5263967855,20
Domingo Alemán Jimenez,8603255064,18
César Camacho Islas,0480766790,25
Karina Cadena Coronado,4606416605,25
Domingo Piña Rosales,1877157960,23
Lourdes Rojas Pino,4413786397,21
Ana Nuñez Ramirez,0731630617,22
Rosa Balderrama Caro,6944730456,22
Karen Reyes González,6291834349,22
Sebastián Arvizu Jimenez,4333471848,20
Ada Galaz Pulido,1140302351,19
Julián Espinoza Pino,4432162177,18
Brian Castañeda Domínguez,0937173783,22
Karen Ayala Aldama,8156027572,22
Lourdes Wong Ozuna,0026518413,20
Carlos Pulido Reza,8202954438,19
Mariana Reyes Galaz,4665262790,19
Czarina Pérez Alemán,1781931403,19
Fernanda Caro Ozuna,1183784252,25
César Mata Calles,7798786801,25
Rafael Rodríguez Galaz,5003474758,19
Mariana Aldama Flores,4617982884,18
Brian Piña Elías,4856444312,22
Sebastián Ozuna Fernandez,6868472984,18
Guadalupe Cruz Gutierrez,5339083884,25
Isabel Córdova Wong,5672524187,19
Adán Mendez Almada,4110440878,25
Julio Yanes Castañeda,9824605952,24
Sebastián Rodríguez Castañeda,7527988184,20
Alan Leo Peña,4178538833,22
Brian Yanes Andre,9712021876,21
Mario Domínguez Aldama,3421649205,21
Lourdes Romero Moreno,6748593014,25
Karina Arroyo Rodríguez,7515608308,21
Karina Ozuna Pino,6295530459,18
Susana Calles Valle,0156515482,20
Domingo Mancera Cadena,6432318106,22
Eva Mancera Peña,0594134204,22
Sebastián Pulido Romero,2885376632,21
Mario Galaz Valle,5340781083,20
Guadalupe Martínez Encinas,6160046426,25
Kenia Nuñez Romero,9062601160,22
Juan Cabada Camacho,9261414688,25
Ana Valle Peña,6203696857,23
Kimberly Orozco Galaz,0751975598,21
Regina Mendoza Peña,6906776025,21
Alberto Monteverde Peña,3241048891,25
Julián Durazo Romero,2067083823,23
César Cano Galaz,5760738465,21
Karina Encinas Escalante,7381668980,25
Ada Rodríguez Orozco,9894809222,19
Raquel Cuevas Verduzco,0544851607,19
América Valenzuela Rosales,0737014280,21
Czarina Cadena Elías,3700753228,23
Karen Ayala Mendoza,6728232201,23
Julián Heras Medina,1798066708,24
Regina Romero Valle,9709039638,25
Isabel Monteverde Reza,9105375079,21
Luis Fernandez Vazquez,8944050441,21
José Cabada Domínguez,5583779145,24
Brian Domínguez Garza,7345127372,20
Juan Arvizu Rosas,7165980916,21
Julio Mendoza Rojas,5910150947,25
Ana Tellez Rosas,6810229534,20
María Tellez Monteverde,0603737592,23
Eva Moreno Flores,0769487925,23
Julio Medina Alemán,8559427850,24
Julián Tellez Islas,6202302075,23
Rafael Coronado Mendez,7203859433,22
Karina Alemán Piña,4553164756,21
Karen Rojas Valenzuela,6444577144,25
Lourdes Cabada Galaz,8690870263,19
Mariana Castañeda Arredondo,0943079254,22
Ada Vazquez Arvizu,1132945011,18
Socorro Vazquez Cuevas,5889942979,25
Adán Ortiz Ayala,4253840567,24
Adán Encinas Encinas,8276464537,25
Socorro Durazo Ochoa,4205407895,24
Guadalupe Peña Valenzuela,5613123348,19
César Elías Jimenez,5390055010,21
Ernesto Espinoza Cano,9330606496,24
Sebastián Encinas Elías,8246783954,18
Ernesto Peña Pino,9778018362,24
Ada Nuñez López,6388421915,25
Alan García Nuñez,8316498936,25
Juan Orozco Rojas,8841641778,21
Carlos Coronado Pino,4645947987,20
Rafael Espinoza Medina,0296193738,24
Luis Mendez Monteverde,6800455174,19
Raquel Espinoza Domínguez,2737351367,25
Julio Ozuna Pulido,8592492060,19
Armando Orozco Islas,3386342877,21
Guadalupe Escalante Heras,0518677284,23
Ema Pulido Medina,9360453758,18
Lourdes Durazo Orozco,7357613621,23
Regina Ayala Ozuna,5690949132,18
Kenia Alemán Arredondo,7254353731,20
Alberto Cuevas Coronado,0945569753,21
Mariana Nuñez Wong,0725100498,24
Mariana Domínguez Gutierrez,4459224434,22
Adán Arvizu Almada,6381026281,25
América Valle Mancera,3813723532,22
Susana Pino Alemán,3156285172,19
Julián Ayala Camacho,0438461402,21
Alan Mata Escalante,1053818049,23
Kim Castañeda Rojas,6591960045,20
Guadalupe Leo Alemán,3566906776,21
Julio Ayala Rojas,5153972129,18
César Galaz Arvizu,3949288461,21
Adán Flores Galaz,4263231198,19
Ernesto Almada Encinas,9267519556,25
Ernesto Verduzco Nuñez,2982020184,21
Kim Flores Jimenez,3375778634,22
Fernanda Nuñez Fernandez,8458874508,19
Regina Tellez Vazquez,6096975094,20
Kimberly Tellez Peña,2533256825,18
Czarina Piña Ramirez,4595039053,22
Luis Mancera Romero,4007983335,23
Rafael Verduzco Valenzuela,1517515585,21
Regina Rosales Romero,2959178482,24
Juan Rodríguez Alemán,7489424113,18
Luis García Mendez,6413292479,21
Adán Pérez González,3620510227,21
Juan Ramos Cabada,7810892934,20
María Moreno Gutierrez,1104452179,21
Kenia Ayala Pulido,3107294942,18
Ada Escalante Ramirez,7433006768,20
Kim Piña Reza,2512528888,23
Karen López Camacho,2654950471,21
Czarina Aldama Mendez,4571807922,19
Ernesto Castañeda Martínez,9048853271,23
Czarina Galaz Lobo,2702836917,19
Julio Ramos García,4178459512,22
Susana Rodríguez Galaz,7526844108,20
Ernesto Nuñez Arredondo,8481690110,23
Ernesto Rosas Cruz,0100036647,20
Juan Arvizu Wong,6480006543,19
Mariana Arvizu Wong,2730257971,25
César Alemán Peña,1524654283,18
Luis Córdova Chávez,7979229883,19
Isabel García Ozuna,5760994926,23
Ernesto García Chávez,5871373593,21
Ernesto Piña Espinoza,9126524374,25
Lourdes Ortiz García,7926826905,18
América Yanes Vazquez,5485527565,22
Regina Pulido Ozuna,3613740583,20
Karen Valenzuela Arredondo,2157950285,24
Isabel Castañeda Romero,3833931776,25
Luis Arvizu Martínez,4155419321,25
Kim Heras Heras,3585711281,18
Mario Lobo Moreno,8998901951,20
Julián Rodríguez López,7814547708,20
Sebastián Verduzco Rodríguez,9893112698,25
Karina Jimenez Arredondo,4694102272,22
Ernesto Mata Galaz,2400322680,19
Susana Pérez Martínez,4710282370,19
José López Nuñez,8962135947,24
María Galaz Balderrama,6425408877,25
Alan Alemán Andre,6348072201,25
Ana Rojas Escalante,5053615938,25
Ernesto Ramos Cuevas,6717044276,18
Karen Durazo Almada,1000340898,20
Rafael López Valenzuela,5220965182,23
Elvia Ayala Pulido,8056406287,20
Mario González Yanes,3047956290,20
Kevin Coronado Orozco,9618634697,23
Susana Yanes Romero,7596393781,19
Armando Peña Tellez,3779665271,18
Kenia Cruz Reza,5430531390,19
Armando Lobo Espinoza,7721849964,19
Julián Ozuna Cano,2618098059,24
Fernanda Tellez Caro,0108220864,24
Mario Rosas Aldama,7922809237,22
César Cabada Orozco,1227837776,23
Guadalupe Reyes Elías,3545505364,25
América Ayala Vazquez,4804368750,20
Mario Martínez Rosales,8608971222,19
César Romero Peña,7660002979,25
Ada Andre Mancera,0429034992,25
Ema Pino Almada,7731481712,24
Eva Domínguez Cano,9285791845,20
Julián Arredondo Ramirez,2683116827,21
Adán Fernandez Chávez,2527699989,24
Mario Arvizu Orozco,9300312724,19
Socorro Cruz García,1099040195,22
Juan Cadena Ozuna,4631084467,22
Luis Leo Garza,7672139009,25
Isabel Fernandez Tellez,4231868081,25
Alan Wong Pulido,1370925112,19
Rafael Almada Ayala,6850236991,18
Kevin Rojas García,7249324797,18
Alan González González,0003400777,22
Alan Cabada Calles,7742026470,21
Mario Heras Rojas,1968017458,25
Alan Ortiz Valle,0935122947,21
Ada Arredondo Coronado,6302124237,21
Alan Coronado Encinas,5783117833,20
César Domínguez Pino,2203027082,20
Isabel Ramirez Ozuna,9084634157,19
Regina García Cano,3449479545,24
César Rosales Alemán,0872784016,25
Karen García Rojas,0111502762,25
Mariana Gutierrez Cadena,8638415503,24
Ada Valle Espinoza,5690391695,25
Lourdes Leo Wong,8589792301,24
Kevin Tellez Jimenez,1099090540,21
Adán Yanes Ochoa,9119181545,24
Czarina Cuevas Piña,9510379550,20
Juan Wong Mendez,3178910786,19
Karina Valenzuela Ochoa,4728063767,22
José Lobo Orozco,0766428342,22
César Monteverde Reyes,7062488650,23
Rafael Córdova Leo,3402570664,18
Regina Ochoa Arredondo,5292965086,25
Alan Arredondo Nuñez,4508732954,20
Kenia Pérez Almada,0783904876,21
Julio Piña Lobo,6129083489,25
Rafael Leo Islas,3260046400,19
Alan Martínez Monteverde,7843925788,21
Luis Escalante Flores,2344084392,19
Carlos Reza López,2166972089,20
Eva Valenzuela Peña,4722227721,19
Czarina Castañeda Coronado,6306581541,21
Julián Jimenez Caro,6521159646,23
Ernesto Islas Fernandez,9087425797,21
María Durazo Calles,6312811113,23
Susana Valenzuela Cadena,9777964295,19
Juan Cadena Arroyo,4973413530,23
Julián Encinas Vazquez,2218527459,23
Ana Ramos Tellez,9647141731,21
Regina Gutierrez Escalante,1767087271,25
Kenia Cadena Arroyo,7683745010,21
Ana Andre Piña,4454321148,18
Karina Tellez Romero,5150365706,24
Alan Ortiz Cadena,2515618451,21
Regina Mancera Tellez,6124168485,20
Kevin Cadena Balderrama,6476976478,21
Teresa Balderrama García,5803165140,24
Kevin Wong Rojas,3734888896,20
Sebastián Calles Balderrama,7028459846,19
Carlos Islas Lobo,0229185045,23
Teresa Galaz Monteverde,7997500603,24
Eva González Almada,5677695459,22
Kim Pérez Mata,5892261318,18
Teresa Leo Coronado,6016145501,25
Teresa Verduzco Leo,6252051950,19
Socorro Mancera Garza,4619125384,19
Adán Pulido Durazo,4141791688,21
Ada Mata Monteverde,8016052521,24
América Mendez Valenzuela,8186524312,23
Brian Tellez Valenzuela,2298609025,21
Kim González Alemán,6602039139,23
Socorro Escalante Caro,5802577143,23
Luis Ortiz Islas,5589710604,24
Kimberly Espinoza Valle,6358455815,24
Susana Ochoa Mendez,8411326716,21
Fernanda Jimenez Vazquez,7456600866,23
Czarina Moreno Wong,7110082211,24
Ema Camacho Espinoza,9613346975,24
Guadalupe Gutierrez Garza,2021278609,25
Julio Fernandez Pino,0702244862,18
Ada Almada Cadena,1053272519,23
María Ramirez Balderrama,7654659168,23
Lourdes García Tellez,2519943992,22
Fernanda Fernandez Mendez,2692930679,23
María Romero Chávez,8872743786,20
América Ayala Fernandez,6404793987,25
Luis Almada Escalante,1595918350,22
Ema Reza Verduzco,6899710252,18
Kenia Ozuna Medina,6607417719,19
Alberto Ramirez Escalante,4421229191,21
América Medina Reza,7940046431,25
Rafael Martínez González,1054385241,25
Rosa García Orozco,1182433459,21
Eva Aldama Elías,4951684555,22
Julián Balderrama Ramos,9071541213,22
Czarina Yanes Rojas,9410486670,19
Rafael Rosales Romero,8703873795,24
Mariana Escalante Chávez,6269684712,22
Alan Ramirez Cano,8631530749,21
Ana Mancera Heras,4187081662,23
Karla Castañeda Peña,5240751713,24
Sebastián Almada Verduzco,1238444637,21
Susana Pérez Cadena,5337455967,24
Socorro Orozco Mendez,4274533998,25
Regina Ramos Nuñez,0443628304,23
Kevin Valle Cuevas,3386161688,21
Julio Jimenez Valenzuela,1676145726,18
Mario Martínez Cruz,2999764073,22
Isabel Elías Reyes,9754459576,18
Armando Ramos Arroyo,2687340542,23
Karen Encinas Garza,3933889859,18
José Encinas Valenzuela,8776161537,20
Mariana Leo Durazo,0698995443,25
Brian Nuñez Espinoza,7348640997,25
Regina López Elías,4716174658,22
Isabel Almada Rosas,5688885340,25
José Ayala Yanes,7052446788,23
Fernanda Rojas Monteverde,6777967273,19
Karla Medina Chávez,1571476320,19
Guadalupe Balderrama Domínguez,4016244195,24
Juan Peña Arredondo,2754468279,22
Elvia Arvizu Orozco,0409165624,18
Isabel González Nuñez,0880858172,23
Alan Córdova Córdova,7802559389,25
Elvia Cadena Andre,8016442680,25
María Verduzco Castañeda,1349420824,21
América Reyes Jimenez,9314872785,22
Karla Nuñez Vazquez,1793262497,19
Juan Mendez Peña,5862079174,25
Regina González Mancera,0528828712,21
Julián Medina Peña,1158185626,19
Adán Ramirez Escalante,7752414367,18
Brian Romero Rodríguez,4338494649,24
Susana Reza Medina,5555171629,20
Carlos Ramirez Peña,8815657362,21
Julián Almada Rosas,1886725008,21
Karla Galaz Arroyo,2399573699,23
América Heras Cadena,8813207743,21
Alberto Ramirez Piña,3307268731,23
Czarina Encinas Rodríguez,3025576427,20
Lourdes Camacho Ochoa,2122985705,19
Carlos Rosales Elías,7921182516,19
Ema Reyes Calles,2528041233,24
Luis Ozuna Ortiz,5723908828,24
Alberto Cruz Reza,1852304820,19
Rosa Córdova Flores,9569470616,25
Kevin Ortiz Durazo,8255052415,21
Karen Orozco Elías,2826537851,21
José Córdova Flores,2875557755,22
Regina Mendoza Tellez,9301196579,20
Armando Orozco Garza,9178575706,22
Karina Garza Yanes,0212514729,22
Brian Arroyo Orozco,0370104593,20
Carlos López Almada,4551218422,23
Kimberly Garza Martínez,7102754964,25
Susana Andre Escalante,0936614739,25
Czarina Ayala Arredondo,8466020221,22
Juan Fernandez Arroyo,2419369274,21
Karina Peña Valle,5138523215,24
Brian Alemán Arroyo,1026353727,25
José Wong Heras,3437628163,25
Susana Castañeda Espinoza,6856317549,23
José Monteverde Coronado,3965348985,23
Julián Leo Almada,3153493139,19
Isabel Valenzuela Ramos,2761939601,23
Karina Reyes Mata,0608023111,19
Rafael Martínez Moreno,1528772256,24
Raquel Balderrama Escalante,4313054306,25
Domingo Camacho Romero,1544545439,22
Kimberly Pino Nuñez,6710967281,21
Rafael Mendoza Yanes,6972280958,25
Kevin Nuñez Mendez,4130553642,19
Alan Mendoza Galaz,8319560833,21
Ana Cadena López,9580333604,20
Mariana Medina Chávez,8543376688,19
Elvia Ochoa Rosas,9001188177,24
Rosa Mancera Islas,3580727726,25
César Balderrama Arvizu,1245445690,18
Mario Lobo Valenzuela,1902581125,22
Ana Aldama Ayala,1961309903,23
María Reyes Durazo,2007841556,22
Ana Ayala Tellez,4648960078,25
Karina Córdova Leo,2982486211,23
Brian Reyes García,4135539650,22
Socorro Cruz Gutierrez,3111150001,18
Sebastián Escalante Ayala,7963008466,22
Brian Durazo Arredondo,1684880292,21
Rosa Piña Medina,4244548165,23
Julio Islas Heras,2971331141,19
Regina Islas Lobo,7886411018,20
Julio Pérez Andre,0302192962,19
Raquel Ramirez Valenzuela,8735985179,18
Rafael Cano Pulido,3243488939,18
Elvia Balderrama Jimenez,2998014600,24
Ema Ortiz Mancera,1118122826,23
Regina Cuevas Coronado,1357196395,19
Karina Flores Rojas,0855788008,21
Mario Castañeda Verduzco,7395094485,18
Rosa Vazquez Pulido,6875199886,25
Kevin Piña Ayala,0026486345,21
Karina Balderrama Caro,7032307955,22
Karina Camacho Ramirez,9562054726,21
Sebastián Balderrama López,6079496903,18
Ernesto Caro González,2068975722,23
Susana Chávez Monteverde,8293697164,18
Guadalupe Andre Ayala,2193335361,23
Ada Jimenez Mendoza,0670362058,25
Sebastián Escalante Wong,1356055636,24
Ema Rodríguez Córdova,2573700781,19
Karla Moreno Camacho,5911894052,23
Alberto Ramirez Mendez,4951702394,22
Sebastián Coronado Mancera,6087356279,25
Karla Piña Orozco,1899986233,25
Karen Rosas Cruz,0453026983,22
Ada Mendoza Mata,3289482416,18
Kim Yanes Chávez,6880013711,22
Julio Pino Cano,9791844076,19
Lourdes Tellez Arroyo,4949642514,18
Rosa Rodríguez Reyes,5718653434,20
Socorro Ayala Ochoa,1591997258,19
Mario Martínez Valenzuela,1119695513,23
Rafael Cabada Ochoa,3063479981,23
Socorro Medina Vazquez,4564438530,22
Julio Mendoza Rosales,6754600989,20
Brian Almada Garza,1602095661,21
Adán Aldama Rojas,7450876673,24
Adán Lobo Ortiz,4479120897,22
José Pulido Cano,8343027471,18
Domingo Almada Garza,4038221409,20
Ana Monteverde Martínez,2534609837,20
Mariana Encinas Domínguez,4225851557,25
Ernesto Cadena Mendoza,4943236418,18
Adán Jimenez Cuevas,4634372550,22
Adán Gutierrez Pulido,8642042845,18
Julián Rodríguez Islas,5520080138,22
Luis Durazo López,2831879996,25
Kenia Mata Cano,6878298988,24
Raquel Islas Cruz,9206667586,22
Mario Arredondo Domínguez,1730974441,21
Susana Martínez Arroyo,2435303732,24
Luis Cabada Peña,3297132216,24
Juan Arredondo Córdova,2470650475,22
Alan Elías Alemán,6022425723,23
Susana Cadena Heras,9553749818,19
Elvia López Piña,1499684393,22
Juan Yanes Ayala,7209649730,20
Kevin Mendoza Flores,5700420606,24
Julián Ramirez Monteverde,1568967772,18
Mario Alemán Ramos,9855185864,19
Sebastián Caro Mendez,8505480965,20
Mariana Durazo Córdova,6606623871,23
Adán Mata García,9528570290,20
Susana Cabada Reza,4167950631,19
Isabel Ayala Rojas,9752994139,21
Armando García Tellez,5852274780,25
Rafael Lobo Romero,7441746377,22
Alan Pérez Galaz,0264460432,19
Kenia Coronado Piña,6014877854,19
Carlos Leo Arvizu,2293862383,22
José Piña Córdova,3319026525,18
Elvia Leo Leo,1529639030,20
Domingo Piña Mancera,3548679992,20
Sebastián Alemán Durazo,1569963840,21
Karla Ayala Chávez,2996638114,19
Kevin Rojas Andre,2304883171,23
Adán Mendez Rodríguez,2337613974,18
Armando Pino Medina,7064322085,24
América Cadena Moreno,6873233059,24
Ema Vazquez Ochoa,6887162044,25
Kim Cadena Escalante,0125016707,22
América Ozuna Wong,1536667098,18
Ana Ortiz Moreno,3278887029,22
Carlos Camacho Alemán,1734722476,18
Karen Wong García,8840837344,23
Karla Cuevas Cabada,0703120623,18
Alan Aldama Chávez,2987724892,25
Karen Cruz Aldama,4159575269,23
Juan Vazquez Valle,9545866972,25
Isabel Aldama Piña,1654889434,19
América Córdova Medina,1973875111,23
Domingo Heras Pulido,7875858168,20
Mario Ortiz Cuevas,0746882857,20
Czarina Chávez Ozuna,6882488611,20
Julio Martínez Caro,4398256988,19
Kevin Escalante Flores,9906961784,21
Domingo Espinoza González,9001661076,25
Kimberly Heras Castañeda,5588460043,24
Regina Pulido Escalante,3189653617,24
Armando Cabada Piña,5327950287,23
Alan Ortiz Calles,0538908803,25
Karla Lobo Valenzuela,9513447304,21
Julián Castañeda Ayala,5733543887,22
Carlos Cabada Arvizu,5801687715,19
América Cabada Rojas,7131557744,18
Ana Moreno Medina,2862178187,23
Armando Jimenez Alemán,7025341625,18
Luis Pino Galaz,2824662484,22
Karina Tellez Balderrama,8624512757,24
Ema Arvizu Ramirez,0944695741,25
Juan Flores Romero,3096735844,21
Luis Mendez Lobo,2665558214,18
Adán Andre Reyes,2314387750,23
Elvia Cadena Pino,3066876174,22
Teresa López Islas,6470356281,18
César López Cadena,8400615100,20
Sebastián Ozuna Castañeda,1219995195,18
José Encinas Pino,7453867712,23
Alan Cuevas Cano,4905924780,20
Kimberly Pérez Martínez,8389522176,20
César Encinas Vazquez,1616569506,25
Karina Aldama Valle,8359799640,19
Kimberly González Córdova,2654345836,22
Rosa Durazo Rosales,4725247695,20
Teresa Ramos Calles,1622201329,22
Brian Orozco Moreno,2319596423,23
Teresa Ochoa Nuñez,0503074233,25
Adán Valle Coronado,1566898638,18
Lourdes Pulido Peña,3940026534,24
Armando Rosas Almada,3310725320,25
Adán Espinoza Tellez,7208804910,22
Rosa González Ozuna,5589759116,25
Karen Ochoa Yanes,8112281036,24
Ernesto Islas Arredondo,7908021951,20
Armando Verduzco López,3959873467,19
Kim Moreno Arroyo,6791054540,19
Carlos Cano Reza,3429174913,19
Karla Alemán Cuevas,3768991932,22
Raquel Islas Pino,5290971860,24
Kimberly Verduzco Peña,8718557872,23
Teresa Pulido Orozco,9295336465,21
Armando Domínguez Rosas,9881953152,24
Alberto Castañeda Orozco,8082079064,24
Kevin Almada Córdova,6754540629,18
Eva Reyes Yanes,1563497353,21
Luis Valle Encinas,5901815206,20
Susana Rodríguez Pérez,3671281081,22
Ernesto Córdova Andre,6846740613,22
Sebastián Cuevas Piña,5082395034,21
Mario Reyes Mendoza,6808382062,19
Eva Islas Monteverde,1655729733,24
Czarina Martínez Medina,4107547578,18
Rafael Ramirez Mendoza,5684284072,21
Brian Martínez Fernandez,2506006770,19
Armando Ozuna Wong,6386748287,21
Ada Mendoza Coronado,5407377913,25
Adán Garza Calles,1477116462,24
Alan Vazquez Nuñez,5683735431,24
Armando Verduzco Leo,2304051838,21
Juan Islas Rojas,0436685453,23
Karla Piña Durazo,9482311786,23
Socorro Ochoa Orozco,8030576820,25
Ema Encinas Andre,1170219359,25
Rosa Cano Flores,0646302728,25
Regina López Camacho,6613717277,18
Raquel Elías Durazo,9397626809,20
Ada Rojas Moreno,0275946975,21
Armando Islas González,1686154778,20
Domingo Cano Rosas,3199326962,21
Socorro Elías Pérez,1559372472,18
Guadalupe Chávez Mata,3658834541,24
Regina Cruz Wong,9450457323,21
César Pérez Almada,7936579911,21
Mario Calles Balderrama,2955043589,23
Karen Rodríguez Verduzco,9965678686,25
Domingo Heras Pérez,8265762859,18
Regina Arroyo Pérez,6250839784,19
Ema Valle Aldama,1460789386,18
Rafael Arredondo Gutierrez,7336364252,22
Adán Coronado Rosales,4568632889,21
Kimberly Durazo Reyes,9160702783,19
Luis Rodríguez Pérez,6064715836,25
Socorro Leo Pulido,8450824995,22
Juan Heras Cruz,0396618300,22
Mario Ochoa Cruz,3237999131,23
Regina García Islas,3089006081,22
Julián Rojas Martínez,5444369162,22
Teresa Romero Gutierrez,4427600429,23
Brian Chávez Jimenez,9675756838,24
Domingo Mendoza Romero,1391473168,23
Karen Chávez Caro,8182584175,24
Rafael Mancera Elías,6313952130,25
Susana Cadena Medina,6079709569,25
Czarina Escalante Piña,0838837589,25
Brian Flores Mancera,6602715387,23
Rafael Tellez Rosas,1035633625,23
Regina Arvizu Arredondo,5909686317,22
Socorro Jimenez Castañeda,8299093253,18
Fernanda Garza Almada,2126185821,21
Susana Arredondo Valenzuela,6300994038,21
Domingo Garza Vazquez,0444657121,19
César Calles Orozco,7729798980,20
Rafael Jimenez Fernandez,6548700762,23
Domingo Encinas Fernandez,2525326084,25
América López Nuñez,7069862217,22
Raquel Monteverde Verduzco,4920070071,22
Sebastián Domínguez Coronado,2035128079,19
Julio Pérez Moreno,0175187305,22
Karla Cadena Piña,1256748717,24
José Rodríguez Cano,1159994904,19
Mario Pérez Cano,8461944318,21
Fernanda Mata Arvizu,8038269417,24
Adán Piña Cruz,5869199949,18
Ernesto Leo Espinoza,4877485438,22
Julián Martínez Nuñez,1532027354,20
Mariana Garza Galaz,8173322507,23
Luis Pérez Romero,5527006641,25
Brian Reyes Tellez,9433858504,18
Kenia Balderrama Galaz,6633533276,18
Ana Mancera Ochoa,7533214956,18
Raquel Monteverde Castañeda,8759397131,19
Armando Ramirez Jimenez,5547314584,23
Armando Verduzco Monteverde,3810864739,20
Ana Heras López,4050643394,23
Alberto Galaz Nuñez,7983506552,19
Armando Cano Valenzuela,5811420145,21
Domingo Nuñez Arvizu,1174360917,22
Mariana Durazo Romero,8679347244,23
Julio García Camacho,8923552705,20
Rafael Reyes Gutierrez,9321954736,22
Teresa Medina Tellez,6961657258,24
Regina Calles Calles,1885380262,24
José Jimenez Pulido,1458899573,24
Ada Orozco Almada,4827646454,24
Ema Rojas Arredondo,0475008192,25
Isabel Romero Rosales,8702587525,21
Armando Rosas Flores,2880187496,23
Carlos Arroyo Romero,3975407791,25
Susana Camacho Mata,1128811882,22
Fernanda Galaz Rojas,5618725760,23
Ada Rosas Pino,2919964196,20
América Valle Rodríguez,7013158142,21
Juan Vazquez Encinas,3676962657,24
Susana Escalante Lobo,5923265877,22
Julián Pérez Elías,4143150683,23
Kevin Mata Cabada,6280735467,21
Brian Galaz Cabada,5215040113,25
Ema Rosales Escalante,5618818704,25
Luis Ramirez Mancera,6005560903,20
Karina Ochoa Leo,9006356136,23
César Encinas Peña,2359203593,18
Juan Aldama Valenzuela,7312553974,18
Ada Durazo Ramirez,5475390858,24
Mario Tellez Mata,0828140446,25
Sebastián Arredondo Lobo,2074005784,19
Elvia Balderrama López,5452243782,24
Kim Ortiz Medina,1796272105,19
Eva Mendoza Ochoa,8983800395,20
Adán Espinoza Cabada,8271642501,23
Mariana Romero Leo,1774303258,25
César Lobo Chávez,7371523493,22
Carlos Escalante González,5462078910,25
Rafael Espinoza Cabada,1256309572,19
Mariana Mata Wong,7669828358,21
Carlos Verduzco Rojas,0499420763,21
América Vazquez Leo,9238901930,25
Julio Ochoa Peña,1848119031,22
Luis Reza Mendoza,0124184262,18
Ana Romero Escalante,4427757076,24
Karina Valle Cabada,2525356761,24
César Rojas Rosas,4880614720,23
Ada Pérez Coronado,8942735616,19
Adán Espinoza Reyes,7491124384,24
Luis Balderrama Gutierrez,7630324973,25
Raquel Rojas Valle,3320455047,18
Juan Vazquez Garza,0658713717,21
Rafael Ortiz Cadena,8028141736,24
Sebastián Heras Rodríguez,3588957926,23
Isabel Monteverde Balderrama,1144843678,18
Kim Heras Ayala,0890136969,23
Domingo Orozco Garza,5327792102,25
José Verduzco Mancera,5902017961,19
Czarina Fernandez Pulido,2360596675,18
Regina Ramos Mendez,8705675123,22
Luis Arvizu Vazquez,0093527864,21
Kim Tellez Balderrama,9566155861,22
Julio Mendez Calles,9693012831,22
Ema Medina Tellez,3752276279,19
José Gutierrez Cabada,9734718210,19
Rosa Córdova Piña,1145272919,25
Mario Durazo Espinoza,9544614374,19
Ana Mendoza Fernandez,9361295239,22
Karla Cruz Almada,8189175624,18
Regina Verduzco Jimenez,7298343332,19
Ernesto Cuevas Gutierrez,8621838572,20
Ana Islas Córdova,0833221085,21
Brian Mata Medina,3602342804,23
Ana Pino Mata,4539272423,19
Carlos Garza Pulido,7984204916,21
Karen Coronado Medina,5142465850,19
Guadalupe Escalante Yanes,4047699381,22
Guadalupe Lobo Heras,0101671818,21
José Ozuna Valle,6488879615,19
Julián Arredondo Durazo,5412231229,19
Brian Mendoza Heras,8223894075,19
Brian Ramirez Rodríguez,0449450267,21
Elvia Heras Vazquez,7873400854,24
Guadalupe Calles Encinas,1556679355,24
Kevin Encinas Elías,2326817073,20
Kevin Valle Escalante,4938479949,25
Domingo Valle Mendoza,7368657843,22
Rafael Encinas González,1497827323,22
Mariana Garza Ozuna,9976327198,18
Teresa Castañeda Arroyo,2013714750,19
Mariana Arroyo Flores,6420708800,21
Fernanda Escalante Domínguez,1081655337,18
Raquel Gutierrez Verduzco,8491506672,23
Isabel Verduzco Aldama,1323647041,19
Teresa Rosas Cadena,7619483455,24
Sebastián Verduzco Mendez,4731560289,23
Mario Wong Mendoza,0297789676,19
Domingo Valle Reza,6513840654,19
Julián Almada Castañeda,0282681808,18
Teresa Gutierrez Wong,6123124749,18
Czarina Valle Fernandez,9227118436,20
Elvia Balderrama Galaz,3256830040,25
Guadalupe Ochoa Arroyo,3582701989,22
Sebastián Reza Nuñez,0257840661,24
María Orozco Almada,0715735699,21
Brian Arroyo Galaz,6151171843,21
Karen Camacho Nuñez,4062200776,20
Mario Tellez Arredondo,8085864155,25
Luis Aldama Coronado,0765090787,21
Susana Martínez Mancera,8124500497,22
Susana Elías Ramirez,5158811585,25
Karla Mata Moreno,1490069708,20
Karina Pérez Verduzco,2488898095,18
Alberto Wong Tellez,6072703424,19
José Rosales Durazo,5919626146,19
Karla Durazo Ortiz,8334722579,22
Alan Fernandez Calles,2744160769,20
Fernanda Andre Garza,3556156316,23
Armando Islas Vazquez,6933523738,19
Julián Rosales Arvizu,2801093107,24
Rosa Gutierrez Rojas,3018361926,25
Rafael Romero Caro,9731388946,19
César Rosas Pérez,3687335972,20
Rosa Pino Espinoza,5141197381,23
Juan Mendez Domínguez,8015737053,24
Socorro Lobo Heras,0073135587,24
Julián Valenzuela López,7995533071,23
Ernesto Almada Arvizu,7315850803,18
América Arroyo Pino,5997920023,20
Ernesto Camacho Coronado,5511474698,20
Juan Mendoza Cano,2553954483,21
María Chávez Almada,6511277170,19
Mario Nuñez Leo,7557303289,19
Rafael Orozco Mendoza,8497024314,22
Julio Arvizu Pino,7707053492,18
Alan Pérez Wong,2085225249,22
Karen Mendoza Flores,9018201920,18
Carlos Tellez Rosas,6132023102,24
Karla Ozuna Jimenez,6861064141,21
Juan Garza Mancera,2353531918,19
Alberto Ochoa Rojas,5164987344,25
Domingo Jimenez Andre,3280980547,23
Adán Ozuna Mancera,5943137813,20
Fernanda Cuevas Reza,5567972807,19
Ema Verduzco Ortiz,1912843920,22
Mariana Piña Arredondo,1491860836,20
Socorro Wong Tellez,3740989156,18
Ana Moreno Ozuna,5917634166,18
Juan Jimenez Ochoa,7155885468,19
Armando Valle Ramos,0952516488,20
Eva Camacho Elías,5423143795,18
Lourdes Pulido Romero,3083245116,19
Karina Rodríguez Rodríguez,3876139955,22
Kenia Ramos Calles,6283061225,18
Brian Cabada Orozco,9328419235,23
Kevin Monteverde Gutierrez,0455664066,21
Alan Ramirez Pino,2059334601,19
Ada Valenzuela Medina,9922946396,19
César Mancera Cadena,2926542895,21
Ernesto Cabada Calles,9463659291,22
Julio González Reyes,5760704987,22
Eva González Escalante,8998534000,20
Julio Verduzco Coronado,7898790935,25
Adán Reza Ortiz,3205238601,21
Carlos Ortiz Rodríguez,6090425000,18
América Peña Aldama,4718647369,18
Lourdes Castañeda Cadena,0088549882,22
José Córdova Monteverde,5918452369,21
Alberto Garza López,8427373626,22
Ernesto Cano Tellez,6362709318,25
Raquel Pulido Monteverde,8672874584,23
Alan Garza Domínguez,8399877070,20
María Caro Elías,2454819074,25
Ada Balderrama Cruz,4317226068,19
Susana Balderrama Romero,7119178986,25
Julio Coronado Ramirez,0768889673,21
Adán Cuevas Balderrama,5446048575,22
Teresa Romero González,9990697438,22
Luis Camacho Nuñez,7401006542,19
Carlos Reyes Córdova,6410829673,19
Karen Mendoza Rojas,2358260656,23
César Martínez Ozuna,8579803498,19
Karen Fernandez Piña,0650941459,19
Fernanda Mancera Encinas,9713444116,18
Fernanda Nuñez Mancera,1950987783,24
Fernanda Mendoza Aldama,7386177011,18
Guadalupe Andre Yanes,2615048451,20
Carlos Reyes Castañeda,0211535177,22
Czarina Vazquez Cruz,5813928160,22
Kenia Ayala Yanes,3366994536,18
Adán González Rodríguez,5919143389,22
Sebastián Wong Garza,6886025749,20
Rosa Durazo Balderrama,0842354279,23
Guadalupe Medina Romero,7919464835,25
Susana Islas Calles,7588193237,22
Mario Vazquez Cano,3809399542,19
Armando Piña Mata,7102150623,18
Alberto Pino Durazo,5051073576,19
Isabel Wong Heras,1416857174,25
Mario Encinas Ortiz,6425288861,23
Guadalupe Ochoa Coronado,7792729292,25
Ernesto Escalante Córdova,2718673997,18
Brian Andre Elías,7673966983,23
Elvia Balderrama Elías,0193133427,22
Fernanda Almada Andre,1078009930,21
Socorro Cadena Ozuna,7420535708,20
Mariana Fernandez Reza,2983726322,24
Brian Gutierrez Mancera,4188405513,24
Rosa Alemán López,0958056146,25
América Mata López,9928074391,19
Czarina Reyes Fernandez,2727099616,25
América González Arredondo,0854115968,23
Regina Ortiz Cuevas,9362647342,22
Lourdes Romero Caro,7645942491,20
César González Andre,6913470616,24
Luis Mendoza Castañeda,2568276631,20
Lourdes Rojas Garza,7528067069,21
Kenia Elías Ochoa,1971132540,21
Kim Cadena Pérez,3814862075,20
Julio Córdova Medina,5526179200,25
Ernesto Rosales Durazo,3080750016,18
Rosa Martínez González,0271977201,19
Armando Ozuna Ramos,3041140179,24
Juan Monteverde Cano,0552820364,20
Karla Calles Valle,1412271549,25
Julio Martínez Monteverde,7430161362,25
Adán López Rodríguez,1271531133,19
Raquel Calles Wong,8174144711,24
Julio Arroyo Andre,3577479406,25
Karina García Aldama,2397775019,23
Ernesto Valenzuela Chávez,3921792243,19
Mario Espinoza Mendez,0849657036,19
Karla Domínguez Arroyo,7495671154,18
Julio López Valle,0254571827,20
Carlos Ramirez Castañeda,6998718071,19
Elvia Valenzuela Leo,7821593090,22
Rafael Cruz Romero,9780689425,19
Alberto Moreno Cano,5896499712,25
Karla Escalante Arroyo,1552090352,23
Socorro Mendez López,1052889499,20
Sebastián Cadena Mendez,5652418107,23
Mariana García Rojas,6066675272,23
Alberto Cuevas Reza,2210414792,18
Guadalupe Encinas Galaz,4883786421,24
Julián Balderrama Mendoza,9501539810,22
Luis Domínguez Córdova,8325512801,20
Domingo Arvizu Mendez,6612190183,20
Ada Reza Rosas,4563612223,21
Sebastián Ortiz Verduzco,1969877685,21
Susana Encinas Ochoa,5926341785,18
Ema Elías Garza,6290296465,25
América Piña Rodríguez,4792013320,21
Teresa Orozco Romero,5243732243,25
Carlos Moreno Espinoza,8653142186,20
Rafael Moreno Moreno,4218018436,18
Armando Calles Islas,8064293864,24
Karina Valle Pino,1405269513,20
Eva García Alemán,8263367773,20
Susana Escalante Monteverde,8505345859,21
Ema Garza Rojas,4612334995,19
América Heras Wong,1696114069,24
Rosa Verduzco Wong,8778796818,22
Kimberly Lobo López,0867863425,21
Fernanda Encinas Yanes,7995219360,25
América Camacho Islas,8729490333,19
Kim Romero Moreno,4011824763,21
Ernesto Verduzco Ramirez,9077288308,21
Domingo Chávez Cruz,5699451091,25
Fernanda Pérez Aldama,2327525446,24
Sebastián Arredondo García,3648009924,18
Raquel Garza Encinas,1144427920,18
Carlos Arroyo Nuñez,1383578580,21
Ana Andre Verduzco,6054104307,20
Lourdes Mendez Valenzuela,7493735829,25
Czarina Rosas Mendoza,6346623956,22
César Pulido Fernandez,1479109063,22
Juan Islas Yanes,0266409420,18
Luis Pulido Arroyo,7010055903,25
Mario Orozco Rosas,1072119378,20
Elvia López Moreno,8074165936,18
Mariana Tellez Vazquez,8052664488,20
Teresa Garza Balderrama,5769561008,19
Kimberly Peña Caro,4249167506,20
Sebastián Arvizu Coronado,2660826872,21
Socorro Aldama Rodríguez,3391329249,20
Carlos Vazquez Coronado,6390950417,18
Guadalupe Córdova López,2291020143,19
César Ramos Flores,8950733814,18
Carlos Ayala Moreno,2705348285,23
Kevin Verduzco Domínguez,8119478216,20
Kim Valenzuela García,3386902677,21
Mariana Cruz Arvizu,4741597806,19
Domingo Wong Jimenez,7427362176,18
Karen Mendoza Ramos,6734261091,24
Kenia Flores Flores,0011278908,25
Carlos Mancera Rojas,2784574564,21
Rafael González Ramirez,3776963193,22
Alberto Yanes Garza,1003121594,21
Czarina Garza Galaz,3452579211,21
Alberto Rosas Cuevas,4464956475,24
Teresa Moreno Durazo,2999264869,25
Kimberly Domínguez Mendoza,5127962909,21
América Reza Mata,9513011114,18
César Wong López,2983291610,21
César Elías Mendez,0539941287,20
Mario Ozuna Cabada,1155716768,24
Rosa Rosas Flores,4241140960,21
Ada Gutierrez Valle,7183261738,20
Socorro Pino Rodríguez,4054747162,21
José Galaz Chávez,6311218122,21
José Espinoza Wong,2700202018,24
Kenia Piña Durazo,4660502101,18
María Arvizu Cabada,4593736671,21
Carlos Rosales Heras,3371316646,25
Lourdes Flores Monteverde,9250501216,25
Ada Valenzuela Arroyo,2957651673,24
Kevin Pérez Vazquez,0506153682,23
Elvia Moreno Orozco,9444813946,21
Guadalupe Galaz Cruz,7409602369,20
Domingo Rosales Garza,5482682454,21
Eva Arredondo Ochoa,2784482558,20
Mario Martínez Vazquez,2425655514,20
Domingo Almada Orozco,8349745563,18
Ana Arroyo Espinoza,1826949754,23
Julio Nuñez Peña,9503477942,18
Socorro Rojas Galaz,8968227852,18
César Martínez Tellez,3046522153,19
Kimberly Pino Garza,5084521581,24
Kenia López López,3869337746,18
Julián Almada Aldama,4921129154,22
Brian Arroyo Flores,6255185001,25
José Verduzco Galaz,5974206310,25
Alberto Garza Peña,3129409424,23
Karen Medina Medina,9553084634,19
Rosa Pino Vazquez,6372058298,19
Karina Mata Mendoza,2228130465,21
Carlos Arroyo Cano,8517161521,21
Kevin González Pino,9747399979,21
Raquel Orozco Jimenez,3044629325,25
Karina Orozco Nuñez,3566856245,24
María García Cano,8466034754,23
Rosa Verduzco Durazo,2682099613,18
Kenia Piña Rojas,0867185321,18
Domingo Mancera Ochoa,1408980783,19
Isabel Córdova Cabada,9168279468,19
Adán Romero Garza,9010885076,24
Carlos Córdova Cano,9268444614,25
Regina Cruz Pulido,8711912905,25
José García Ramirez,9295317829,23
Adán Leo Jimenez,5584891296,18
Socorro Cadena Ramirez,2724849116,21
Carlos Yanes Heras,2159069732,18
Raquel Castañeda Pulido,1686251316,21
Rafael Mendez Ayala,5961570353,20
Alan Mancera Heras,4448718847,19
Kevin Ortiz Rosas,6471374283,19
Rosa Wong Martínez,5064034965,20
Mariana Rosales Moreno,8360696199,20
Domingo Chávez Pérez,2525508203,21
Julio López Wong,9277728687,18
Regina Lobo Garza,4195367369,24
Guadalupe Heras Jimenez,4584990808,20
Karen Córdova Aldama,3530284452,21
Karla Valle Islas,5152552697,22
América Coronado Escalante,1591087507,21
Socorro Monteverde Arroyo,2982443027,19
Rafael Islas Jimenez,6047616123,23
Socorro Ozuna Tellez,6857314827,23
Kimberly Verduzco Cuevas,9570476277,24
Teresa Yanes Reyes,4154478371,18
Sebastián Wong Almada,3367332388,24
María Moreno Peña,4645336728,19
Socorro Mendoza Caro,3350972213,21
Teresa Ortiz Aldama,8133940049,24
Brian Balderrama Caro,1162970820,20
Teresa Ramirez Ramirez,1863978077,20
Socorro Calles Calles,7219484979,20
José Cruz Ramirez,2317159333,19
Sebastián Martínez Fernandez,1649069772,24
Alberto Córdova Wong,9629743773,19
Julián Coronado Ayala,0439630868,19
José Caro Yanes,9102507186,20
Mario Monteverde Espinoza,0855057573,22
Luis Cabada Vazquez,6825287094,21
Czarina Almada Rosas,0016535332,23
Ada Reza Castañeda,0331465317,20
Luis Mancera Gutierrez,9055395826,23
Regina Espinoza Ortiz,9208913939,19
Domingo Coronado Encinas,2886761884,22
Rafael Mancera García,2212521537,22
Julián Romero Cruz,4151415133,22
Kimberly Verduzco García,8092406850,22
Mariana Cano Valenzuela,4845622555,24
Raquel Ayala Pérez,6412788007,21
Karla Reza Arroyo,1029292708,20
Ernesto Mendez López,2185524022,25
Isabel Mendoza Balderrama,4940574685,19
Teresa Peña Arredondo,4037542572,25
Alberto Pulido Lobo,5683335620,24
José Orozco Elías,9578082389,20
Brian Fernandez Arredondo,9986611096,22
María López Leo,4408937220,20
Czarina Reza Andre,1895861528,23
Ana Balderrama Nuñez,0728569248,22
César Verduzco Cuevas,6306161588,23
Brian Andre Reza,0608938963,18
América García Balderrama,7393735863,23
Kimberly Durazo Tellez,8453553687,20
América Verduzco Romero,8166124293,25
Kimberly Domínguez Fernandez,2862166863,22
Rafael Domínguez Cano,9769468316,24
Kevin Cadena Romero,0480516174,24
Regina Mendoza Fernandez,2977606795,25
Adán Pulido Piña,3645157602,23
Ada Cuevas Pulido,3535537358,25
Armando Valenzuela Ortiz,4506251071,21
Ema Medina Monteverde,8337559069,24
Sebastián Mata Flores,3466739706,19
Rosa Yanes Orozco,1758973727,21
Regina Leo Rosales,1832481743,20
Lourdes Peña Arroyo,8183032026,24
Teresa López Nuñez,1607911936,19
Raquel Espinoza Aldama,1067383653,23
Kim Monteverde Chávez,1017722750,18
Lourdes Durazo Encinas,1980433064,22
Ana Cabada López,5850722293,23
Teresa Durazo González,8900289741,23
Carlos Caro Domínguez,6880578080,18
Julián Almada Islas,8380493646,19
Ada Nuñez Leo,4314917381,19
Czarina Gutierrez Jimenez,5161996669,19
Julián Aldama Rosas,6323567813,23
Adán Durazo Orozco,2079397899,19
Raquel Córdova Galaz,4557976568,19
José Escalante Arredondo,4124494698,22
Czarina Arvizu Reza,9393549546,21
Kevin Pérez Balderrama,5645059475,21
Armando Rojas Ortiz,4236857582,18
Karina García Arroyo,9861644130,21
Ema Domínguez Tellez,4362479109,23
Luis Galaz Tellez,7943238776,22
Alberto Coronado Islas,5299795272,23
Mario Encinas García,5461690743,21
Raquel Leo Valenzuela,7925416317,24
César Jimenez Orozco,0541582197,24
Adán Ortiz Ramirez,7725060861,19
Ana Pino Martínez,5971425121,19
Julio Fernandez Lobo,2832439439,25
Kevin Mancera Ortiz,5015126055,23
Isabel Ayala Camacho,1950758638,20
César Ortiz Cadena,4754522756,19
Brian Monteverde Cruz,7608370477,19
Sebastián Rosas Chávez,2703950159,20
Alan Islas Reza,0886858570,22
Rafael Escalante Leo,6336458148,22
Fernanda Elías Aldama,4720709007,20
Brian Mendez Yanes,1974290210,18
Julián Flores Ramirez,4693918220,18
Brian González Andre,8287257814,22
Susana Andre Rojas,0680383217,21
Luis Fernandez Alemán,8085727670,25
Juan Gutierrez Rosales,5666480391,19
Luis Orozco Pino,1648679151,25
Sebastián Leo Monteverde,7752516185,23
Julián Arvizu Elías,8051324083,22
Ana Romero Coronado,0111471792,24
Rafael Piña Tellez,6645747041,23
Teresa Peña Nuñez,6666610393,25
Mario Vazquez Rojas,0880962834,18
Ada Ayala Peña,0614833034,18
Julio Medina Rosales,9514932276,24
Ana Cadena Rojas,0957159638,24
Karla Camacho Mancera,2564127952,25
Juan Calles Rojas,7668021508,23
César Calles Mendoza,9157822864,20
Sebastián Galaz Cuevas,4090394611,20
Karla Peña Heras,4616661495,20
Kimberly Islas Ozuna,3054384520,19
Adán Cano Garza,4259809074,19
Sebastián Ortiz Mendoza,9639139417,23
Kevin Camacho Islas,6550832660,21
Czarina Lobo Arroyo,1542754767,21
Luis Pulido Espinoza,8206138230,20
Julio Reza Yanes,4699780127,24
Juan Coronado Rosales,9971908275,18
Ema Verduzco Leo,6373882424,19
Julio Ozuna Gutierrez,7532187161,18
Socorro Balderrama Ramos,7941498540,24
Rafael Tellez Ramirez,3279507679,25
Kevin Domínguez Coronado,2243392783,23
Juan Heras Andre,7138795574,18
Rafael Flores Martínez,0318864969,24
Adán Valenzuela Leo,9170829273,19
María Cano Rojas,5713733523,22
Socorro Wong Ayala,3205800373,19
América Verduzco Yanes,3635739046,24
Eva Durazo Cuevas,7804990502,24
América Garza Mendoza,4933612435,19
Juan Nuñez Coronado,5265330883,21
Isabel García Peña,0948785371,22
Mariana Ramirez Arvizu,7430754888,23
Kevin Camacho García,7685352366,21
Brian López Encinas,6556440914,20
Julián Ramos Moreno,6599827228,23
Juan Vazquez Valenzuela,6699455298,19
Socorro Rojas Heras,3307097986,21
Alan Escalante Cruz,4649445403,21
Ana Aldama Chávez,6724231921,23
Rafael Rojas Calles,4199761964,23
América Rosas Romero,2596615541,22
Czarina Galaz Cano,2114149088,18
Socorro Monteverde Chávez,3655816740,20
Ernesto Balderrama Rojas,0098677356,21
Rosa Reza Cabada,5436626134,22
Sebastián Pulido Aldama,2770504271,19
Regina Chávez Ramirez,4290753244,22
Kevin Pérez Piña,6819243504,19
Eva Almada Andre,1104766436,20
Czarina Ramos Espinoza,9635567811,24
Regina Balderrama Cabada,0205024231,23
Adán Calles Jimenez,6402793391,21
Alberto Almada Rosas,9574138890,18
Mariana Pulido Escalante,3490673088,18
Karina Mendez Cuevas,2589729606,19
Julián Wong Cadena,9858885726,21
Juan Escalante Lobo,3965086378,21
Kim Nuñez González,7012992512,21
Guadalupe Caro Domínguez,2127163782,20
Lourdes Almada Calles,4089709281,25
Carlos Almada Encinas,6498683314,24
Kim Córdova Córdova,3294113405,24
Armando Camacho Valle,6063493638,20
Alberto Verduzco Jimenez,5056022690,22
Juan García Galaz,4843329760,20
Rosa López Almada,7056590881,24
César Andre Islas,9313153263,23
Alberto Pulido Galaz,4992804822,24
Alan Calles Rojas,8138911743,25
Isabel Rosas Andre,8452284821,19
Ernesto Ortiz Verduzco,6813090338,22
Armando Valenzuela Andre,5246547744,23
Domingo Verduzco Rosales,7790826203,22
Brian Islas Orozco,7228258752,20
Ernesto Alemán Espinoza,8233842494,19
Luis Reyes Valle,2289979583,22
Sebastián Fernandez Camacho,7519642500,21
Ernesto Jimenez Rodríguez,8831523454,18
María López Cruz,3460185509,23
Armando Flores Córdova,6320659510,19
Domingo Nuñez Ayala,1813418362,20
Armando López Caro,8634767887,18
Elvia García Ramirez,9362970365,23
Julián Cano Balderrama,0915719954,20
Fernanda Mancera Durazo,4805986353,25
Alan Ramos Encinas,5320900131,22
Brian Galaz Yanes,3786383687,21
Ernesto Vazquez Fernandez,9235123501,18
Alan Leo González,2910276152,21
Brian Ortiz Romero,3955321532,20
Raquel Rojas Ayala,5589528682,20
Elvia Rojas Lobo,5936977869,24
Teresa Islas García,6189955596,25
Alberto Pérez Cruz,8222169953,21
José Almada Galaz,0987769881,20
Julián Ozuna Calles,3675171351,18
América Rosales Cruz,3472601266,21
Karla García Durazo,9727383545,23
Socorro Vazquez Reyes,1861524649,25
Armando Ortiz Arroyo,3240766728,24
Susana Pulido Piña,1359483933,20
Alberto Pulido Reza,5693875760,21
Kimberly Vazquez Arredondo,3437249355,21
Ernesto Caro Orozco,3738476631,23
Fernanda Romero Cabada,6505514925,19
Sebastián Garza Gutierrez,9329675110,19
Juan Elías Domínguez,4753121456,21
Alan Peña Cadena,2739464257,19
Luis González Orozco,0718389373,24
Carlos Ochoa Moreno,1704558623,20
Mario Cano Ochoa,7167450540,18
Julián Espinoza Gutierrez,1895447047,21
Raquel Flores Rodríguez,5096294946,24
Raquel Flores Alemán,1858278841,24
Ernesto Flores Leo,8936778555,21
Alan Piña Balderrama,4052549097,21
Alberto Nuñez Heras,1262176948,21
Mariana Espinoza Gutierrez,9604118761,20
Mariana Yanes Chávez,8398451003,23
Rafael Domínguez Mancera,0279637311,24
Ema Caro Flores,5232860799,18
Julián Balderrama Pino,0427077452,18
Mario Orozco Cuevas,8690692230,24
Kevin Coronado Rojas,4145315313,25
Elvia Espinoza Cuevas,8711580605,21
Mario Durazo Peña,5727248719,18
Julián Cuevas Ramos,7475692681,19
Kevin Moreno Calles,5727369754,22
Domingo Cabada Cuevas,7344486066,23
Adán Almada González,3413302610,22
Domingo Mancera Rosas,5771466533,22
Carlos Pulido Mendoza,9372568172,19
Kevin Cano Piña,9883600887,22
Guadalupe Durazo García,9415743686,20
Kevin Balderrama Orozco,2908927730,22
Kimberly Cruz Valle,0587829996,20
Alan Cuevas Vazquez,5584436245,22
Regina Mendez Espinoza,6491510965,22
Raquel Camacho Mancera,6774602663,18
Mariana Moreno Peña,0390878662,25
Karla Martínez Chávez,8330155325,23
Ada Alemán Garza,1250516591,21
Czarina Durazo Castañeda,9098990658,24
Adán Orozco Encinas,8222997955,21
José Cuevas Vazquez,6997455912,20
Fernanda Rosales Escalante,4742437747,22
Kenia Espinoza Nuñez,4377721330,23
Czarina Jimenez Espinoza,1749668271,21
Ada Nuñez Camacho,9093649831,19
Brian Rodríguez Leo,1019232127,24
Raquel Ortiz Mendoza,2061206316,23
Mariana Córdova Ramirez,4309733159,22
Sebastián Vazquez Piña,3387307003,22
Carlos Mata Cruz,2117181102,23
Kim Orozco Pulido,9771580348,25
Alberto Camacho Flores,2880155346,21
Kim Lobo Chávez,9001968441,25
Julio Domínguez Reyes,4003482735,21
Julio Alemán Fernandez,7330561726,19
José Encinas Fernandez,9622380925,19
Julián Heras Rojas,2921308139,21
Armando Gutierrez Chávez,1759162767,21
Rafael Ozuna Mendez,6391969960,21
Rafael Andre Castañeda,6790783964,19
Socorro Chávez Islas,2484924617,21
Regina Martínez Cuevas,0820737106,20
Carlos Durazo Cadena,3545412535,25
Raquel Arroyo Martínez,7023476430,21
Juan Valle Jimenez,0793632241,22
Rafael Orozco Cuevas,5602465716,25
Adán Pérez Rojas,5661395573,21
Alberto Cuevas Ramirez,0892780079,24
Czarina Cadena Mata,7179956907,23
Julio Cruz Vazquez,9791848251,23
Karla Andre Chávez,7262746194,19
Susana Nuñez Monteverde,0219871864,24
Karen Rojas Ayala,4869567991,22
Luis Cabada Calles,2141156846,18
Alan Castañeda Cuevas,9211908405,23
Luis Lobo Pérez,6253022289,21
Mario Wong Islas,8659947597,23
Czarina Verduzco Heras,2659745901,21
Ema Rodríguez Cuevas,1819031530,20
Ema Rodríguez Peña,9890515779,18
Luis Arvizu Rodríguez,2732387404,23
Czarina Vazquez Fernandez,1003076074,21
José Valenzuela Andre,6173187554,18
Isabel Fernandez Moreno,9581484081,18
Kenia Espinoza Romero,3216777005,21
Mariana Valenzuela Ortiz,9369264205,21
Domingo Yanes Peña,4342875904,21
Isabel Leo Ozuna,2280441612,21
Ema Leo Castañeda,0373565905,23
Kenia Córdova Pino,3535098156,20
Adán Garza Domínguez,8714422693,22
Regina Vazquez Heras,5023567825,21
Julio Castañeda Rosas,4173195880,19
Brian Encinas Cuevas,9363702690,20
América Mancera Pérez,4863094253,23
César Reyes Arroyo,9539202571,21
Ernesto Alemán Almada,4330819186,23
Brian Reza Valle,3967362164,19
Luis Fernandez Fernandez,8273364817,21
Czarina Reyes López,1659750036,23
Sebastián Gutierrez Espinoza,0511960157,18
Alan Cuevas Yanes,7110350951,25
Karen Vazquez Valenzuela,7615266515,22
Teresa Rosas Romero,9225384362,20
Eva Rojas Rosas,7685151152,20
Carlos Cano Nuñez,8731079310,25
Brian Escalante Ayala,6338645439,23
Ana Ortiz Castañeda,7556122996,24
Kevin Arroyo Aldama,9091128307,22
Alan Ayala Cuevas,2973933886,25
Karen Rosas Rosas,6912251757,20
Ernesto Ramirez Islas,8422059901,25
Alberto Monteverde Verduzco,1432117900,20
Regina Caro Jimenez,4184133596,25
Luis Ramos Encinas,7272910571,25
Sebastián Arroyo González,4741629189,22
Mariana Islas Castañeda,6266739601,18
Brian Nuñez Balderrama,4389876907,21
Rosa Tellez García,2685488971,20
Ernesto Ramirez Balderrama,8433979588,21
Carlos Ozuna Gutierrez,5575736487,23
Rosa Rojas Cabada,6703018393,20
Juan Arredondo Rodríguez,3495758658,22
Adán Verduzco Espinoza,7286191407,19
Armando Balderrama Almada,9040052820,24
Ana Rodríguez Galaz,9825389119,20
Alan Reyes Cadena,3241099291,19
Karina Romero Nuñez,5299157573,18
Brian Fernandez Wong,1386411091,25
Sebastián Castañeda Leo,7307313622,20
César Martínez Alemán,8000250972,19
Mario Lobo Camacho,2253153710,23
Ernesto Durazo Elías,0375816084,24
Fernanda Coronado Lobo,2741504003,22
Brian Arredondo Ayala,7818051000,20
María Moreno Mendez,3237766560,20
Adán Mendez García,7108154001,18
José Reza Vazquez,0737122027,24
Rafael Rodríguez Mancera,7151487650,24
Fernanda Pino Coronado,0230443408,24
Socorro Escalante Islas,8795006827,24
Rafael Valenzuela Valenzuela,4429998838,19
Sebastián Piña Cabada,9245405821,18
Adán Garza Nuñez,1637699776,23
Brian Elías Rojas,2268548014,24
Fernanda Espinoza Mancera,8131770847,25
Ernesto Cuevas Flores,2564668119,21
Julián Aldama Yanes,0494329244,19
María Rodríguez Reza,7160068117,22
Ana Mata Espinoza,3284875496,23
Alan Flores Cuevas,2751135187,24
Kim Alemán Ramirez,6869183317,20
Brian Ayala Rodríguez,6473822150,20
Czarina Mendez Peña,5660161158,22
Alan González Almada,6872267272,20
Alberto Andre Nuñez,2663549516,19
Elvia Balderrama Cano,2059409313,24
Karen Ramirez Espinoza,9397262277,25
Julián Domínguez Mancera,9531988297,24
Kimberly Domínguez García,5627876337,23
Eva Heras Rosas,4242047118,19
Julio Martínez Rodríguez,4984751784,18
Julio Almada Coronado,6237401219,22
Mario Almada Nuñez,8204546540,18
José Cruz Pulido,7334868495,21
Ernesto Espinoza López,4525803425,25
Adán Mendoza Wong,4511800735,25
América Valenzuela Valenzuela,1869021782,21
Kevin López Wong,3521135966,21
Alan Encinas García,4790543913,20
Armando Reza Coronado,2603694787,25
Brian Nuñez Heras,2952732823,25
Isabel Córdova Encinas,7712745073,24
Mariana Ramos Vazquez,4961997104,18
Kimberly Verduzco Cano,7259729302,21
Luis Martínez Vazquez,5582627816,23
Rafael Durazo Elías,1817025791,25
Sebastián Arvizu Elías,1222158168,25
Karina García Jimenez,4542150603,25
Kim Ramos Ochoa,4456473162,24
Ernesto Espinoza Durazo,7777847811,25
Teresa Cuevas González,1907263804,23
Domingo Rojas Ortiz,8936790658,18
Ana Wong Reyes,8686675118,23
Teresa Ayala Rosas,7783374047,24
César Elías Arredondo,1113375375,23
Susana Coronado González,8346947011,20
Czarina Rojas Romero,2941646219,22
Raquel Caro Ortiz,4162465788,22
Kim Wong Rojas,4435668414,21
Sebastián Escalante Rodríguez,0340102293,25
Ada Cadena Arvizu,4514146127,22
América Peña Verduzco,9160153519,20
Lourdes Mancera Elías,9141692032,20
Julián Islas Vazquez,6830205205,20
Kimberly Camacho Orozco,9199594731,20
Adán Ochoa Piña,8325821021,25
Alberto Cano Arvizu,2584133704,24
Armando Ramirez Monteverde,3633363311,24
Ernesto Martínez Domínguez,6377820092,21
Fernanda Cruz Mendez,0721894393,25
Alberto Caro Domínguez,8435116399,19
Isabel Vazquez Ozuna,7252678291,21
Julián Fernandez Gutierrez,3860337627,24
Adán Reyes Cuevas,9717232571,24
Ernesto Peña Mancera,1799501245,21
Lourdes Cano Vazquez,3972373599,22
Carlos Jimenez López,5892247075,24
Brian Flores Galaz,0453033275,20
Sebastián Almada Fernandez,1109541979,22
Brian Encinas Vazquez,7321028821,24
Lourdes Gutierrez Castañeda,1392054765,21
Isabel Verduzco Valenzuela,8219234649,21
Ernesto Yanes Wong,4763224334,23
Juan Arroyo Martínez,7978163382,25
Regina López Romero,5491519291,19
Brian Rosales Alemán,3516021887,22
Alberto Mendez Mendez,7127195023,20
Kim Ramos Vazquez,3616880110,19
José Galaz Jimenez,3118512272,22
Kevin Elías Monteverde,8083143284,22
Ada Ramirez Arredondo,3785134633,23
José Lobo Rojas,4789364039,18
Domingo Flores Orozco,3026010030,24
Julián Rodríguez Lobo,2484764266,21
Juan Rojas Rodríguez,4134055167,25
Carlos Fernandez Calles,2629388021,23
María Cruz Reyes,3868110790,20
Mariana Mendoza Yanes,9776701112,19
Susana Ramos Wong,6906030160,20
Rafael Almada Castañeda,2113972907,21
Alberto Caro Cadena,5260709167,23
Mariana Chávez Cano,9385522302,21
Rosa Islas Pino,3911814425,25
Mario Camacho Peña,4568849236,22
Karina Rojas Moreno,6253354489,25
Adán Encinas Ayala,0944538020,21
Karina Andre Jimenez,8186316954,18
Alberto Domínguez Fernandez,2937719685,18
Alan Peña Nuñez,9155767569,23
Susana Cabada Rosas,2861637308,23
Mariana Pérez Martínez,5495773126,21
América Caro Mancera,2942381650,23
Karen Domínguez Arroyo,9452681193,23
Ema Mendez Valenzuela,9301940735,23
Alberto Orozco Almada,5528697847,24
Sebastián Reza Yanes,0880853208,18
Carlos Cruz Pérez,2900797489,20
Ema Mendez Garza,0952117549,22
Rosa Caro Almada,1767199201,20
Lourdes Almada Yanes,8964967766,19
Raquel Nuñez Heras,0200563838,19
Domingo Cuevas Cruz,7959005989,20
Karina Medina Flores,9645258131,20
Kevin Rosales Arroyo,8322018233,20
Raquel Caro Flores,7155088260,25
César Cruz Cruz,9149687926,20
Brian Cadena Nuñez,9076982303,18
Brian Arredondo Coronado,6837702159,23
Ema Camacho Moreno,9712312737,19
Raquel García Ochoa,9010613939,22
César Jimenez Cano,8803399914,19
Armando Cuevas Rodríguez,5086618658,19
Brian Almada Romero,2330354281,25
Ernesto Calles Ayala,0084174746,22
Rafael García Mendoza,2883209729,25
Elvia Romero Reza,8576492705,19
Raquel Flores Garza,3752023353,20
José Fernandez Peña,9879379477,18
José Pérez Aldama,9586428113,19
Alberto Encinas González,2974759221,21
Raquel Rosas Tellez,5434998826,21
Alan Arvizu Yanes,2484460406,20
Czarina Pérez Yanes,6577692375,23
Mario Fernandez Balderrama,9985872078,24
Domingo González Cabada,6679498168,25
Alan Alemán Camacho,3116297958,22
Teresa Coronado Pino,4066163918,21
Elvia Martínez Reyes,9550437248,21
Brian Arroyo Reza,7404494903,22
Mario Balderrama Domínguez,5275358941,22
Ernesto Elías Cabada,5106044990,22
Rosa Nuñez Cuevas,6248389105,22
Susana Andre Calles,0655335713,25
Ernesto Mendez Ortiz,3634746228,22
Juan Ramos Wong,8311610000,25
Carlos Mendoza Mancera,8076836572,21
Guadalupe Almada Wong,8385705000,19
Teresa Valenzuela Aldama,5641633486,22
Julio Piña Flores,2559319183,24
Lourdes Almada Rojas,7235088516,23
Domingo Vazquez Espinoza,5420769858,19
Karina Yanes Ayala,7537158460,18
Juan Escalante Mendez,1579029690,19
Regina Medina Arredondo,2743219665,25
Mario Cuevas Ortiz,2218998942,22
Alberto Encinas Ayala,3401067059,18
Kimberly Arvizu Cadena,8174576820,18
Karina Almada Wong,4202369076,19
Rosa Alemán Castañeda,3936897798,22
Julián Rosales Reyes,0322971708,21
Kimberly Castañeda Arvizu,2593418520,25
Karina Vazquez Leo,2543370638,20
Susana Piña Yanes,9812417428,23
Karina Alemán Espinoza,0630715431,25
Julio Ramos Peña,2346833163,23
Eva Pulido Ochoa,4363678157,21
Guadalupe Elías González,8422574180,22
José Monteverde Rodríguez,8192522429,20
Kimberly Reyes Elías,3571839323,19
Guadalupe Martínez Jimenez,0443193006,23
Kenia Domínguez Orozco,2705114217,23
Adán Arroyo Flores,2626088033,24
Susana Arvizu Ramirez,6894912433,22
Ema Vazquez Reyes,4056185443,22
César Cabada Martínez,9956642846,23
Karla Arvizu Yanes,4751361177,25
María Rodríguez Wong,3881312081,22
Ema Jimenez Galaz,9166443241,18
Czarina Romero Arvizu,3336468323,22
Mario Rosas Ochoa,1727445544,22
Mario Medina Orozco,2249978416,22
Ana Ozuna Arroyo,0758704584,22
Elvia Cabada Orozco,4373542297,20
Mario Tellez García,1804362795,25
César Arroyo Arvizu,4064914234,24
Lourdes Mendoza Monteverde,1741158492,20
César Garza Cadena,3504763364,23
Ana Encinas Heras,5533666444,24
Teresa Valenzuela Rosales,7008920787,22
Karina Caro Calles,0315971412,19
Carlos Elías Rojas,1624608406,21
Juan Pino Piña,2734676105,20
Mariana Balderrama Rosas,3029519502,23
Teresa Garza Durazo,8416579420,23
Ada Almada Castañeda,6692460357,21
Rosa Valenzuela Jimenez,7122347680,20
Ema Mendoza Jimenez,8927143194,21
Carlos Verduzco Galaz,0073889191,19
Eva Cano Balderrama,4886880474,19
Karen Garza Valle,3538200989,25
Isabel Nuñez Castañeda,8542806673,23
Rafael Rosas Peña,5088992352,22
Kim Reza Cruz,0111885563,19
Alan Pérez Mendoza,9215830080,18
Raquel Romero Pérez,1580213341,24
Carlos Chávez Arroyo,7633996961,24
Kenia Ramirez Alemán,1151604711,19
Kenia Aldama Fernandez,2283894398,19
Armando Romero Caro,0700389434,23
Ema Ortiz Chávez,0335154270,22
Guadalupe Cabada Encinas,2316383180,24
Domingo Escalante Ochoa,9979423575,25
Armando Verduzco Arvizu,7282037752,18
José Cano López,2223694658,25
Rafael Chávez Tellez,2842548537,19
Domingo Arroyo Fernandez,9356593440,25
María Cruz Valenzuela,0656006757,24
Kimberly Ortiz Wong,6115037328,18
Fernanda Vazquez Ramos,1620310013,20
Armando Yanes Arroyo,4158482405,24
Socorro Camacho Heras,5134323328,18
Carlos Monteverde Chávez,0606752142,22
Brian Martínez Caro,5544872286,25
Lourdes Pulido Ramos,0119188723,20
Armando Almada Orozco,4710225465,25
Fernanda Cuevas Reyes,3226661011,23
Alberto Arredondo Camacho,1035929613,22
Ema Arroyo Arroyo,2504513125,20
Ana Encinas Cruz,1216312157,22
Isabel Gutierrez Moreno,3425418436,21
Brian Cuevas Castañeda,4963770557,19
Susana Ortiz Cano,1756751380,25
Julián Valenzuela Cabada,8711891979,19
Alan Islas Fernandez,8915925931,20
Fernanda Durazo Reyes,2870170581,19
Karina Rosales Valle,7426084589,23
América Rojas Leo,3485887495,23
Karla Escalante Aldama,5774942443,18
Alan Yanes Cano,2302458530,25
Kevin López Durazo,4204738984,23
Elvia Yanes Encinas,5405295731,19
Fernanda López Cabada,5808067230,25
Alberto Valle Heras,9684992659,25
José Orozco Cabada,9550204338,25
Carlos Encinas Monteverde,3338156287,23
Czarina Escalante Durazo,6527209050,19
Mariana Ochoa Romero,5119063968,21
Ema Rojas Peña,4276398093,23
Guadalupe Gutierrez Pino,9349579800,22
César Mendez Elías,3066143952,25
Juan Chávez Orozco,5951652632,18
Carlos Mancera Ozuna,7445626843,25
Rafael Heras Cabada,9933800801,19
Ada Fernandez Córdova,3092678118,21
Kenia Cano Yanes,7821467196,25
Alberto Escalante Mendoza,1519277132,23
Juan Rodríguez Coronado,0766304962,24
Domingo Aldama Calles,1168613803,22
Juan Cadena Calles,3546225186,22
Kevin Coronado Mendoza,1497636076,23
Kimberly Rodríguez Islas,7093098864,24
César Espinoza Cuevas,5563146615,21
Regina Verduzco Pérez,1850255944,23
Rosa Espinoza Ochoa,8219896885,20
Julián Alemán Reza,0423385740,22
Teresa Ayala Chávez,1302317728,22
Kenia Mata Heras,7152765151,18
Ada Valenzuela García,0131539965,21
Karina Peña Valenzuela,5975301571,21
Kim Caro Pino,1936005761,18
Kenia Lobo Yanes,7283032605,24
Regina Arvizu Rosales,8238950916,20
César Cadena Garza,2943299951,25
Kim Alemán Calles,3058634128,22
Eva Cuevas Islas,1784820299,21
Sebastián Gutierrez Domínguez,4403603117,22
Rosa Escalante Islas,7865792183,21
América Coronado Orozco,5421984181,22
Rafael Medina Reyes,2099930255,23
Mariana Gutierrez Martínez,5841256892,24
Kenia Camacho Reyes,1367571631,18
Carlos Andre Romero,1604870952,19
Karla Yanes Mata,1158372420,22
Julián Arredondo Cadena,2411539985,20
Sebastián Rosales Cruz,0271949591,23
José Reyes Romero,8355892425,20
Ana Córdova Coronado,4711201094,25
Luis Arredondo Medina,7311884925,24
Kenia Wong Ochoa,3132766964,24
Guadalupe Moreno Islas,6524590107,25
Mario Espinoza Arroyo,3686225727,21
Juan Vazquez Cano,7401330015,19
Ernesto Mendoza Caro,8658642892,20
Karina Chávez Chávez,6689349112,21
Mario Wong Córdova,6085852533,25
Ema Ochoa Yanes,5615996957,25
Eva Rosales Nuñez,9923305632,20
Ana Jimenez Rojas,4150382075,22
Karla Pérez Pino,2567574646,24
Lourdes Ozuna Gutierrez,5341478767,18
Susana Pulido Gutierrez,9034160459,23
Luis Ozuna Balderrama,8647595955,24
Carlos Espinoza Verduzco,7139270884,19
Julián Rosas Coronado,7083506947,18
Luis Alemán Heras,3851423134,24
Luis Elías Mancera,8313985336,25
Kimberly Yanes Reza,8333693825,25
Mario Ochoa Domínguez,9464796447,23
Guadalupe Castañeda Ramirez,3957917408,24
Kimberly Tellez Ozuna,8392930882,21
Raquel Chávez Encinas,0945244347,19
Rafael Córdova Ochoa,1581532843,18
Juan Almada Mancera,9111240869,20
Alberto Reyes Pino,2712646028,18
Czarina Leo Cabada,3262551706,18
José Arroyo Piña,6714085577,18
Kim Camacho Mancera,1293769540,19
Armando Cano Monteverde,2894520611,22
Luis Rojas Encinas,1065036196,20
Karen Reyes Valenzuela,5214018695,18
Lourdes Domínguez González,0109862603,21
María Yanes Calles,8390846701,25
Alan Escalante Ayala,0527154475,25
Kimberly Valle Almada,2619313258,22
Rosa Gutierrez Cuevas,4107555987,25
Raquel Lobo Peña,8963269256,21
Julio Coronado Cadena,8346587361,23
Alan Ortiz Cano,8821424583,20
Susana Jimenez Elías,0038899031,23
Julián Balderrama Vazquez,6011711473,23
Adán Nuñez Rosas,3883211924,25
Alberto Balderrama Durazo,3753491427,23
Sebastián Arvizu Valle,1738649360,21
Kimberly Islas Wong,9044854183,21
Kevin Almada Coronado,6135895297,22
Ema Castañeda Domínguez,8196943079,22
Fernanda Andre Moreno,8280047784,23
Juan Islas Medina,5154977698,24
Ana Monteverde Orozco,2642989135,24
Kim Fernandez Andre,8705106969,21
María Chávez Córdova,9796310643,25
Raquel Heras Castañeda,2564263602,18
Karina Gutierrez Ortiz,8794040316,19
Karina Balderrama Cano,0914901572,20
César González Cruz,5934698810,20
Sebastián Domínguez Pulido,9782345440,18
Julián Mendoza Peña,3151570580,24
Guadalupe Reyes Rojas,5963348365,21
César Galaz Ozuna,6916356893,23
Domingo Ochoa Fernandez,6031559282,21
Domingo Medina López,3936520670,24
Mario Verduzco Tellez,9875565556,21
Susana Durazo Andre,0180493986,22
Rosa García García,7503677186,25
Kimberly Piña Fernandez,9533103699,20
Kimberly Aldama Cuevas,9714147619,23
Elvia Islas Domínguez,2519663365,24
Alan Arroyo Valenzuela,0746826284,21
Isabel Pérez Elías,6041613821,21
Kevin Romero Peña,3527951265,20
Sebastián Valle Almada,0661732489,20
José Arroyo Arredondo,0046982391,18
Ada Mata Rodríguez,4253415086,22
Rosa Cadena Chávez,6195126948,25
Kevin López Córdova,8857409317,18
Kimberly Medina Cano,0871925445,21
Karla Jimenez González,9778391507,22
Adán Pulido Moreno,5575983591,20
Sebastián Rodríguez Galaz,1525811439,19
Socorro Pino Rojas,2639691153,20
Juan Verduzco Leo,0464549844,18
Regina Monteverde Aldama,7718901974,19
Rafael Rojas Escalante,3221710953,20
Kevin Camacho Mendez,1517013286,19
José Martínez Heras,6389017285,25
Guadalupe Ortiz Espinoza,8220696754,24
Karla Arredondo Mendez,6006635468,24
Karen Chávez Galaz,9295756350,25
Karina Reza Pino,6834043595,22
Karina Lobo Heras,4584939171,19
Luis Balderrama Ayala,1309056505,23
Ana González Ramos,0912619305,25
Brian Aldama Orozco,3012039355,22
Eva Andre Ortiz,5284834882,22
Carlos Ramirez Flores,3879310503,18
Juan Flores Pino,4983037018,23
Rosa Espinoza Mata,3099251232,25
Rosa Ayala Chávez,7326802756,20
Carlos Elías Elías,4563333144,22
Kim Chávez Cabada,6887754053,19
Fernanda Arvizu Rosas,6736451062,19
Lourdes Orozco Cabada,4439836476,24
Mariana Andre Mata,6231570699,21
Socorro Coronado Lobo,3989499946,19
José González Encinas,9212551763,21
Fernanda González Reyes,3010257394,24
Kenia Islas Ozuna,3935684101,19
Regina Ayala Nuñez,1551563404,20
Kevin Orozco Mata,5380549624,24
Luis Almada Arredondo,1217725439,21
Luis Orozco Ayala,1098979067,21
Raquel Pino Moreno,9153984393,24
Kenia Mata Valenzuela,2920780237,24
Rafael Orozco Romero,4691404996,18
Adán Ochoa García,0312212498,23
Sebastián Leo Chávez,0299925303,23
Carlos Ramos Rosales,5231192253,22
Czarina Nuñez Chávez,6333681575,22
Karla Andre Cadena,8774721121,19
Julián Lobo Arroyo,4444569988,23
César Castañeda Cruz,8470233522,18
Alberto Pino Garza,9996501628,22
Ernesto Cuevas Vazquez,8211330149,24
Raquel Pino Reyes,2608467951,19
Karina Reza Ramirez,0574090260,20
Carlos Mendez Lobo,0740804962,25
Susana Garza Ayala,2020898217,19
Julián Domínguez Mendoza,4624897267,19
César Mata Caro,2844877163,25
Julián Ramirez Arredondo,4849420519,23
María Cuevas Peña,7699142922,23
Armando Monteverde Peña,0337779671,20
Elvia Cruz Valle,0467558052,22
Kevin Valenzuela Aldama,3705169774,18
Eva Heras Nuñez,4498029840,18
Kevin Vazquez García,2133042143,24
José Cuevas Medina,4629534649,21
Rosa Nuñez Galaz,7067039963,20
Brian Cuevas Alemán,6444348331,20
Ernesto Ayala Escalante,9818085733,20
Alan Valle Espinoza,8755866977,19
Ana Elías Cabada,3818032866,20
Juan Cano Fernandez,5659391294,24
Adán Mancera Ramirez,0111329623,19
Fernanda Heras Verduzco,4702882188,22
Isabel González Domínguez,7616444229,23
Fernanda Ortiz Rodríguez,4042856681,18
Elvia González Mata,9003025630,18
Ernesto Coronado Mancera,1911737388,23
Ema Coronado Arredondo,7856664996,20
Carlos Mendez Caro,3275765175,22
Raquel Ayala Garza,0696837252,18
Mario Mendoza Balderrama,5456777776,20
América Encinas Coronado,0053839110,22
Ema Ramirez Ayala,4493539772,23
Regina Flores Coronado,1679772507,20
Domingo Rosales Rosas,8631224070,21
Alan Flores García,7882062168,18
César Islas Andre,2591726789,20
Raquel Ortiz Coronado,8767530218,19
Mariana Espinoza Mancera,7413520386,22
Ana Lobo Castañeda,2777069082,25
Alan Arredondo Rosas,1696754756,20
Czarina Gutierrez Ramirez,9020498591,21
José Reza Balderrama,2516386240,25
María Ramos Medina,3526324937,22
Luis Fernandez Escalante,2269416833,22
Guadalupe Vazquez Flores,0431695417,24
Kenia Rojas Heras,0663456081,18
Sebastián Rodríguez Valenzuela,4473610810,21
Adán Mancera Yanes,9097509937,19
Luis Moreno Almada,4973356390,20
Julio Romero Galaz,4337344993,20
Ema Cruz Ramirez,8076806927,18
América Mendez Tellez,0214824641,20
César González Castañeda,3058240666,20
Karina Camacho Garza,8302094288,20
Julio Fernandez Cabada,1597743057,21
Adán Ozuna Jimenez,2713802560,22
Alan Arvizu Jimenez,7230862986,21
Kenia Gutierrez Jimenez,7803577722,23
Rosa Nuñez García,3386953711,18
Teresa Elías Verduzco,4960956577,21
Juan López Pulido,0825259285,23
Sebastián Arvizu Flores,7103183730,18
Karla Domínguez Encinas,3675661203,23
Julián Escalante Castañeda,3528356235,25
Domingo Orozco Lobo,8803658927,22
Julián Andre Espinoza,4586692858,24
Juan Martínez Leo,4475479084,22
Kim Cuevas Encinas,8053660492,20
Kevin Piña Rojas,8661275053,18
Carlos Castañeda Mendoza,0911647507,22
Ernesto Martínez Verduzco,4127008987,19
Rosa Elías Coronado,7056192270,25
Guadalupe Cano Coronado,5918853794,22
María Arroyo Yanes,3779773520,24
Mariana Rojas Calles,3150013362,22
Luis Orozco Mendoza,3922774892,23
Regina Gutierrez Fernandez,7417900701,23
Rosa Espinoza Mendez,0062391264,25
Teresa Garza Arvizu,4513039466,20
Ana Ramos Heras,3612090502,18
Elvia Pérez Valle,3877377953,19
Armando Pérez Coronado,4656610311,19
Guadalupe Mendoza López,7851952253,23
Regina Arvizu Cadena,2918947142,25
Ana González Medina,9684203590,23
Luis Cadena Valenzuela,0661448123,23
Fernanda Gutierrez Ramos,8317124461,24
José Córdova Islas,2075458204,20
Eva Ochoa Balderrama,6745360448,18
Kenia García Jimenez,8613371942,23
Luis Ramirez Yanes,3041145437,21
Ema García Ayala,0664052291,18
Socorro Verduzco Arredondo,1663610319,18
Isabel Pulido Pino,8431377456,18
Teresa Cruz Ayala,2300426559,21
Susana Galaz Ayala,5000171603,21
César Mata Rodríguez,4555709380,24
Mario Cruz Nuñez,6670669110,20
Luis Escalante Aldama,1061541769,20
María Medina Verduzco,2402789836,23
Regina Tellez Pulido,6900228242,21
Mariana Medina Leo,3828450883,22
Karen Reyes Arredondo,9515285458,23
Teresa Monteverde Mendoza,5832342421,24
Domingo López Rojas,3463539588,20
Socorro García Moreno,0080934430,19
Kevin Galaz Leo,2297576879,19
Carlos Domínguez Arroyo,4707107756,25
Eva Córdova Leo,2494030067,25
Ema Cano Nuñez,9487893979,25
Kim Coronado Camacho,3398187877,20
Susana Cadena Ramos,9698529382,22
Alberto Durazo Verduzco,2825409312,19
Luis Peña González,0839654593,18
Brian Castañeda Cadena,0298193116,20
Sebastián Gutierrez Galaz,5939703367,19
Ada Camacho Leo,0755246626,24
Karen Ramirez Cadena,2230543442,23
Julián Reyes Calles,0906976519,22
Karla Balderrama Andre,7387436198,19
Socorro Rosales Rosas,2383959538,22
Adán Pérez Arredondo,9385175024,18
Domingo Reyes Mancera,9009931495,25
Kimberly Leo Ozuna,5565641072,24
Kimberly Heras Valle,7788784129,19
Brian Valenzuela Verduzco,1110843623,24
Kenia Mendoza Mata,5944402824,22
Ana Mancera Galaz,4443882063,23
Karla Coronado Peña,9521798385,20
Czarina Elías Fernandez,8513568253,23
Guadalupe Valenzuela Arvizu,9179699305,22
Ema Ochoa Mata,7396574282,18
América Wong Mendoza,3800073527,20
Mario Rojas Pulido,0187994483,24
Mario Mendoza Medina,5024448876,21
Ana Fernandez Peña,5623222641,19
Rafael Encinas Monteverde,9859361366,21
Kevin Rojas Pulido,5960081839,20
Fernanda Caro Cuevas,2631371775,18
Domingo Arroyo Pulido,8071902434,20
Adán Cruz Coronado,9096183438,19
Sebastián Rodríguez Nuñez,4975005068,23
Adán Islas Rojas,9649807732,20
Lourdes Rosales Moreno,3035056744,23
Raquel Caro Arredondo,2717871363,25
Luis Peña Cabada,7031706659,21
Sebastián Fernandez Espinoza,0991348240,20
Isabel Jimenez Mancera,0429592766,21
César Espinoza Escalante,8784995177,24
Carlos Encinas Galaz,6267186439,20
Karla Ozuna Verduzco,2060362302,25
Rosa Elías Mancera,3808140303,22
América Lobo Rosas,8338345452,19
Susana Leo Alemán,5907863001,25
Kim Peña Arroyo,2926994949,18
Mariana Durazo Calles,7983192571,24
César Fernandez Arroyo,7471892648,18
Sebastián Cadena Cano,2241865590,24
Rosa Domínguez Camacho,7928456967,18
José Galaz Arroyo,2556095514,19
Elvia Peña Yanes,5662681701,19
Lourdes Alemán Castañeda,2259498506,25
Brian Monteverde Cadena,2874961031,24
Adán Aldama Vazquez,7575374427,25
José Cano Arvizu,4667114204,19
América Ozuna Martínez,9918498466,25
Karen Coronado Islas,9228366816,19
Rafael Gutierrez Galaz,5353032343,21
César Leo Encinas,9759765669,18
Domingo González Castañeda,9287830109,21
Carlos Mendoza Jimenez,5846853639,18
Elvia Arroyo Moreno,6643018503,18
Ernesto Romero Garza,3853026666,23
César Cuevas Balderrama,4011902591,19
Kenia Córdova Nuñez,8960910029,23
Julio Cruz Heras,4107764092,21
Karen Mendez Valle,6847074285,18
Ana Ramos Encinas,2884963808,24
Carlos Garza Islas,4599559773,22
Alan Medina Reyes,2459580624,19
Guadalupe Castañeda Galaz,8643423533,23
Rosa Rosas Rojas,1379071111,22
Mario Islas Elías,3859787456,22
Mariana Yanes Mendoza,1955550977,25
Mario Arroyo Pino,0998849318,18
Rosa Valle Wong,8752442841,25
Mariana Galaz Cruz,6384958036,23
Czarina Arroyo Gutierrez,6517827791,20
Sebastián Ramos Tellez,1389328799,20
Rafael Lobo Heras,8279727842,21
Juan Ozuna Arroyo,4961759699,24
Julio López Arredondo,7064505888,20
Teresa Ayala Pérez,7539410848,24
Ana Arroyo Durazo,6146070411,19
Lourdes Rojas Leo,0802484455,24
Domingo Gutierrez Heras,2486297106,19
América Pulido Chávez,7843447676,21
Guadalupe Andre Lobo,2818580666,19
Isabel Ramirez Durazo,0226118545,20
Ernesto Cruz Yanes,0830307928,21
Ada Tellez Balderrama,0335271134,20
Mario González López,4728075485,25
Karen Lobo Córdova,2454549660,19
Ada Garza Cadena,8818415961,21
Julio Nuñez Tellez,0585428088,19
Luis Piña Reza,5458837943,21
Kevin Escalante Rojas,5200344153,22
Karla Durazo Nuñez,3709516967,24
Domingo Pérez Cano,6418956284,22
Lourdes Domínguez Lobo,1065990502,19
Ernesto Martínez López,6812679319,24
César Arredondo Aldama,3932656121,23
Karina Tellez Córdova,6411569899,24
Alberto Galaz Mendoza,3488105402,23
Fernanda Andre Pérez,5284958769,22
Sebastián Rojas Ramos,0910477212,20
Ana Valle Islas,5768486730,18
Alan Andre González,5286883394,24
Luis Pino Cano,7513771002,19
Kim Leo Garza,6568560678,19
Eva Pérez Peña,8934372293,18
Kim Flores Cabada,6933828102,23
Guadalupe Arredondo Wong,5567195350,24
Isabel Encinas Monteverde,0628709954,25
Alan Flores Ozuna,9142871612,20
Juan Monteverde Islas,0516274299,23
Susana Fernandez Ayala,9773775051,18
José Aldama Mata,1477433013,20
José Domínguez Medina,9196015605,21
Eva Alemán Espinoza,5833293027,18
Ema Mancera Reza,9201853704,22
Alberto López Yanes,1028439239,20
Susana Aldama Monteverde,9155403519,21
Mario Ochoa Rodríguez,6600406594,18
Karen Rosas Calles,1588481088,21
Elvia Pino Calles,8522424953,18
Alan Yanes Andre,3933648721,19
Armando Vazquez Garza,2048247410,23
Julián Vazquez Rosales,9825133118,22
Isabel Cadena Rosales,5167706608,21
Domingo Cano Ozuna,1187281709,24
Raquel Islas Calles,6016339524,19
Ada Flores Mendez,1484332235,24
Raquel Medina Verduzco,8347108814,19
Alberto Elías Pino,4175482966,20
Guadalupe Wong Arroyo,1454368208,25
Czarina Pérez Nuñez,6917380875,23
Ernesto Tellez Escalante,4164690839,20
Eva Tellez Ayala,0134226225,21
Ada García Vazquez,3311904637,24
Kimberly Valle Fernandez,3947134417,23
Luis Fernandez Ayala,3862111987,20
María Encinas Leo,0262615927,19
Ema Alemán Domínguez,7354088653,18
Kenia López Ozuna,5980815448,25
Luis Camacho Mata,1934483064,21
Domingo Monteverde Cuevas,1761376006,20
Julio Lobo Monteverde,6961578909,21
Ada Rojas Ortiz,5908389321,19
Fernanda Córdova Verduzco,2915762674,24
Susana Escalante Cabada,1821889357,23
Alberto Domínguez Rodríguez,7944786370,18
Kenia Andre Ramirez,5869193724,19
Luis Rodríguez Ochoa,9175496539,25
Fernanda Jimenez Ochoa,0720127087,21
Kenia Mancera Arvizu,5212445284,23
Ada Galaz Chávez,7030320420,18
Luis Valenzuela Romero,2941203246,24
Armando Arredondo Mancera,9468369963,21
Ernesto Elías Martínez,0953018299,22
Ada Medina Cadena,0930402822,24
María Coronado Reyes,2456996722,25
Eva Gutierrez Caro,7718299912,20
Eva Monteverde Córdova,0578151878,22
Julio García Córdova,0142337759,24
Ernesto Cano Ramirez,6624552555,20
Lourdes Yanes Aldama,9591351178,21
Socorro Fernandez Pino,5086440782,20
Luis Andre Vazquez,7668079718,23
Sebastián Ramirez Castañeda,3630574849,20
Kenia García Peña,5234341379,20
Julio Rosales Alemán,6935885858,23
Julio Fernandez Calles,7985456640,18
Armando Andre Orozco,8101802217,23
Ernesto Mendoza Aldama,2717145045,25
José Encinas Orozco,9879518921,22
Fernanda Valenzuela Peña,9025037613,19
Carlos Islas Romero,3080929177,22
Teresa Valle Yanes,1751296604,18
José Ozuna Ortiz,6882953489,22
Ana Ayala Camacho,9110961333,19
Elvia Rosales Heras,8475616340,24
Raquel Rosas Garza,8140445916,25
Julio Cadena Valle,7185217540,24
Brian Reza Garza,1821825828,21
Domingo Cadena Cadena,7330532662,19
Alan Heras Islas,6299985661,24
Lourdes Nuñez Monteverde,4203888034,24
Ema Cabada Balderrama,3618968537,24
Rafael Mata Andre,3248418383,20
Susana Yanes Vazquez,1312208270,19
María Mata Piña,5104254936,18
Rafael Elías Domínguez,1655901883,25
Lourdes Martínez Elías,0351456482,20
Armando Durazo Romero,6308354225,22
América Córdova Orozco,7505512077,22
Carlos Arroyo Rosales,6285312320,23
Susana Yanes Garza,5617139433,21
Ema Arroyo Vazquez,6714602972,24
Mario Nuñez Camacho,3934531431,22
Brian Aldama Piña,9719109316,22
Adán Espinoza Orozco,3115969569,21
Karina Vazquez Aldama,3993274520,23
Julián Ramos Reyes,4131422275,18
Julio Andre Rojas,4779172532,20
Adán Cabada Ozuna,4306832414,24
Alan Ortiz Heras,4993063601,22
María Calles Pulido,6080065899,18
Adán Islas Ramos,9293881800,24
Mario Calles Flores,0109966430,22
Sebastián Cruz Peña,2672177009,21
Adán Moreno Vazquez,7403204670,24
José Galaz Mendoza,7162433107,20
Adán Córdova Nuñez,2241607657,19
Lourdes Balderrama Córdova,6584097722,23
Eva Lobo Nuñez,4569145722,24
Mariana Galaz Pino,8375203649,20
Guadalupe Arroyo Galaz,0010078907,20
Armando Flores Cabada,6291654530,20
Mariana Gutierrez Domínguez,3096439728,22
Brian Cabada Arroyo,5354078902,19
Karen Encinas Pino,6988386324,23
América Andre Espinoza,0874093319,24
Isabel Verduzco López,3965367361,21
Socorro Rosas Valle,6972945413,24
Alan Monteverde Encinas,2687199741,20
Mariana Andre Escalante,2647153046,21
Isabel Pulido Rojas,7672650308,24
Isabel Elías Escalante,8516464527,18
Karen Arroyo Escalante,4283403631,22
Ernesto Elías Escalante,3584113271,18
Brian Arvizu Nuñez,1577025963,20
Mario Córdova Rosas,9042148753,21
Adán Valenzuela Ochoa,6296416240,21
Mario Peña Domínguez,3607267500,23
Rosa Ortiz Pulido,4199389828,21
Ernesto Ortiz Monteverde,8032190035,21
Kevin Arredondo Cuevas,2940993275,24
Ana Arroyo Garza,1257942035,25
Luis Heras Arvizu,5513824360,25
Teresa Rosales Espinoza,5753097773,21
Ada Cabada Medina,2733101659,21
César López Leo,6223872499,19
Alberto Cadena Domínguez,7555185347,18
María Mendoza Romero,6280466170,25
Ana Nuñez Durazo,5134231033,21
Mariana González Rodríguez,2746869524,18
Luis Rosas Durazo,2576245938,19
Kenia Coronado Yanes,7151122935,22
Raquel Rosales Cadena,8336210649,24
Mario Mendoza Lobo,6088719151,18
Ernesto Arvizu Martínez,3663962023,25
Raquel Garza Peña,1035359814,21
Elvia Ramos López,8269257386,22
Susana Gutierrez Cabada,2613885613,24
Armando Valenzuela Ochoa,3701964869,20
Ernesto Escalante Peña,9502944951,25
Teresa Encinas Cuevas,8736327431,21
Kim Pino Ramirez,8632981449,25
Regina Chávez Durazo,1958270922,18
César Ramos Jimenez,9104141132,21
Karen Balderrama Arroyo,4939755692,22
Julián Monteverde Andre,9400302735,24
Guadalupe Durazo Fernandez,3684420187,23
Brian Rojas Andre,8218594378,21
Sebastián Domínguez Mancera,1402059895,23
Carlos Calles Cadena,0842002408,23
Susana Flores Monteverde,2044260060,19
Raquel Pérez Alemán,7446775592,24
Eva Coronado Cadena,8497484605,22
Regina Reza Medina,9763770335,20
América Pérez Galaz,7185294210,21
Elvia López Calles,6610001450,25
Luis Orozco Ramirez,8179528771,25
Kimberly Valle Camacho,8109063015,20
Susana Ozuna Ramos,4020614442,22
Julio Heras Pino,9964544242,24
América Medina Almada,4201178524,22
Raquel Córdova Romero,1713956672,22
Domingo Fernandez Elías,8274844835,19
Kevin Ochoa Córdova,3733994128,25
Kim Orozco Encinas,0740392903,20
Luis Alemán Cano,6488868930,25
Rosa García Piña,6049834142,25
Susana Caro Lobo,0352488772,25
José Mendez Vazquez,7892189142,21
María Rosas Aldama,0241715268,24
Czarina Encinas Moreno,6270812883,21
Brian Monteverde Durazo,0880392090,25
Eva Elías Ozuna,7881141594,22
Socorro Rodríguez Martínez,0657985359,24
Brian Ozuna Piña,8062441527,20
Julián Ochoa Mata,7491436124,22
Karla Escalante Wong,0721340380,25
Susana Chávez Vazquez,9984175484,24
Domingo Balderrama Ochoa,2751925010,24
Elvia Mata Piña,3698294879,25
Julián Ozuna Martínez,9997997681,19
Rafael Gutierrez Córdova,8887459799,23
Brian Pino Camacho,6142414835,23
Elvia Mancera Rosas,2903823757,18
Kevin Arroyo Pérez,0264665277,20
Brian Arredondo Camacho,3822981173,24
Lourdes Alemán Vazquez,1866227313,20
Kevin Rosales Romero,3327501772,20
Kenia Reza Monteverde,0788349460,22
Armando Arvizu Arredondo,2083628565,22
Kevin Cabada Arroyo,3277144579,25
Rafael Mendoza Balderrama,5764751489,20
Kimberly Coronado Ramos,6123518436,21
Kenia Rosales Moreno,1541040470,19
Regina Islas Fernandez,0026132085,24
Luis Rosales Espinoza,6591926133,22
Fernanda Pino Galaz,1795453234,20
Raquel Valenzuela Piña,2409092143,24
Susana Elías Coronado,6306051962,21
Kenia Piña González,4988656356,23
Susana Rojas González,3212968082,23
Ada Reza Rosales,9039946365,22
Elvia Escalante Reyes,3431737233,21
Rosa Domínguez Cabada,2863569940,23
Kenia Balderrama Caro,4675118469,24
Carlos Andre González,7961093275,23
José Fernandez Ramirez,8144245238,24
América Espinoza Wong,2997053101,22
Rafael Jimenez Pulido,3516398832,24
Ana Leo Andre,1368290604,18
Regina Reyes Espinoza,5889450928,18
Czarina Ozuna Córdova,1140247256,21
Kevin Alemán Rosas,5371156288,18
Eva Heras Calles,1944694389,22
Rafael Cuevas García,6385510911,22
Luis Rosas Ozuna,7522683587,24
Regina Nuñez Islas,7587048510,24
Julio Rosales Monteverde,2173292441,22
Sebastián Mendez Nuñez,6663386655,24
José Rodríguez Ayala,4493652655,22
Mariana Encinas Piña,3992817090,18
Mario Valenzuela Reyes,3908533390,24
Adán Ramos Jimenez,7639566921,19
América Fernandez Tellez,6057942141,24
América Medina González,3536488313,19
José Elías Flores,9224114499,25
Luis Andre Ochoa,6563218091,25
Rosa Mata Cruz,1419793858,19
Alberto Aldama Ortiz,7923630976,24
Luis Ortiz Leo,3509723781,18
Sebastián Camacho Mendoza,1008964775,19
Karen Arvizu Córdova,7594339881,18
Lourdes Balderrama Elías,7422762970,19
Rafael Pulido Martínez,4355422219,20
Rafael Rodríguez Ozuna,8464292789,19
Elvia Heras Cabada,7922885822,19
Ema Espinoza Lobo,5709721231,24
Rafael Valle Aldama,3570096502,23
Ema Orozco Arroyo,4623257598,18
Brian Ramos Encinas,1402202988,22
Socorro Pulido Castañeda,2639669443,24
Luis Islas Rojas,3193163762,18
Sebastián Garza Escalante,4915676547,23
Ana Ramirez Cadena,2648321187,24
Eva Escalante Ozuna,1740487433,22
Susana Córdova Jimenez,2965227099,20
Karina Rosas Pulido,3807027116,22
Socorro Ochoa Domínguez,6934184900,21
Adán Rojas Cruz,2253479498,19
Ema Martínez Nuñez,3769064325,22
María Medina Encinas,7674414824,24
Raquel Martínez Orozco,8162305829,20
Ada Arvizu Mata,8470594327,23
Guadalupe Balderrama Arvizu,8976552040,20
Elvia Monteverde Galaz,8719408563,25
Domingo Moreno Monteverde,1084654708,20
Juan Ramos Durazo,9479794095,24
Julián Andre Mata,2393350632,22
Armando Domínguez Ramirez,9930107520,18
Susana Córdova Leo,7859968490,25
Sebastián Moreno Valenzuela,8304464760,22
Rafael Durazo Yanes,7540865811,18
Ana Castañeda Piña,7874114445,21
Sebastián Nuñez Piña,0347628963,25
Fernanda Flores Fernandez,8275738342,24
Teresa Medina Fernandez,9975085692,24
Alan Rojas Arroyo,7718303807,25
Teresa Alemán Calles,1649020007,25
Kevin Arredondo Vazquez,7593697927,20
Ernesto Almada Cruz,9766385874,19
Mario Almada Valenzuela,1761214814,18
Julio Arroyo González,4174871798,22
Domingo Chávez Calles,3486729221,20
Kenia Valenzuela Yanes,3643797170,24
Domingo Gutierrez Pulido,3103468624,19
Susana López Ochoa,0027629868,25
Mariana Encinas Cadena,9627490592,20
Armando Mata Arredondo,8045097769,22
Kimberly Mancera Ayala,1213454540,25
Fernanda Galaz Ortiz,0125148913,21
Elvia Medina Cano,2249775743,20
Kenia Islas Domínguez,8172571557,21
Julio Ozuna Córdova,1963712503,19
Domingo Aldama Rodríguez,9808104573,19
Socorro Ortiz Galaz,7298410384,21
Domingo Peña Flores,9856540285,22
Juan Pulido Andre,1102594955,23
Rosa Gutierrez Wong,3630374671,23
Sebastián Rosales Cuevas,1429299096,21
Carlos Espinoza Gutierrez,8789409303,21
Luis Monteverde Heras,2337379228,22
Domingo Yanes Mata,5160696360,21
Karen Mancera Monteverde,1282797262,23
Sebastián Andre Vazquez,8626102427,23
César Cano Reyes,2060550644,24
Domingo Aldama Jimenez,7566092468,25
Eva Verduzco Cabada,5860233687,22
Rafael Ortiz Reza,4234297344,18
Sebastián Cano Monteverde,5564068081,18
Czarina Moreno Rodríguez,3343398038,22
Kenia González Rodríguez,0903326733,23
Alan Mendez Orozco,8939403320,24
Karen Pino García,3185585618,21
Karla Yanes Pérez,0661335830,21
Adán Cano Caro,9533204680,20
María Romero Garza,6346394212,19
Sebastián Heras Escalante,2395201813,24
Brian Elías Lobo,0346735777,23
Elvia Ozuna Arroyo,1806055963,19
Rafael Caro Reyes,6793589599,20
Mario Flores Pino,5604446744,23
Susana Cruz Romero,2337553258,21
América Jimenez Valenzuela,8167871595,23
Adán Andre Flores,0673826183,22
Regina Cano Reza,2017388527,25
Ernesto Ozuna Domínguez,3590189837,19
Teresa Domínguez Cano,7700017234,23
Armando Valle González,3487045349,23
Mariana Martínez Valle,2775448955,19
Luis Verduzco Aldama,6003843708,20
Armando Reza Reyes,4401382314,22
Regina Domínguez Camacho,5204143591,22
Sebastián Valle Flores,3854612560,24
Juan Ochoa Coronado,2463278188,21
Alan Camacho García,0452454791,21
Kenia Ozuna Castañeda,8340785189,20
Karina Alemán Wong,3855903090,20
América Elías Cabada,2381481273,23
Kevin Galaz Flores,9360492702,19
Julio Camacho Rosas,3045871714,21
Czarina Valle Almada,1850154059,19
Ada Andre Reza,4156550818,22
Raquel Domínguez Gutierrez,3844497845,22
Julio Monteverde Fernandez,7523910923,24
Juan Cruz Rosales,0899622328,18
César Peña Almada,6923603439,19
Eva Cuevas Leo,0183427497,23
Alberto Wong Valenzuela,3173149705,20
Raquel Ochoa Aldama,7592914080,25
Susana Castañeda Verduzco,4300371188,25
Brian Camacho Heras,0366751081,23
Guadalupe Castañeda Arredondo,4321832886,21
Mariana Encinas Jimenez,6281012606,24
Sebastián Vazquez Medina,5933266767,20
Rafael Gutierrez Valle,1165029216,25
Czarina Islas Encinas,5784280646,22
Alan Andre Verduzco,4466445566,21
José Wong Rosas,6716478359,23
Armando Cuevas Heras,0722551151,18
Adán Tellez Pérez,1597956838,20
Elvia Rosas Mendoza,1264001046,23
Alberto Castañeda Vazquez,0060399160,20
Carlos Espinoza Valenzuela,0089417244,18
María Romero Calles,6033342167,20
Kevin Pérez Domínguez,6288681392,19
María Ochoa Orozco,7259583499,23
Guadalupe Reza Caro,9262579605,25
Rafael González Mendez,9337020649,19
Isabel Cuevas Heras,0104610205,25
Karla Rodríguez Calles,7823657844,18
Susana Mendez Rosales,4818924049,19
Elvia Calles Jimenez,3043778446,21
Alberto Espinoza Escalante,5192063439,19
María Aldama González,8378733468,22
Kenia Lobo Garza,2361212736,21
Julián Ramos Galaz,5082751374,25
Luis Caro Caro,8369392920,21
Alan Valle Durazo,6467963067,22
Alan Rosas Almada,0073314450,21
Karen Tellez Castañeda,3080975125,19
María Wong Reyes,4867659416,23
Karina Peña Caro,2498262592,21
Czarina Calles Calles,1773816217,22
Karla Islas Cabada,5885213238,18
José Heras Orozco,2331322950,23
Mario García Calles,8545754401,21
Adán Wong Wong,9015455868,22
Alan Camacho Aldama,4094676300,20
Domingo Monteverde Moreno,4725129674,20
Czarina López Peña,2544598349,23
Kevin Wong Peña,7015090738,20
Teresa Martínez Leo,9999899217,21
Luis Calles Nuñez,9626075133,19
Karina Arroyo Almada,0286196186,18
Domingo Fernandez Piña,7179582150,21
Mariana Leo Escalante,9923781696,24
Luis Aldama Moreno,2738900525,18
Lourdes Verduzco Monteverde,5065902098,23
Ernesto Galaz Cruz,3435396144,23
Karla Cuevas Rosas,2066503570,20
Brian Chávez Mendez,0769948995,19
Socorro Orozco Galaz,5585544573,25
Regina Mendoza Elías,3993479710,25
Mariana Mancera Coronado,5585010582,20
Karen Galaz Arredondo,6749354834,22
Karen Valle Rodríguez,4222652946,18
Eva Vazquez Cabada,1098508798,24
Ernesto Elías Fernandez,7936267127,21
Armando Escalante Cadena,5870554859,24
Julián Cruz Gutierrez,5391678219,21
Julián Cuevas Caro,0422925674,21
Karla Aldama Tellez,5000227666,22
Elvia Yanes Tellez,3470520834,25
Domingo Rojas Andre,6014727427,19
José Gutierrez Rosas,3588487137,22
Guadalupe García Córdova,2171544162,22
Guadalupe Alemán Pino,4633242476,23
Kevin Verduzco Pino,0377207769,24
Armando Cuevas Martínez,8654506841,21
Lourdes Medina Cruz,7342919644,19
Ana Islas Ochoa,3062689158,25
Sebastián Islas Andre,3178320991,20
Kim Valenzuela Escalante,4539953454,19
Kevin Medina Encinas,3147071614,21
Luis Chávez Reyes,7554289839,22
Socorro Elías Cabada,5564615335,22
Guadalupe Reyes García,0903357212,19
Kimberly Coronado Alemán,6365273722,20
Karen Mendez Cadena,5450706020,23
Guadalupe Balderrama Rosales,7067207088,18
Juan Martínez Reyes,2115476429,24
América Medina Camacho,9019227393,18
José Islas Flores,9241573285,24
Luis Monteverde Calles,4561877216,21
Adán Cabada Camacho,6326964455,23
Kevin Rosas Mendez,1094123126,18
Kevin Córdova Nuñez,9145713628,18
Karina Ochoa Reza,8401907280,23
Brian Ramirez Romero,8103917103,22
Kenia Arroyo Ortiz,1662032177,18
Isabel Valenzuela Almada,0994457482,25
César García Cruz,7416165683,24
Brian Rosas Rojas,9690588969,22
Adán Piña Mendez,9149960545,21
Ana Ochoa Rosales,2977257154,22
Rafael Cruz Escalante,1430767534,21
Domingo Ayala Valle,5361305992,22
José Mancera Islas,7127202923,22
Ana Reza Balderrama,4617328992,24
Rafael García Reyes,0880042630,21
Domingo González Romero,5222809862,24
Rosa Wong Medina,8732499571,19
Rosa Heras Yanes,0925758770,25
Alberto Escalante Vazquez,7846969574,20
Alberto Caro Alemán,1029174789,23
Ada Verduzco Espinoza,9021129688,22
César Tellez Flores,2656541324,24
Kim Arvizu Mata,6872810862,20
Brian Espinoza Rosales,3201844276,18
Ana Fernandez Verduzco,7497198081,25
César Jimenez Rojas,7668011964,21
Rafael Ramos Nuñez,2143162747,23
Mariana Córdova Arvizu,5795895993,25
José Camacho Ozuna,2563256381,18
Susana Jimenez Ramirez,1958395841,21
Kevin Pulido Verduzco,2325837594,23
Karen Rosas Cuevas,8234965030,18
Regina Cabada Peña,0988408530,24
Ernesto Verduzco González,2242988348,24
Elvia Domínguez Almada,3761832677,19
Brian Mendoza Verduzco,2332082344,20
Mario Caro Ramos,2980979341,22
Mariana Aldama Rosales,1333137784,21
Adán Arredondo Yanes,0542749827,25
Susana Domínguez Arredondo,8490277047,21
Eva Encinas Espinoza,0431684951,18
Ema Almada Ortiz,9713547932,18
Socorro Monteverde Martínez,9743551035,21
Domingo Lobo Cabada,8569676898,24
Luis Tellez Rosas,0939251280,23
Ema Caro Almada,7390829577,19
Alberto Mata Ayala,4276790246,25
Juan Rojas Mendoza,1951765345,18
Alan Alemán Reza,2501004809,22
Karina Galaz Vazquez,5573946424,21
Alan Mendoza Nuñez,1792666419,20
Ana Romero Moreno,9636943270,23
Rosa Rosales Rojas,9940306170,21
Ana Chávez Monteverde,3097048751,22
Kevin Balderrama Tellez,8669480153,19
Ana Escalante Valenzuela,7902048043,21
José Almada Islas,3332613211,18
Julio Aldama Andre,2159731910,25
Kim Reyes López,1468862525,20
Czarina Martínez Flores,3714900294,24
Carlos Caro Piña,4352700199,21
Czarina Arredondo Arredondo,4854796499,21
Julio Pérez Monteverde,8195945604,21
César Aldama Elías,6139684167,19
Adán Caro Mata,4563946065,19
Rafael Ozuna Arroyo,1432426354,21
Lourdes Moreno Elías,6449012463,22
Elvia Balderrama Almada,8566854528,23
Julián Yanes Mata,6662072151,25
Adán Mancera Heras,2344934998,21
Eva Leo Peña,5288965761,19
Kimberly Alemán Romero,9018355786,24
Regina Jimenez Caro,3895124612,25
Karen Verduzco Ramos,7032270299,20
Rosa Chávez Monteverde,9473325961,20
Raquel Nuñez Gutierrez,5823925543,21
Brian Alemán Martínez,2456100962,22
Armando Camacho López,7712634655,25
Mario Escalante Martínez,0303299189,21
José Peña Martínez,8955937846,23
Carlos Leo Orozco,2961303761,22
Regina Islas Camacho,3163217776,23
María Aldama Durazo,1682280694,22
Teresa Castañeda Calles,7998444204,20
Alberto Monteverde Jimenez,0185085084,24
Karen Ozuna Wong,8213006769,21
Karen Valle Chávez,2521963087,19
Sebastián Ortiz Chávez,6819986427,24
Julián Elías Encinas,4274366096,20
Rafael Flores Piña,0015486547,21
Karina López Ozuna,1212053804,23
Mariana Valenzuela López,3100968451,22
Rafael Romero Ayala,3886008812,24
Czarina Reyes Calles,9625908853,22
Alan Nuñez Mendez,3472045577,25
Armando Valle Lobo,6009639203,24
Raquel Leo Mancera,7193089810,20
Raquel Coronado Moreno,5948468697,23
Mariana Balderrama Cuevas,4121608091,22
José Coronado Garza,3358994914,19
Ana Garza López,1979765821,20
Rafael Cruz Caro,8944826721,21
Julián Camacho Escalante,2528507213,20
Karla Cadena Verduzco,8497581782,19
Mario Durazo Domínguez,8294583090,21
Brian Arroyo Moreno,3562849606,22
Julio Andre Medina,7489707301,23
Karla Valenzuela Cano,2483678465,20
Kimberly Vazquez Mancera,0887898574,24
Domingo Mendoza Arroyo,0203419076,18
César Ramirez Monteverde,0849840163,22
César Rosales López,4175737083,21
Eva Piña Cadena,4817377323,18
Domingo Ramirez Arredondo,0165209547,23
Eva Ayala Wong,0715199413,18
Rosa Jimenez Galaz,1697381951,18
María Moreno Wong,9656879338,24
Susana Aldama Mancera,8832246965,21
Mario Elías Gutierrez,1970322266,21
Ernesto Garza García,7420220546,21
Socorro Fernandez Yanes,1947509840,19
Lourdes Rosales Balderrama,1003307366,20
César Chávez Elías,3590190115,23
César Valenzuela Flores,9905001709,23
Alan Yanes Almada,5976451773,25
Kevin Cuevas Arvizu,8819831136,19
Ernesto Elías Ozuna,6062650533,23
Adán Cruz Lobo,6678308589,24
Teresa Piña Elías,5604966205,21
Adán Valle López,9936755595,22
Socorro Cuevas Mendoza,9754630529,19
Eva Caro Yanes,0086082418,20
Karla Mancera Coronado,8297596392,22
Fernanda Leo Alemán,0498053587,25
Alan González Jimenez,8714612559,21
Karina Cuevas Arroyo,9305987894,24
María Camacho Pulido,5914458276,23
Raquel Domínguez Mendez,1872041462,24
Guadalupe Garza Orozco,7429983448,25
Ada Ozuna López,6467284410,20
Luis Rosales Heras,4897616860,19
Kim Lobo Wong,8788160944,22
Czarina Mendez Ramos,0523720811,24
Fernanda Martínez Monteverde,4733141408,25
Juan Tellez Pulido,6744921900,20
Alan Yanes Valle,6681754991,20
Kimberly Ozuna Romero,2298040872,23
Teresa Mancera Yanes,4247894326,25
Alan Moreno Pérez,2238944251,21
Teresa Martínez Andre,3069527243,18
Mario Arroyo Pulido,9669015261,21
Lourdes Arvizu Rosas,5279910751,23
Julio Almada Reza,1727411918,19
Guadalupe González Tellez,3207798583,18
Carlos Heras Mendez,3743701284,18
Alberto Arvizu Cruz,0169201529,25
Rafael Reza Domínguez,3155351102,24
Regina Ramos Durazo,4532366081,24
Regina Caro Durazo,7467605069,23
Ada Arredondo Ochoa,8948143465,25
Karen Verduzco Castañeda,7576713603,23
Juan Mendez Rojas,3283406024,21
Alberto Mendoza Coronado,8908502081,21
Sebastián Espinoza Leo,1103701672,21
Susana Jimenez Monteverde,4545451756,18
Luis Córdova Verduzco,1358199292,18
Karina Domínguez Almada,0517149728,20
Karla Arvizu Valle,6141964997,24
Mario Garza Ozuna,3438987256,20
Elvia Wong Lobo,2998537777,22
María Mendez Pérez,0727578710,20
Regina Lobo Mendez,7881880213,22
Armando Fernandez Rosales,5303374973,21
Juan Rosas Ochoa,2827375753,24
Sebastián Ozuna Cabada,3601200965,22
Guadalupe Monteverde Ortiz,6579915875,22
Rafael Romero Calles,3729998501,18
Karla Mata Andre,6008364942,22
María Vazquez Arroyo,3810057627,19
Carlos Castañeda Peña,0194288665,22
Karla Durazo Cadena,4562272554,20
César Ramirez Arvizu,1280280941,21
Adán Cruz Vazquez,0858676359,25
Eva Espinoza Leo,0184764918,20
Ernesto Galaz Arvizu,7510145851,24
Adán Cabada Ramos,5363770540,25
Rafael Caro Ortiz,0062101943,24
Regina Martínez Mancera,9333202169,23
César Elías Fernandez,2843540591,19
Teresa Orozco Arroyo,1704500174,21
Karina Lobo Elías,3736619978,25
Socorro Rosas Ochoa,7490965961,25
Brian Pulido Pérez,2838980271,23
Juan Arredondo Cruz,2413396784,21
Juan Martínez Orozco,1332528203,24
Kenia Coronado Tellez,2247803800,24
Susana Balderrama Peña,9556020642,19
Domingo Encinas Cano,6557853090,22
Raquel Pino Aldama,7729254003,20
Kimberly Alemán Leo,6053300304,23
Sebastián Jimenez Escalante,5467732835,25
Carlos Balderrama Rodríguez,5483931869,24
Karen Moreno Ayala,4893583447,25
Ada Balderrama Aldama,3848274580,18
Julián Cano Wong,3037272241,20
Mario Peña Leo,9124459447,23
Domingo Ramirez Cadena,8133935215,19
Brian Ochoa García,9866372963,23
Eva López Mancera,8717099392,18
Susana Cuevas Domínguez,8013481213,23
Juan Fernandez Medina,1157161037,25
Sebastián Domínguez Mendoza,3387472994,25
Carlos Ayala Durazo,7634981370,20
Ema Cuevas Verduzco,8337782471,22
Elvia Cruz Rosas,9666265975,24
Ema Lobo Garza,6281304786,20
Raquel Arvizu Nuñez,8089851151,25
Ema Caro Moreno,5050821529,25
Sebastián Moreno Caro,2577546306,23
Karla Orozco Cano,5328313497,20
Raquel López García,3119882192,18
José Heras Peña,6498185911,18
Carlos Durazo Espinoza,4821101140,24
Teresa Alemán Cabada,7747184629,20
Julio Arvizu Ramos,8461828390,23
Socorro Rojas Cadena,7484371282,19
Ada Cuevas Coronado,5282240111,25
Armando Durazo Ramos,6024227612,23
Elvia Almada Islas,6940628882,18
Fernanda Pino Chávez,5480807859,25
Domingo Andre López,9532310207,24
Alan Cruz Piña,7513133476,22
Guadalupe Orozco Rosales,1047647103,19
Karla López Heras,5028944079,23
Alan Reza Cano,1797405221,20
Alan Calles Cadena,0160436158,18
Ada García Peña,3139080278,22
César Calles Valle,7457844008,25
Domingo Martínez Cuevas,0544093264,19
Adán Mata Arredondo,9203762836,19
Carlos Vazquez Mendez,3930239344,23
Brian Medina Mancera,2825236716,20
Kevin Orozco Aldama,1184756993,19
César Cabada Domínguez,5229056928,25
Carlos Reza Espinoza,1414573423,19
Domingo Nuñez Jimenez,9368503342,23
María Cruz Andre,2899509518,21
Julio Mata Mendoza,0151098830,23
Alberto Ramirez Peña,4365223100,19
Lourdes García Encinas,7043824510,20
Kevin Vazquez Pulido,9044764594,18
Kimberly González Cuevas,6238429891,21
Luis Arroyo Cuevas,7239391789,25
Rosa Verduzco Moreno,3563774066,23
Luis Peña Fernandez,2422006922,19
Karen Islas García,4573477954,25
Domingo Orozco Camacho,9858280915,19
Julio Caro Córdova,8704516049,22
Kimberly Mata Cabada,3528964874,22
Julio López Galaz,1600479241,20
Julio Flores Wong,5810265219,22
Sebastián Ozuna Reza,9033422800,25
Armando Islas Tellez,1103496858,18
Carlos Gutierrez Chávez,0625375380,20
Susana Valenzuela Lobo,9572744885,23
Ana Galaz Lobo,1850608358,19
Isabel Monteverde Lobo,3058805219,20
Sebastián Yanes Verduzco,7525044526,21
Sebastián Ayala Ayala,4463719268,20
Domingo Medina Jimenez,8447322533,22
América Almada Rosales,1900971301,25
Adán Durazo Espinoza,7252698833,21
Carlos Heras Cabada,8104309416,21
María Aldama Arroyo,1368787167,20
Armando Ochoa Romero,3103821375,18
Ada Elías Domínguez,5333102599,21
Eva Heras Peña,9968517878,18
César Moreno Cano,5389778732,19
Brian Cabada Durazo,7037286430,22
Kevin Islas Nuñez,0915111343,24
José Camacho Ortiz,3786404319,23
Armando Ortiz Jimenez,1218189153,24
Mariana Arvizu Cano,9087743356,20
Julio Gutierrez Arvizu,1509015988,20
Elvia Moreno Encinas,7514718666,25
Rosa Verduzco López,1465550166,21
Czarina Martínez Aldama,7319353404,18
Ema Yanes Wong,8821050405,25
Kevin Mata Nuñez,8783019858,22
Kim Vazquez Lobo,1073238596,23
Rafael Pino Wong,4426640935,18
Fernanda Cadena Valenzuela,8153528922,20
Julio Pulido Heras,6665881098,21
Julián Verduzco Medina,3536094231,24
César Domínguez Arroyo,8164721166,25
Socorro Cruz Medina,1189351593,25
Teresa Wong Verduzco,9340124005,18
Isabel Mendoza Ramirez,0701624097,24
Teresa Lobo Chávez,2891664497,24
Karina Encinas Arredondo,8837270781,23
Karina Durazo Fernandez,0642404493,18
Eva Camacho Pulido,2976740675,25
Regina Durazo López,3475189079,24
Armando Castañeda Ramirez,2737520998,19
Alberto Verduzco Islas,3808907430,19
Ernesto Arredondo Tellez,9717643016,22
Rafael Rosas Orozco,5257950509,21
Mariana Almada Ortiz,5195665483,25
Mariana Ramos Mendoza,9610596405,18
Julián Mendez Cuevas,0706304060,24
Julio Ramirez Nuñez,0756023500,21
Mariana Galaz Chávez,7067428030,20
Teresa Escalante Cano,4749260590,24
Karla Caro Leo,7951558042,21
Kevin Ortiz Córdova,1071529495,23
Brian Moreno Martínez,9260483731,20
Juan Castañeda Martínez,6280332327,22
América Romero Fernandez,8844771005,24
María Arvizu López,9801969325,19
Karla Rosales Domínguez,6406262303,25
Juan Leo Castañeda,6929204730,25
Domingo Mendez Galaz,9497377111,18
Fernanda Rojas Rosales,4656060031,24
Kim Cadena Aldama,8511598072,24
Ernesto Domínguez Leo,3314554760,21
Alberto Escalante Espinoza,4012470563,23
Kenia Cabada Ortiz,0939156647,23
Rafael López Fernandez,9047674889,22
Kimberly Piña Camacho,5557094667,23
Julián Martínez Andre,0546127703,18
Ema Chávez Gutierrez,7526789509,25
Domingo Reza Arvizu,2489227894,21
Karla Cabada Wong,9842163562,25
Armando Mancera Rojas,8249241096,21
Mario Garza Escalante,5176950265,22
Guadalupe Lobo González,6835275013,22
Fernanda Ortiz Arredondo,2808807456,19
América Medina Mata,6652270312,25
Lourdes Espinoza Moreno,0447199475,18
Carlos Aldama Durazo,5105217410,23
Kevin Rodríguez Leo,9076069344,25
Alberto Heras Durazo,9342673685,25
Alberto Cuevas Mata,8043145611,23
César González Durazo,7789327597,25
María Vazquez Piña,9295139574,18
Armando Peña Monteverde,3123715939,19
Isabel Balderrama Arroyo,8207742276,25
Luis Cuevas Wong,4239693573,24
Luis Flores Calles,6286030563,25
Eva Romero Jimenez,3046269960,20
José Jimenez Flores,2003512690,20
Mario Rodríguez Caro,9364551009,20
Isabel Piña Cabada,6023024169,20
Isabel Arredondo Verduzco,8375891669,22
Mariana Gutierrez Medina,1199360755,21
Armando Encinas Ayala,7214564349,22
María Verduzco Ozuna,5987224101,23
Regina Andre Ramos,0514018527,21
Carlos Mendoza Córdova,9832309316,21
Armando Garza Caro,3156781181,24
Rafael Chávez Fernandez,3184944435,24
César Rodríguez Calles,5796380089,25
Kenia Galaz Chávez,9167911556,18
Elvia Peña Moreno,4656684263,25
Isabel Pulido Garza,2513573010,23
Susana Arroyo García,9168837653,24
Karina Cadena Durazo,1761963329,21
Ema Lobo García,8621683397,20
Armando Reza Tellez,0594566266,19
Regina Encinas Piña,7193076324,25
Alberto Ochoa Heras,9776345449,24
Mariana Pino Ortiz,3813950520,18
César Piña Rosales,4607407436,21
América Romero Rosales,4037188720,23
Armando Jimenez Peña,4830493038,25
Ernesto Almada Córdova,5767158626,23
Julio Yanes Ramos,1929312369,18
Karen Ochoa Córdova,0747382214,19
Karen Camacho Ochoa,6926632999,19
Karen Verduzco Arredondo,6284917550,22
Karen Arroyo Balderrama,7827741190,22
Julián Piña Ortiz,0142342369,24
Kim Heras Mancera,9127556369,24
María Arredondo Ramirez,8437618698,18
Ernesto Coronado Garza,7639608591,24
Ada Orozco Medina,3590799275,25
Domingo Cabada Islas,4192529954,22
Teresa Rodríguez Valenzuela,7298164403,18
César Cruz González,1412083535,20
Luis Reyes Vazquez,1973247085,22
Ana Cuevas Mancera,1029395738,18
Teresa Heras Mendez,2959752735,25
Ernesto Mendez Cuevas,9714997986,22
Armando Ramos Almada,2459468635,20
Adán Medina Espinoza,4186254724,23
Mariana Camacho Piña,3232725781,25
Fernanda Alemán Gutierrez,6898015682,23
Karla Garza Andre,4125174617,20
Mario Mata Valenzuela,5840593309,18
Julián Ramirez Balderrama,4113921714,18
Adán Rosales Monteverde,8478186754,25
Fernanda Galaz Pulido,6342617515,22
Teresa Gutierrez Leo,1724064804,20
Karen Galaz Alemán,5201975416,23
Brian Arvizu Wong,6791835231,20
Socorro Rojas Mendez,9814431695,22
América Vazquez Almada,5371011603,22
Lourdes Mendoza Almada,3394756328,24
Guadalupe Reyes Ayala,3725510059,22
Adán Espinoza Romero,2456332436,24
Regina Flores Peña,1769351172,20
Domingo Mendoza Almada,6470567004,21
Kim Encinas Calles,3077237217,18
Susana Tellez Martínez,8890358227,21
Kevin Cruz García,6078444693,19
Regina Ramos Elías,1776745223,25
Isabel Moreno Arvizu,7332232652,21
Eva Pulido Romero,9565014281,23
Julián Caro Islas,8812804825,21
Adán Vazquez Medina,7584684984,22
Guadalupe Espinoza Cano,1289065003,21
Domingo Córdova Ochoa,6884283020,19
Lourdes Cano Martínez,3920277697,23
Kim Vazquez Escalante,7648196126,19
Carlos Rosales Leo,1388025000,23
Fernanda Ochoa Reza,8851705856,25
Kimberly Tellez Rodríguez,7461355631,22
Karla Nuñez García,1611912408,19
Kenia Rodríguez Rosas,1720050099,18
Karina Mendoza Domínguez,5446911607,20
Karen Caro Ortiz,3417312668,18
Susana Piña Vazquez,2191057075,21
Kim Elías Monteverde,2822992349,20
Ernesto Pino Gutierrez,6963927237,22
Domingo Encinas Chávez,1262692894,23
Kevin Mendez Ayala,3347985956,18
Sebastián Galaz Reyes,3449980519,19
Eva Andre Jimenez,1986290434,18
Brian Almada Durazo,2097454833,22
Raquel Pérez Moreno,4093321169,22
Adán Coronado Escalante,6521927656,25
Kenia Leo Espinoza,0960536684,20
Teresa Reza Encinas,5837778550,20
Julián Ramos Martínez,1001635194,23
Brian Vazquez Ozuna,2814121830,18
Luis Islas Domínguez,1011334915,22
Guadalupe Romero Andre,1630031917,20
Ada Elías Ramos,0145828967,24
Rafael Alemán Mendoza,1382122551,18
Socorro Heras Cruz,4317393012,24
Juan Romero Camacho,4914751474,22
Carlos Rojas Peña,2397288003,19
César Domínguez Ozuna,1772856194,20
Ana Pino Mancera,3938069443,22
Juan Calles Lobo,1240699773,25
Kim Castañeda Ayala,3126497569,19
América Pérez Ozuna,9644995507,22
Fernanda López Lobo,9512553177,21
Adán Espinoza Cuevas,9855903512,19
Rosa Caro Tellez,2740419270,24
Alan Vazquez Calles,2846303994,25
Domingo Arvizu Arroyo,7134678049,21
Juan Peña Pérez,4482319646,22
Eva Reza Martínez,7517029238,20
Juan Caro Caro,2947288867,23
Alberto Reyes Elías,0480171207,22
Kim Chávez Ochoa,4221701369,23
Raquel Garza Nuñez,9855860634,25
Karen Verduzco Mendoza,8136732621,22
Karen Martínez Escalante,9477449315,19
Sebastián Escalante Arredondo,6445852332,20
Kimberly Wong Chávez,9808568437,21
Julián Martínez Galaz,7509487649,19
Ana Ramos Balderrama,5134839200,25
Juan Coronado Aldama,3027054010,21
Teresa Nuñez Rojas,5960467642,18
Regina Reyes Ozuna,0203415248,25
Julio Ramirez Pino,7960107998,23
Armando Valenzuela Encinas,7135723353,19
Julio Yanes Rosales,7339505769,20
José Islas Verduzco,3347506970,22
Rosa Cano Fernandez,2344654865,24
Eva Rojas Monteverde,0710664751,20
Karen Heras Ramos,8360154640,21
Carlos Orozco Encinas,6903183612,25
Ema Ozuna Ochoa,3496303148,25
Luis Cano Nuñez,4077819343,18
Rafael Espinoza Alemán,6825567918,21
Ema Cabada Ramirez,3173141909,20
Juan Galaz Piña,2801317308,20
Ema Wong Espinoza,6683225870,22
Mario Mata Escalante,4358861079,23
Juan Reyes Domínguez,6658468208,22
César Cabada Arvizu,1759500596,25
José Elías Chávez,1641881124,23
Domingo Martínez Ochoa,1866489688,21
Raquel Pérez Domínguez,4266791939,25
Kevin Monteverde Flores,5427168635,19
Rafael Lobo González,8400126634,21
Brian Ayala Pulido,8874639645,18
Kenia Jimenez Espinoza,2425127547,21
Fernanda Nuñez Wong,3175161892,24
Julián Rosales Ayala,8403180188,21
Julio Medina Ramirez,4446572326,25
Sebastián Domínguez Encinas,3799023535,19
Ana Rosales Monteverde,2488336151,24
Susana Córdova Pino,9794020645,24
Susana Camacho Cabada,3493878337,24
Lourdes Martínez Cabada,2733243540,25
Armando Lobo Pino,6582226008,21
América Encinas Chávez,2815076982,20
Alan Pérez Gutierrez,9256004950,24
Karla Córdova Pino,8597659864,23
María Caro Medina,1010625058,20
Alberto Nuñez Ochoa,2367161793,21
Fernanda Escalante Ramirez,1949531693,19
Mario Rojas Islas,1139565943,23
Eva Alemán Elías,2470388696,20
Adán Wong Mendez,3123499716,21
Rosa Galaz Almada,4512594806,22
Luis Verduzco Wong,7615632008,21
Karina Mancera Reyes,3534642616,22
Teresa Fernandez Verduzco,4641943218,24
Mariana Pérez Chávez,7453649239,20
Juan Reza Almada,5508607490,25
Kevin Escalante Reza,1821424901,18
Armando Lobo Valle,6184320363,18
Julián Ramos Gutierrez,5557096330,24
Czarina Alemán Vazquez,7148550374,19
Juan Mancera Cuevas,7626553115,20
Julián Pino Camacho,7555861505,24
Armando Valenzuela Cabada,5420687645,20
Luis Domínguez Jimenez,2924306019,18
Adán Mendez Reza,5571274777,21
Lourdes Arroyo Mancera,4253259396,24
Juan Almada Reza,2439145078,19
Luis Ozuna Jimenez,9619548746,20
César Mata Verduzco,5768898832,22
César Rojas Galaz,9518407686,22
Eva Valenzuela Castañeda,3646876743,24
Czarina Monteverde Arroyo,5970261652,21
Kim López González,7594867674,23
Teresa Rosas Camacho,0107561192,21
José Garza Peña,4223476429,20
Raquel Ramos Domínguez,8663121530,25
Sebastián Mendez Rojas,9470737493,25
María Yanes Camacho,2301652307,19
Adán Mendez Ramos,6425063036,25
Armando Orozco Andre,9905726867,22
César Verduzco Galaz,6748995696,25
Mariana Pérez Galaz,8330493142,20
América Elías Arredondo,4935791282,22
Susana Camacho Piña,9464025191,19
Ana Castañeda Galaz,4246767188,25
Raquel Almada Cano,4389785117,22
Regina Rosales Rosales,0400598220,23
América Rojas Escalante,2453956306,21
Teresa Peña Arvizu,9609592002,25
Mario Rosas Jimenez,1451634401,25
Karla Ochoa Jimenez,5671414969,18
Adán Valenzuela Medina,6917286474,24
Adán Andre Rosas,9070298362,18
Regina Moreno Rojas,2507327283,19
Adán Córdova Mendez,6071696356,20
Fernanda Domínguez Castañeda,4229381156,22
Isabel Cabada Heras,0486298622,25
Armando González Rojas,8641231796,23
Brian García Cuevas,6116670656,20
Elvia Rosales Martínez,3858758337,19
Regina Escalante Calles,6978975969,18
Karla Lobo Elías,9199466628,22
Mario Monteverde Cabada,1187934887,22
José Aldama Mancera,7819840704,20
Sebastián Garza Verduzco,7682923052,23
Kenia Ramirez Andre,5255687428,22
Domingo Verduzco Vazquez,4522747271,18
Raquel Ramos Flores,4268081544,25
Elvia Nuñez Aldama,4816237089,24
Karina Vazquez Pérez,1700850961,21
Adán Elías Escalante,9116326056,18
Juan Moreno González,8244563266,18
Juan Martínez Arredondo,4082312727,19
Kevin Piña Encinas,3745432171,23
César Vazquez Mendoza,8286406663,22
Ana Ayala Gutierrez,2044465983,19
Domingo Rosales Almada,8985155933,20
Mario Islas Reza,0317566616,21
Raquel Ozuna Lobo,4983648852,19
Alberto López Mancera,2668225636,24
Teresa Arredondo Coronado,4068506965,20
Ada Pérez Flores,6692911045,24
Mariana Tellez Mancera,3606893478,24
Karina Vazquez Ayala,1278661019,18
Mario Heras Reyes,2668754107,23
Guadalupe Cadena Rojas,7890150312,18
Kevin Pulido Peña,4943016021,21
Brian Orozco Cano,6383881325,24
Mariana Escalante Martínez,6396541545,25
Ernesto Ayala Peña,9003544710,25
América Valle Fernandez,0095083812,22
Alan Escalante Yanes,6274912959,18
Lourdes Orozco Arroyo,4154495216,20
Armando Balderrama Verduzco,2199955147,22
Kevin Martínez Cuevas,9110144973,22
Susana Galaz Tellez,1348862271,25
Lourdes Camacho Ramirez,1260273833,24
Kevin Garza García,1079207928,22
Karla Heras Ortiz,9092606038,18
José Flores Cadena,8817276738,19
Alan Elías Valle,8058096844,23
Ada Ramirez Fernandez,1744276814,19
Raquel Ramos Vazquez,6077067557,19
Susana Romero Peña,3283102554,19
Lourdes Peña Verduzco,0638940046,22
Eva Espinoza Pulido,2113725687,19
Julián Rosas Camacho,0818447253,21
Ana Valenzuela Caro,6552966088,20
Ana Heras Mendez,1991956430,24
Ema Tellez Ramirez,0605241633,20
Juan Pérez López,7426615844,22
Socorro Mendoza Arroyo,1269641705,23
Brian Reyes Leo,0001342655,19
Alberto Mata Ramirez,1742536355,21
Eva Martínez Rosas,3484148362,23
Carlos Peña Pino,6682898664,19
América Tellez Caro,7002421916,24
Carlos Mata Alemán,2797383256,25
Kenia Garza Aldama,9495747863,20
Luis Balderrama Romero,0488254929,22
Brian Córdova Tellez,7807648930,21
Kenia Martínez Orozco,7828704646,22
Alberto López Peña,1085418281,19
Regina Durazo Gutierrez,9260735104,25
Eva Rosales Yanes,6993509485,25
Domingo Reza Arroyo,8693393420,21
Adán González Escalante,5686238880,19
Brian Coronado Mancera,3974146438,18
Socorro Arvizu Castañeda,9781384291,18
Karina Alemán Camacho,1941645783,18
América Fernandez Almada,5331161265,22
Domingo Valenzuela Valenzuela,1004598747,20
Susana Durazo Cuevas,7093577807,24
Mario Mancera Rosales,1590034905,19
Ana Piña Leo,5615833874,18
Karla Camacho Rojas,5013396132,19
Julián Cruz Mendoza,7016909826,18
Domingo Romero Aldama,3706871972,24
Juan Almada Romero,3511589890,21
Sebastián Escalante Orozco,9869499817,20
Adán Cadena Garza,0312114603,20
Kenia Cadena López,4845874419,23
Carlos Arvizu Ortiz,7667579869,21
Ernesto Pulido Mendez,0998881206,23
Isabel Reza Caro,1906218024,24
Ada Verduzco Caro,5310198759,19
Elvia Flores Galaz,7475536619,23
América Moreno Ozuna,5023188985,18
Juan Reza Encinas,2895230196,21
Rosa Medina Mendoza,6758529685,18
Fernanda Ramos Coronado,2015492405,19
Kimberly Mendez Martínez,9955682759,21
Alberto Escalante Fernandez,4127803467,19
José Valenzuela Ramos,2268124967,19
Julián Tellez Yanes,9725559196,21
Luis Vazquez Alemán,9001036346,23
Regina Córdova Chávez,7977870982,20
Kim Durazo Romero,0655912581,21
Alan González Reyes,9492622150,19
Adán Fernandez Rosas,5139459952,23
Ana Wong Ochoa,4434950826,24
Kimberly Moreno Leo,5646772823,24
Juan Heras Mata,4296829409,22
Lourdes Ozuna Escalante,8297823512,24
José Camacho Martínez,6907511384,20
Czarina Verduzco Mendoza,0238668379,21
Juan Ortiz Durazo,2166417089,19
César Valle Nuñez,7196411437,22
América Valle Cuevas,0727293714,18
Ana Nuñez Andre,0884758481,20
Socorro Arroyo López,0818345907,23
Socorro Cadena Romero,6924090168,18
Kevin Almada Pérez,5842179512,24
Alberto García Arvizu,7306663277,20
Julio Valenzuela Yanes,9298889088,19
Rafael Jimenez Martínez,3843944831,21
Karla Ayala Pérez,3181867494,23
Kenia Wong Aldama,1803486897,23
Ernesto Islas Vazquez,7709484077,21
Alberto Verduzco Moreno,1133963992,20
Mario Cabada Nuñez,2581878884,18
Karla Ayala Encinas,6931268585,24
José González Rojas,7220348578,19
Susana Wong Alemán,0667251148,22
Regina Rodríguez Jimenez,6314329867,23
Sebastián Pulido Arvizu,2290370179,20
Rafael Cano Elías,6909966785,18
Czarina Garza Gutierrez,4921669555,23
María Verduzco Arvizu,3452659712,19
Karla Mata Balderrama,9359612126,21
Isabel Domínguez Vazquez,6033580656,21
Ernesto Cadena Encinas,3777094685,21
Guadalupe Córdova Aldama,5924348998,18
Lourdes Cruz Rojas,2030102878,19
Kenia Islas Medina,2821469987,25
Adán Andre Fernandez,7714404264,18
Susana Vazquez Córdova,1915790454,20
Susana Ortiz Arroyo,1415541800,19
José Pérez Espinoza,2492461013,22
Alberto Nuñez Monteverde,7358907861,21
Regina Domínguez Lobo,7340550401,24
Sebastián Escalante González,0880199315,19
Juan Wong Escalante,4342214968,25
Alan Espinoza Arvizu,7652142455,22
Brian Cadena Cano,5747687697,22
Juan Nuñez Arvizu,6781049610,25
Rafael Camacho Arroyo,5541480807,19
Kenia Monteverde Reyes,5163898691,25
Armando González Moreno,9048454712,25
Rosa Balderrama Calles,5160642724,22
Sebastián Valle Valenzuela,4885406160,20
Rafael Mata Yanes,4373347502,20
Teresa Durazo Balderrama,4191614530,25
Socorro Verduzco Elías,6375107071,25
Kim Mata Pérez,5504766928,24
Kimberly Vazquez Verduzco,4265575926,20
Isabel Gutierrez Martínez,8726721149,19
Karen Lobo Balderrama,3518329022,24
Sebastián Islas Ortiz,6511590091,22
Regina Gutierrez Orozco,4604192997,25
Ema Reyes Caro,4848486339,24
Domingo Peña García,1852873765,22
Mariana Fernandez Valle,0353552762,23
Adán Flores García,1856161679,19
Armando Chávez Reyes,3803497066,23
Czarina Ramos Orozco,6109996207,20
Alberto Piña Piña,7492541221,21
Susana Nuñez Balderrama,9956461009,22
Raquel Arroyo Elías,9513180510,25
Luis Chávez Encinas,9523545449,19
Armando Ramos Reza,3231859986,21
Carlos Orozco Coronado,8715887533,19
César Escalante Cano,4974526747,23
Kimberly Calles López,2607484434,24
Lourdes Peña Lobo,4177745930,18
Adán Moreno Castañeda,0223445395,24
Fernanda Garza Fernandez,4880270874,20
Rafael Leo Garza,0479373949,25
Kenia Aldama Lobo,6744548438,23
Rosa Galaz Balderrama,2019792879,24
Czarina Mata Valle,5552612415,22
Mariana Encinas López,4654350802,21
Kenia Rodríguez Ramos,0423393145,25
Czarina Fernandez Jimenez,6548947515,24
Rafael Ochoa Heras,3080315353,22
Regina Ortiz Camacho,8934625047,24
Ana Ortiz Pulido,9074641311,23
Luis Andre Piña,9424787341,21
Fernanda Islas Chávez,4949349981,25
Raquel Ochoa Ozuna,9328853547,23
Rafael Romero Ramirez,3632416306,25
Elvia Ortiz Ozuna,8146915306,18
Susana Flores Flores,2227645883,25
Rafael Pulido Andre,7240726860,22
Luis Tellez Leo,3956642170,25
Lourdes Martínez Lobo,1295580330,25
Armando Ramirez García,9614841684,22
Czarina Arvizu Castañeda,2095799668,23
Armando Coronado Caro,5726008991,20
Julio Alemán López,4548290726,24
Julio Ochoa Andre,5781002156,24
Alberto Ochoa Monteverde,6942533983,22
Kenia Pino Galaz,2150421868,21
Julián Cuevas Aldama,5397096459,21
César Islas Moreno,5168874201,20
María Espinoza Calles,5449319703,19
Rafael Flores Cabada,8776041809,18
Czarina Vazquez Valle,6593659115,24
César Castañeda Durazo,3301864604,23
Guadalupe Jimenez Islas,0247754112,22
Guadalupe Ayala Valle,6767729751,21
Alberto Lobo Pérez,7466211772,21
Kim Rosales Arroyo,8490496811,22
Carlos Martínez Alemán,5383865004,25
Mariana Orozco Gutierrez,8174553560,23
Alberto Moreno Jimenez,2169327248,21
Elvia Reyes Peña,8435631834,21
Karina Martínez Verduzco,1811370417,19
Karina Moreno Castañeda,5588851890,25
Eva Galaz Escalante,4077172745,22
Mariana Arredondo Flores,5326162313,20
Mario Cuevas García,6613584026,21
Fernanda Camacho Alemán,5777717502,20
Alberto Ortiz Arroyo,0083474312,22
Julián Monteverde Reza,3927054559,18
Sebastián Encinas García,3251533225,19
Adán Camacho Nuñez,1515470073,22
Rosa Rodríguez Andre,2102661240,18
Adán Fernandez Castañeda,7695423026,19
Socorro Wong Andre,4060161955,24
Karen Chávez Piña,4362395078,22
Juan Calles Jimenez,5892430325,23
Armando Rodríguez Ramos,9540712063,24
Kim Ortiz Pino,1955053571,21
Eva Córdova Córdova,8449827819,21
Alan Almada Mendez,8651701791,24
Kevin Ortiz Cabada,2242057654,19
César Ramirez Cadena,7777223450,24
Socorro Peña Espinoza,0575460968,18
Alberto López Escalante,4716623975,25
Isabel Verduzco Pérez,3298355236,20
Ernesto Jimenez Elías,0868780149,24
Alan Mancera Pulido,8657064603,20
Julio Ortiz Martínez,4448512423,23
Sebastián Camacho Jimenez,7759078761,21
Eva Ramos Medina,4982408317,24
Rosa Verduzco Ozuna,9095413702,25
Brian Almada Arredondo,5473678460,21
América López Encinas,6768556782,24
Alan Verduzco Cuevas,2595559632,25
Karen Orozco Rosales,7559328999,20
Susana Camacho Valenzuela,6717296818,25
César Pérez Camacho,4965579208,23
Lourdes Romero Verduzco,7588422148,24
Juan Andre Espinoza,5088242557,20
José Camacho Ochoa,0201543843,25
Kenia Chávez Ortiz,7328007552,18
Karen Vazquez Andre,9300455410,24
María Cruz Balderrama,8050058436,24
Karen Romero Heras,5324573811,25
Kimberly Moreno Andre,7994699181,23
Kevin Wong Romero,2494786732,18
Eva Romero Pulido,9660123602,22
César Balderrama Ochoa,4956248516,22
María Verduzco Medina,6505496580,24
María Ochoa Cano,8569131964,22
Julián Cabada Ayala,5166327410,25
Karina Rojas Leo,6171075727,22
Susana Castañeda Islas,3418849754,20
Rosa Domínguez Ramirez,1630576704,19
Alan Ochoa Caro,6688279022,20
Ema Peña Encinas,3504928050,22
Guadalupe Castañeda González,9293929287,24
Adán Ayala Chávez,7151928410,25
Kenia Monteverde Jimenez,2547674209,24
Alan Ochoa Galaz,6565657197,19
Kevin Caro Rojas,2820970566,24
Kevin Pino Encinas,5510282781,21
Fernanda Verduzco Domínguez,7841302484,22
Rosa Pulido Rojas,5588950867,19
América Arvizu Monteverde,8584842669,23
Fernanda Ramirez Elías,5888627693,19
César Elías Arroyo,1439307179,22
Mario Vazquez Arroyo,0344852674,19
Julián Fernandez Balderrama,4038412027,18
Ada Valle Mendez,1006365034,19
Julián Pino Leo,4366183357,24
Mario Heras Rosas,6101536127,18
Rafael Durazo Camacho,2104437498,23
Domingo Camacho Chávez,1693173464,23
Domingo Wong Flores,9919847953,20
Guadalupe Caro Ortiz,5139689701,24
Julián Peña Pulido,3241684590,23
Karla Aldama Alemán,9737900390,24
Karina Durazo Arredondo,9621381561,23
Elvia Cano Ayala,4614011647,22
Guadalupe Alemán Gutierrez,8425462839,20
Adán Flores Chávez,2062713735,22
María Andre Espinoza,0041123320,21
Juan Romero González,1107213639,18
Karen Rodríguez Islas,5752779995,20
Adán Rosas Ayala,1486851870,23
Domingo González Encinas,8418491589,24
Juan Rosales Almada,7623460724,22
Rosa Escalante Mendez,7157817884,21
Elvia Lobo Orozco,6356860558,23
Guadalupe Ramirez Aldama,2611397473,22
Rafael Monteverde Caro,4636033104,18
César Arredondo Ochoa,9235556584,20
Lourdes Vazquez Encinas,6672101329,21
Elvia Vazquez Orozco,5903504304,22
Karla Rosales Almada,1575791737,18
Ada Durazo Galaz,6548389329,21
Socorro Ramirez Arvizu,4490054174,18
América Moreno Mata,6796535203,19
Kimberly Andre Pino,9864078259,21
Guadalupe Castañeda Moreno,4180566868,20
Isabel Reza Calles,3622545762,18
José Medina Leo,1417142217,18
Mario Arroyo Córdova,9793498861,19
Ada Elías Reza,0795580626,20
Rafael Córdova Andre,9035289328,22
Rosa Pulido Mendoza,9967447211,20
Ana Mata López,3149758832,22
Kimberly Mata Mancera,8005352438,23
Fernanda Valle Cuevas,5567995378,24
Rafael Valle Cadena,4129487228,23
Alan Valle Verduzco,0172376698,20
Susana Cabada Martínez,6462171410,25
Rafael Pino Arvizu,2942856050,20
Fernanda López Caro,2218135298,18
Brian Wong Cano,6659142898,25
Ernesto Rosas Durazo,2438665846,23
Isabel Monteverde Pérez,7261010179,25
Juan Lobo Romero,2859078653,25
Armando Leo Nuñez,6093413738,21
Alberto Galaz Rosas,2786374487,25
Karla Almada Coronado,6911683696,18
Isabel González Ochoa,9217533747,20
Brian Aldama Peña,1091671923,25
Raquel Yanes Ochoa,5880746614,18
Teresa Córdova Yanes,1134179564,25
Domingo Cano Reza,6908854534,19
Ada Tellez Ozuna,2823577141,24
Alberto Jimenez Aldama,2122284467,19
Kimberly Almada Valenzuela,1194119816,23
Guadalupe Vazquez Pérez,0459442944,19
Ema Almada Mancera,0457944071,20
Sebastián Valenzuela González,9898501788,25
Raquel Chávez Mata,1492616779,23
Julián Mancera Andre,0324249691,24
Juan Orozco Vazquez,1719713510,20
Rafael Rosales Rosas,8850876403,21
América Caro Valle,5241268168,20
María Arvizu Reza,8119011059,23
Julián Camacho Arroyo,2725764034,23
Alberto Durazo Piña,1194415117,24
Czarina Balderrama Romero,7527260527,19
Eva Rosales Ramirez,3582210408,18
Susana Martínez Gutierrez,9675094979,22
Karina Mendez Mancera,2706131816,19
María Camacho Córdova,2606611834,25
Adán Alemán Coronado,6316295612,24
Sebastián Galaz Rosales,4401142208,24
Adán Rosales Nuñez,4662255354,20
Juan Valle Flores,7779844367,21
César López Cabada,4504975689,20
César Pino Mendoza,1286483601,18
Alan Islas Arredondo,0609363556,25
Adán Pino Alemán,2701853807,22
Juan Calles Cano,7433758813,24
Czarina Yanes Galaz,5281324664,22
Karina Reyes Jimenez,4760943874,24
Julián Cuevas Jimenez,7046980384,18
Elvia Córdova Mata,3676654668,22
Czarina Rodríguez Flores,6863140484,25
Adán Camacho Ochoa,2267991990,21
Carlos Ramos Medina,8745851224,20
Alberto Rosales Verduzco,1692798666,22
Karen Arroyo Castañeda,1780725076,21
Kimberly Ozuna Rosas,2838188440,19
Fernanda Wong Mata,3386795670,19
Guadalupe Coronado Espinoza,3383518615,20
Rafael Coronado Islas,7414727806,23
Julio Balderrama Cabada,1793969812,19
Alberto Mancera Chávez,4806385576,24
Ada Camacho Gutierrez,5176077757,25
Carlos Ozuna Ortiz,9992110718,22
Rafael González Medina,6635818720,25
Karina Cruz Castañeda,0028952538,19
Mariana Cuevas Wong,2984246524,23
Juan Rosales Rosas,3225718479,22
Kimberly Pino Cabada,0877994774,24
Mario Calles Arredondo,4480669369,21
Carlos Mata Mata,1034299675,24
Armando Valenzuela Yanes,7264418030,20
César Yanes Caro,6647658547,25
Raquel Piña Cadena,1111125934,19
Elvia Córdova Cadena,9416398198,20
Armando Chávez Vazquez,7655819493,20
César Nuñez Aldama,4041837380,24
Susana Valle Ortiz,4872359380,19
Kim Coronado Coronado,6420864629,22
Rosa Ozuna Gutierrez,9878511365,22
Ernesto Leo Cabada,5873794796,19
Domingo Monteverde Monteverde,1828185242,23
Rosa Wong Durazo,6508401671,22
Ana Rojas Islas,2724777326,21
César Ozuna Encinas,3980981503,19
Julio Reza Martínez,2007300298,23
Kenia Ayala Wong,5932022180,23
Lourdes Calles Peña,4947230390,21
José Encinas Ramos,9087852591,21
Alan Peña Camacho,6136692025,23
Rafael Valenzuela Balderrama,8195162993,22
Julián Mendez Peña,8780871649,19
Fernanda Arredondo Rosas,7828100283,18
José Leo Almada,3601839686,18
Julián Arredondo Romero,0529503117,18
Adán Ozuna Pérez,6728795730,21
Socorro Coronado Galaz,8855511384,19
Julián Rojas Aldama,0782262211,22
César Moreno Castañeda,9209428692,23
César Aldama Rosales,1467529183,22
Mariana Durazo Ayala,9152657175,23
Luis Moreno Andre,7859003126,21
Juan Medina Andre,5751834724,18
América Cadena Rojas,0433500996,18
Julián Durazo Garza,9344777396,22
Ernesto Rosas Moreno,6969597393,19
Karina Mancera Martínez,1472714807,18
Raquel Cruz Monteverde,4776817255,19
Rosa Arroyo Flores,5616402260,24
Kim Reza Martínez,9019819231,20
Brian Cadena Ortiz,3399556883,22
Socorro Reyes Moreno,0809457013,23
Lourdes Galaz González,0324296684,23
Mario Ochoa Mata,8712770936,21
Rafael Valle Gutierrez,9138334952,23
Kenia Romero Cadena,5532737620,23
Kevin Encinas Chávez,9674579005,21
Alan Heras Rosas,9616627520,25
Adán Wong Lobo,2319681066,25
Julio Ramirez Aldama,6328115583,21
Socorro Elías Orozco,9148522472,25
Kevin Tellez Flores,0872058987,21
Armando Calles Ortiz,9275342696,23
Kenia Encinas Tellez,7094288262,20
América Medina Flores,9427500481,25
Isabel Ramos Rodríguez,3888143054,19
Domingo López Galaz,6698979987,19
Sebastián Córdova Arroyo,0505099022,21
Karen García Cruz,6232706491,24
Elvia García Rosas,8444094421,19
César González Alemán,4997206656,21
Guadalupe Orozco Lobo,8074913412,18
Ana Durazo Martínez,8236821305,21
Kim Almada Calles,7673194490,22
César Camacho Rojas,1510880087,22
Ema Pérez Calles,1662711588,23
Kevin Rodríguez Reza,8157237638,21
Guadalupe Reyes Vazquez,6962972691,19
Adán García Fernandez,4694754859,21
Mariana Almada Cabada,3813606783,23
Brian Ramos Leo,0278780560,24
Ernesto Andre Fernandez,0609909884,23
Adán López Castañeda,5753876114,19
Guadalupe González Martínez,1201943187,23
Carlos Islas Cabada,0679136143,21
Elvia Heras Caro,0657462858,23
Sebastián Elías Camacho,6891467324,18
Lourdes Camacho Garza,0776009838,23
Mario Flores Monteverde,0085513540,22
Armando Caro Arvizu,8014726100,24
Kevin Fernandez Rosas,4735945520,22
Alberto Gutierrez Jimenez,9578102561,21
Raquel Rojas Chávez,3527116826,18
Julio Pino Piña,6217909490,20
Karen Ochoa Medina,9414523451,24
Ana Cadena González,0430843904,21
Susana Ramirez Ramirez,9275111011,23
Lourdes Aldama Durazo,8354318565,20
Alan Camacho Valle,9666405054,23
Elvia Alemán Pulido,5646838719,20
Raquel Pérez Rosas,6281618550,25
Julio Ortiz Cruz,0265755499,19
Socorro Ozuna Romero,8792437147,20
Brian Heras Heras,1077629660,19
Kimberly Martínez Rojas,1506923340,25
Rafael Yanes Ayala,9993511554,25
José Reza Reza,9661769226,20
Julián Galaz Cabada,7513581452,25
Juan Wong Durazo,2167152637,20
César Rosas Coronado,6251424410,24
Teresa Aldama Rosas,0593583874,20
Teresa Cruz Mata,0502840988,22
Kenia Chávez Rojas,4718923552,18
César Almada Cruz,5320169725,19
Raquel Medina Rosas,5507882229,23
Carlos Peña Fernandez,3791121144,21
América Peña Ramirez,4065119212,21
Brian Romero Lobo,5872039312,23
Sebastián Encinas Ramirez,3839659228,20
Socorro Galaz Valle,3794592273,18
Kim Lobo Garza,6702693182,25
María Córdova Galaz,5629204978,22
Luis Escalante Heras,2369589273,24
Ema Aldama Alemán,7065374170,20
Julián Calles Gutierrez,1360082965,22
Ema Piña Arvizu,0640947278,20
Ana Flores Rodríguez,2152693799,20
Julián Balderrama Peña,4152289676,19
Alan Arroyo Yanes,3878159157,18
Susana Rojas Mata,7137173603,25
Fernanda Arroyo Heras,3707224484,19
Armando Galaz Ochoa,7285901279,22
Ema Cano Escalante,0298069766,21
Kim Verduzco Arredondo,5582686937,18
Rafael Islas Cadena,8331746001,23
Czarina Jimenez Ochoa,6521418177,22
Karina Vazquez Garza,1426471991,25
Ernesto Jimenez Caro,3997923424,25
Rosa García Calles,5110589507,19
Lourdes González Tellez,3008006978,21
Sebastián Jimenez Alemán,6137678371,25
Domingo Lobo Ochoa,3444714287,24
Kevin Romero Córdova,6147977124,21
Kevin Rojas Monteverde,4567025300,19
Susana Caro Ochoa,6336577911,19
Isabel Galaz Chávez,7661784316,20
Lourdes Elías Camacho,5171618967,23
Carlos González Moreno,1111356049,24
Julián Castañeda Chávez,8485175874,24
Fernanda Almada Rodríguez,3388064469,22
Lourdes Calles Tellez,0250466803,21
Rosa Tellez Andre,5008998176,20
Alberto Calles Ochoa,3085749488,22
Ada Alemán Chávez,4107169041,25
Kenia Cabada Aldama,8405221423,22
Alan Peña Garza,0842410464,19
Kimberly Peña Yanes,4164433604,19
Domingo Mendez Almada,4006343528,21
Domingo Rodríguez Chávez,5995606349,25
Kevin Martínez Reza,0081477615,19
Czarina Escalante Ramos,6258692790,19
Alan Romero Espinoza,2828698441,24
Alan Balderrama Cabada,3210925840,22
Sebastián Espinoza Rosales,8138019751,22
Mariana Cuevas Escalante,9432046597,23
Domingo Nuñez Mendez,5133569205,19
María Pulido Valle,4792591456,21
Karla García Cano,7108321367,22
Karla Cano Cruz,9139757331,23
Eva Caro González,4162492313,23
Juan Encinas González,9452763095,24
Guadalupe Alemán Valle,3996354226,21
Domingo Reza Rosas,2838608913,22
Brian Cano Ayala,1979974816,20
Rafael Rosales Cabada,5319241183,20
Luis López Valle,7593978918,19
Susana Castañeda Rojas,7589565901,21
Adán Heras Domínguez,9290694675,19
Armando Cruz Ramos,8872715296,25
Sebastián Ramirez Chávez,2255494129,21
Sebastián Valle Monteverde,4919757411,21
Kevin Jimenez Aldama,9923235276,19
Teresa Piña Cuevas,3359030998,18
Elvia Encinas Andre,8562332408,22
Adán Almada Gutierrez,2579161562,23
Mario Mancera Valle,4102509103,18
Alan Martínez Cadena,5650505995,25
Rafael Alemán Ayala,4290084291,20
Adán Moreno Galaz,0839190238,22
María Camacho Rosas,8448638407,20
Julián Moreno Ramirez,0178742433,24
César Córdova Medina,8865937406,19
María Garza Yanes,4532771176,25
Kim Espinoza Nuñez,5875315098,18
Susana Galaz Castañeda,8109448118,20
Ada Ramirez Martínez,0537679994,24
Eva Escalante Balderrama,8332610619,24
Susana Escalante Cuevas,5901534900,25
Mario Alemán Jimenez,0703020224,23
Mariana Fernandez Durazo,8976279797,25
Carlos Cano Reyes,3563523514,21
Socorro Pino Durazo,5316119438,23
Armando Balderrama Balderrama,7858516835,24
Lourdes Caro Coronado,9181629948,22
César Aldama López,9636585483,18
Julio Gutierrez Lobo,8403369165,18
Susana Ortiz García,8503198184,24
Karla Leo Vazquez,7806143354,22
Julio González Garza,4710714053,25
Eva Wong Cadena,9057503212,19
César García Lobo,6495953118,22
Rafael Galaz Córdova,2982024582,24
José Arroyo Escalante,8554264899,18
Mario Romero Mancera,2278745478,22
Ana Yanes Cadena,2176509043,21
Ana Chávez Flores,6799304037,24
Domingo Aldama Ramos,5432286989,19
Adán Lobo Camacho,2982800639,24
Isabel Encinas Arredondo,4077501523,24
Regina Elías Vazquez,5053677452,22
Guadalupe Gutierrez Calles,9484984179,21
Guadalupe Leo Cadena,0412461896,18
Teresa Pulido Valenzuela,4227621264,23
Rafael Pérez Durazo,8994483155,25
Susana Reza Valle,2488235704,23
Julio Leo Lobo,8541587265,21
Domingo Tellez Rojas,4353231710,21
Isabel González Jimenez,9422612951,21
Carlos Mendez Islas,9258769559,20
Alberto Pino Valle,0510246230,19
César Córdova González,9941200996,22
José Tellez Ayala,6894885996,25
Adán Tellez Leo,7744000444,20
Ernesto Cuevas Almada,4063323626,22
Adán Pino Pino,2841844197,18
Regina Andre López,7018509267,19
Sebastián López Piña,3197837859,21
Karen Flores Reyes,5420951401,19
Fernanda Reza Moreno,7151215754,22
Regina Valle González,4392321898,22
Sebastián Ayala Orozco,5811093764,20
Armando Reza Moreno,0809877715,24
Mariana Gutierrez Mendez,0581421818,24
Julián Piña Arroyo,7288792138,21
Luis Durazo Martínez,8425647642,23
Ada Orozco López,4825821194,20
Rosa Ramos Escalante,6724064002,24
Elvia Islas Ramos,2501222669,24
Sebastián Ochoa Cadena,9304492733,19
Juan Espinoza Rosales,3975867073,24
Kevin Fernandez Ortiz,1294077694,20
Mariana Espinoza Durazo,0115834382,20
Domingo Garza Peña,5559164367,18
Luis Ozuna Escalante,0016287212,25
Eva Peña Calles,4094273369,20
Lourdes Cuevas Córdova,4238870006,20
Julián Ochoa Galaz,0676046531,24
Luis Encinas Mancera,8682874421,23
Raquel Mendoza Ayala,9651159282,22
Alan Alemán Chávez,3575675771,22
César Leo Romero,8949472225,22
Ema Medina Piña,4793122614,21
Socorro Galaz Reza,2310696926,20
Juan Cruz Valle,4391647207,25
Ada Chávez Flores,3259688296,24
Alberto Mendez Espinoza,8088100005,18
Kimberly Jimenez Moreno,2910450973,18
Isabel Reyes Orozco,1035743830,20
Mariana Ayala Ayala,3701719402,22
Ada González Pino,9981636370,21
Brian Domínguez Cadena,4938652477,18
Alan Rosas Cano,3523045133,20
Ernesto Cano Peña,4731446032,19
Ana Ortiz Mancera,8875646715,25
Karen Espinoza Cadena,9343213630,25
América Pulido Heras,3520181073,25
Mariana Ortiz Balderrama,5501652355,25
Adán Romero Cuevas,8529048350,23
América Rosas Calles,6298329836,20
Raquel Rodríguez González,3030764329,18
María Medina Galaz,1678480283,19
Eva Ayala Verduzco,5107604793,21
Regina Ozuna Gutierrez,3358664216,22
Elvia Arroyo Ramirez,1055953621,21
Susana Castañeda Ochoa,9750757802,22
Carlos Peña Flores,4501031009,25
Rafael Ayala Alemán,4490363858,25
Mario Wong Encinas,6043951051,19
Rafael Castañeda Balderrama,9549532954,20
Karla Aldama Ayala,5758479061,22
Karla Rosas Rosas,2081379149,18
Brian Flores Castañeda,7135271699,22
Raquel Valle Rosas,1694552030,20
Alberto Rosales Mata,0791397444,18
Ernesto Wong Reyes,3291744100,24
Juan Balderrama Rojas,8880634758,19
Brian Garza Peña,7130647371,21
Ada Galaz Valle,2408110099,20
María Moreno Jimenez,0614527090,20
Ernesto Flores Balderrama,9763576395,24
Juan Cuevas Ortiz,0880681654,19
Kenia Escalante Verduzco,3831782297,25
Ana Yanes Mata,0763313875,19
Luis Caro Calles,9958327726,19
Czarina Rosas Pino,9673474492,19
Ernesto Reyes Valenzuela,0258327183,19
Lourdes Caro Nuñez,0866382993,23
Eva Calles Yanes,8060660304,23
Ema Medina Encinas,3010530538,22
César Verduzco Alemán,3713327790,21
Alan Elías Tellez,0847964475,20
Brian Cadena Espinoza,5937414908,21
Guadalupe Reza Leo,3959186327,25
Czarina Fernandez Cabada,1267233174,20
Julio Encinas Lobo,4236595852,22
Sebastián Ayala Chávez,3532354079,24
Kim Lobo Pino,9093950962,20
María Elías Mendez,2038419884,18
Fernanda Cuevas Lobo,1958521368,19
César Ramos Calles,1110694526,21
Armando Ozuna García,5893744250,21
América Cruz Mancera,2794947655,19
Armando Wong Islas,0626008923,20
Mariana Valenzuela Flores,1886909783,23
Luis Tellez Monteverde,4181347575,19
Susana Verduzco Rosas,4490541519,25
Kenia Flores Cadena,3865832076,18
Alberto Reyes Córdova,3638537035,19
José Islas Islas,0922695395,20
Lourdes Elías Romero,8778678651,20
Brian Chávez Rosales,8726475162,25
Guadalupe Cuevas Moreno,4798745160,20
Domingo Durazo Lobo,5167247905,21
José Arredondo Aldama,8699403965,21
Isabel Mancera Arroyo,6728724471,19
América Rojas Cano,3518498040,18
Ada Lobo Reza,1305009148,23
Julio Pulido Rosales,6771607613,23
Sebastián Caro Martínez,5056811478,22
Eva Pérez Escalante,1491007280,19
María Andre Cadena,1790423460,20
Mario Cruz Ramos,7724778116,22
Karla Ozuna Lobo,0679811872,24
Sebastián Tellez Rosas,1984777918,22
José Camacho Vazquez,3920859124,22
Alberto Calles Córdova,8529738806,24
Armando Ramos Pino,2046408855,18
Rafael Almada Cano,3605740736,18
Susana Ozuna Caro,9230541233,25
Ema Martínez Aldama,4099629589,20
Julián Ortiz Peña,4250669742,21
Karla Mendoza Ochoa,5475989807,19
Socorro López Caro,9531437575,18
Regina Camacho Coronado,5952975445,19
Mariana Coronado González,9267028259,19
Carlos Mata Reyes,5895593904,18
Alan Escalante Vazquez,8914309184,20
Kim Cadena Mendez,9201044049,24
César Ayala Coronado,8948076819,20
Luis Cuevas Pérez,4312443173,21
Mario González Balderrama,3461538014,20
Alberto Encinas Peña,7962139062,23
Adán Cano Piña,2854055489,21
Brian Martínez Encinas,5353084047,20
José Arvizu Moreno,7655505826,22
Brian Mendoza Caro,2062878846,23
Ada Espinoza Gutierrez,5538899222,25
Carlos Escalante Rodríguez,6782351304,24
Rafael Cruz Almada,8573778901,18
Isabel Peña Alemán,7408558895,25
Carlos Ortiz Arvizu,5345144418,20
Raquel Pérez Ortiz,2559648166,18
Juan Orozco Cuevas,0419504401,23
José Garza Cuevas,5974696291,23
Mario Medina Balderrama,1695959644,18
Julio Garza Leo,7340870905,18
Ada Moreno Balderrama,5869012791,18
Mario Cruz Piña,8299892977,21
Ema Domínguez Piña,4045424551,22
Juan Escalante Pino,2783927671,21
Guadalupe García Ramos,9771977603,19
Mariana Martínez Romero,7253616501,23
Brian Flores Mendez,5062792443,18
Kenia Ramirez Ozuna,0985219807,19
Kenia Valenzuela Ochoa,9079059772,25
Isabel Chávez Espinoza,2900743394,21
Ema Islas Gutierrez,8155968459,21
Carlos Verduzco Castañeda,6583596808,22
Socorro Cadena Escalante,1003815027,20
Mario Durazo Almada,2590253943,21
Adán Verduzco Arvizu,7622215689,19
Carlos Monteverde Calles,3152745055,23
América Alemán Arvizu,0993475577,23
Kenia Rosas Jimenez,2407485287,21
Teresa Escalante Almada,7196200901,24
Kimberly Valenzuela Garza,3172596532,20
Kenia Martínez Arredondo,1784744623,18
José Cadena Alemán,3611235705,23
Julián Reza Reyes,2003558152,19
Luis Peña Almada,8357460354,19
Karen Rodríguez Nuñez,6613098180,24
Fernanda Yanes Rojas,6927646428,24
César Pino Orozco,6869570993,25
Kim Ramos Cadena,8653148834,18
Regina Romero Yanes,8033411958,21
Mariana García Ochoa,9101542799,23
Adán Vazquez Rosas,4607258721,23
Julián Leo Peña,6001396407,18
Domingo Nuñez Moreno,5059354100,18
Mario Heras Elías,6119782190,25
Fernanda Elías Cruz,8179994559,24
Luis Mendoza Coronado,0819343347,21
Eva Arredondo Rosales,2973278661,20
Lourdes Vazquez Ortiz,7831827826,19
Kim Andre Tellez,7883266456,21
Fernanda Galaz Pérez,7105469919,24
Armando Córdova Gutierrez,4809011683,24
Carlos Almada Peña,1943134132,19
Julián Pérez Vazquez,7926017594,20
Carlos Cruz Piña,6267615295,18
Brian González Heras,2238032843,18
Kevin Ochoa Orozco,3124784524,21
Lourdes Cruz Cruz,7920907185,23
Sebastián Tellez Córdova,7422459096,19
Sebastián Fernandez Garza,2329007085,22
Juan Valenzuela Pérez,1749652623,19
Ana Cuevas Yanes,8980263835,24
Mario Espinoza Ramos,0113484957,21
Raquel Medina Martínez,8134648241,18
Kimberly Cano Garza,6346451830,24
Karina Monteverde Aldama,4191746950,18
César Espinoza Chávez,8003476321,20
Mario Garza Ramirez,0338835226,23
Karina Ochoa Arredondo,5698116957,18
Armando Elías Calles,7334772181,21
Domingo Andre Galaz,8037718182,19
Adán Gutierrez Ortiz,5950060557,20
Raquel Domínguez Jimenez,5547809764,22
Ada Pino Ochoa,4000418045,24
Ernesto Durazo Almada,9001606818,21
Isabel Galaz Balderrama,7616850510,24
Ana Vazquez Mancera,4395459575,19
Adán Verduzco Chávez,0592741392,18
Kevin Piña Balderrama,6184336228,20
Susana Tellez Aldama,5307189508,20
Czarina Rosas Mancera,6975421681,25
Isabel Tellez Valenzuela,1060176555,18
Ema Arredondo Valle,0557978624,19
Alberto Ochoa Ramos,8346191673,25
Ema Chávez Nuñez,5999180783,24
Julián Durazo Monteverde,2153533422,20
Alan Mancera Ramos,1365213555,22
Susana Ochoa Moreno,1292636040,21
Elvia Ochoa Mendoza,6560791699,18
Julio Fernandez Camacho,7919141584,24
Czarina García Romero,7061847451,22
Domingo Cruz González,9856347900,22
Fernanda Rosales Cadena,5957468008,23
Domingo Flores Vazquez,8970039669,23
Karla Leo Monteverde,7958622890,18
Teresa Rodríguez Ozuna,7065224457,19
Lourdes Arvizu Moreno,4653201766,23
Eva Cano Martínez,8051438391,25
Elvia Cuevas Heras,5655494353,21
Kimberly Mendoza Ayala,8140637458,22
Ema Cuevas Martínez,3342014913,22
Teresa Gutierrez Islas,7261383154,18
Alberto Pérez Ozuna,7580785406,19
Eva Wong Ortiz,5648062313,21
Regina García Mendez,5938001190,23
Isabel García Encinas,3325908944,18
Juan Garza Ochoa,1252329886,23
América Pino Camacho,4609315824,21
Susana Espinoza Castañeda,9262267875,23
Fernanda Rojas Martínez,6329250910,23
Isabel Domínguez Encinas,6094170871,18
Kevin Elías Alemán,8950954149,25
Ada Alemán Islas,6340937961,19
Rosa Reza González,8729037586,23
Domingo Coronado López,0953168382,22
Juan Calles Chávez,5635555238,23
Sebastián Yanes Almada,0397319023,23
Kimberly Moreno Mancera,2378985563,24
José Durazo Orozco,5432672325,22
Lourdes Tellez Valle,6378746588,18
Julián Valle Reyes,1283983880,23
Carlos Camacho Almada,1944702633,18
Karina Jimenez Rojas,0838450900,20
Julio Balderrama Alemán,3491273426,21
Brian Camacho Córdova,8186063250,19
Karina Castañeda Ramos,5530992585,22
María Cuevas Reza,6202368692,24
César Ramos Medina,2715720325,23
Brian Rojas Monteverde,2010455960,19
Isabel Ochoa Arvizu,5239790600,25
Ada Mata Romero,9337966339,19
Regina Romero Ochoa,8358321080,22
Socorro Durazo García,1628447757,24
Sebastián Yanes Heras,6633102679,21
Rafael Durazo Fernandez,6365684158,20
Alan Balderrama Pino,2823835191,23
José Espinoza Pérez,6619744186,25
César Rosas Gutierrez,7928814723,22
Mario Pino Wong,8579804646,24
Rosa Espinoza Martínez,1219704302,21
César Pérez Castañeda,1832318620,24
Domingo Moreno Rosales,7482325778,18
Karina Pino López,9702716048,20
Brian Romero Ochoa,2617812297,23
Armando Pérez Escalante,8769729540,21
Regina Durazo Rojas,5873908593,23
Armando Galaz Ozuna,1280806865,19
Czarina Cadena Calles,8936186876,23
Lourdes Mancera Calles,9116211524,21
Mario Córdova Tellez,4310531675,25
Domingo Escalante Vazquez,6932282351,18
Eva Ramos Arvizu,8614768988,18
Ada Monteverde Pérez,9847840298,22
Raquel Piña Mata,1008723175,21
Raquel Yanes Ortiz,2935906091,19
Elvia Cruz Cuevas,5213982987,23
María Coronado Fernandez,1876024782,21
Mariana Pulido Arredondo,0532879129,24
Juan Encinas López,9738436128,23
Julián Mendez Rosas,4653135341,18
Elvia Martínez Córdova,1916364417,22
Regina Leo Balderrama,9520664197,20
Guadalupe Medina Wong,6854572339,24
Carlos Monteverde Orozco,3618349905,18
Juan Islas Cabada,4352658960,25
Rafael Escalante Mancera,1136970132,20
María López Caro,7299593324,18
Brian Mendoza Lobo,1228220940,23
Isabel Valle Reyes,0834549899,24
María Garza Pino,2418685621,20
María Rojas Gutierrez,6682383935,19
Karla Chávez Calles,3753294104,23
Ema Almada Lobo,4369107735,22
Luis Cadena Ozuna,9917457283,23
Alberto Encinas Chávez,3653858295,21
Ema Arredondo Ramirez,2736249294,19
César Cuevas Escalante,4465321979,24
César Romero Vazquez,7700277620,21
Julián Martínez Cuevas,6471957602,19
Karen Cadena Peña,7281648430,23
Mario Córdova Escalante,8274612718,18
Rafael Domínguez Leo,0585366449,24
Czarina Chávez Lobo,3331451088,22
Mariana Cabada Mancera,7287512537,24
Kenia Mancera Castañeda,9649965617,18
Alberto Nuñez Rosales,5769283765,21
Carlos Mendoza Verduzco,8801311546,19
José Cruz Islas,2330554213,20
Karen Yanes Rosales,4085057914,25
José Camacho Piña,4548685955,18
Domingo Reza Vazquez,4311335309,25
Luis Rosas Ortiz,4155278112,20
Julián Pulido Yanes,1743477023,24
José Durazo Cadena,1704393384,22
Guadalupe Islas Andre,1417290292,18
Juan Espinoza Camacho,2025711770,19
Carlos Cano Encinas,2891943366,23
María Reza Garza,5206119641,22
Regina Valle Andre,0908864817,25
Ada Mendez Vazquez,1192154823,25
Armando Ramirez Ochoa,9805263673,25
Teresa Domínguez Flores,8707871404,21
Luis Mata Yanes,4131615536,21
Czarina Arroyo Medina,5020975981,19
Carlos Pulido Caro,2090805567,19
Karla Elías Camacho,1791018786,19
Karla Ochoa Camacho,7088532218,23
Sebastián Heras Cuevas,2052648909,19
Mariana Verduzco Mancera,3146788426,22
Mariana Arroyo Andre,9501113205,21
Brian Valenzuela Romero,4206097579,20
Fernanda Cano Yanes,8738936050,19
Fernanda Rosales Pérez,0364626095,19
Julián Encinas Martínez,6341829191,18
Czarina Chávez Caro,5310809284,22
Armando Alemán Castañeda,5282421659,24
Alberto Ramos García,5371540647,21
Karla Galaz Camacho,2170940970,22
Ana García Rosas,7273665806,20
Mariana Romero Coronado,5122127005,18
Teresa Pérez Medina,5627834881,25
Mariana Andre Arroyo,1832986376,23
Raquel Monteverde Ortiz,2206197831,22
Susana Caro Valenzuela,5928921878,23
Rafael Medina Fernandez,0598892143,18
Kimberly Cadena García,9070393480,21
Rosa Rosas Heras,2131249431,25
Ernesto Piña López,0056521823,24
Ana Córdova Verduzco,6135302648,18
Socorro Jimenez Cadena,7445410052,20
Juan Mendoza Jimenez,0969404946,23
Kevin Moreno Aldama,4872647511,21
Mariana Wong Reyes,0950408190,22
Luis Tellez Escalante,2062147851,24
Julián Peña Elías,1332271106,18
Domingo Elías Ochoa,5978070477,21
Ernesto Arvizu Nuñez,3184537292,22
Karen Elías Cruz,4361019187,19
Czarina Arvizu Ozuna,1023981068,20
César Pérez Cano,9799005323,23
Carlos Encinas Encinas,0695527213,19
Adán Wong Pino,4275104209,19
Fernanda Jimenez Martínez,8157420275,22
Carlos Ramirez Arroyo,2292611022,19
José Moreno López,1544284159,23
José Valenzuela Aldama,2474475336,22
Luis Andre Moreno,0037670457,23
María Ozuna Wong,0937800895,21
Carlos Flores Calles,1721497634,19
Sebastián Ramos Yanes,4204896510,25
América González Pino,6912178635,23
Julio Mancera Coronado,6342704080,22
Sebastián Mata Mata,4287024275,20
Karina Chávez Ortiz,9790827896,22
Alberto Nuñez Mancera,5565231411,25
Luis Castañeda Verduzco,4305680671,18
Carlos Piña Nuñez,8781375640,22
Lourdes Rosas Fernandez,9048719719,21
Carlos Piña Castañeda,8865774075,24
Alan Mata Arroyo,6690020198,25
Ernesto Moreno Medina,4740798021,18
Raquel Ramirez Lobo,8683652098,19
Kim Andre Ayala,4053054327,21
Carlos Fernandez Pérez,4267641898,19
Ana Jimenez Cabada,8648762366,25
Kimberly Cruz Coronado,1521019167,20
Raquel Fernandez González,6602196294,23
Rafael Cabada Ramos,0851096405,22
Juan Coronado Leo,8862866633,25
Fernanda Lobo Nuñez,4022019927,25
Regina Verduzco Durazo,1288016615,25
Czarina Domínguez Elías,4001013810,20
Ana Coronado Yanes,3052790134,20
Karen Ayala Ramos,3102524592,23
Carlos Yanes Ramirez,9465339596,21
César Vazquez Pino,5739353680,18
Kenia Cano Arroyo,5563989462,18
Mario González García,9643758889,20
Regina García Nuñez,8724553085,21
Elvia Mata Jimenez,5760237917,20
Elvia Chávez Ochoa,0040105938,20
Brian Medina Valenzuela,2680090928,22
Lourdes Yanes Arvizu,1947684656,23
Isabel Valenzuela Verduzco,5354876309,20
Fernanda Flores Mancera,4975942754,22
Ema Durazo Balderrama,9655133689,22
Mariana Almada Peña,7964133110,18
Kenia Ortiz Romero,8041267784,25
Lourdes Reyes Flores,5123299052,21
Ema Coronado Rodríguez,5264417667,23
Kevin Arroyo Leo,4228529662,23
Kim Ramos Garza,5657970249,25
Armando Nuñez Alemán,0938978897,22
Karla Camacho Yanes,7880857029,23
Elvia Calles Mendez,4713102301,22
María Flores Arvizu,1918762639,23
Adán Valle Galaz,1394710424,23
Juan Reza Mendoza,5363592340,25
Alan Caro Mendoza,1496797323,19
Socorro Castañeda Ayala,9817209178,25
América Alemán Gutierrez,6322982707,19
Karina Jimenez Andre,4993752911,19
Kenia Martínez Elías,2226188419,22
Armando López Cadena,7583119206,25
Alan Córdova Caro,4552992245,20
Ana Camacho Galaz,8543331832,19
Luis Coronado Wong,3495322123,23
Socorro Arvizu Córdova,5819563270,24
Teresa Ochoa Andre,0478548592,18
José Tellez Reza,4379714038,22
Kimberly González Cano,1698261804,20
Ernesto Moreno Rosas,9818795584,24
César Chávez Camacho,7446389611,23
Julio Cano Gutierrez,8459279595,18
Ernesto García Mancera,8888228540,25
Alberto Mendez Ochoa,2268361715,25
Isabel Pérez Cuevas,5444449685,21
Elvia Coronado Arroyo,7447798849,20
Julián Andre Escalante,1693330557,19
José Flores Arroyo,3547679884,20
Karina Cabada Valenzuela,7495891300,22
Alan Fernandez Romero,4428943596,19
Kevin Cuevas Chávez,7747230347,20
Rafael Ozuna Rodríguez,4862255117,23
Carlos Ramirez Rodríguez,8520120937,21
Armando Cuevas Encinas,1978343359,24
Ada Leo Moreno,9120998719,18
Rafael López Ochoa,0784332451,24
Guadalupe Ramirez Ochoa,6463435047,23
José Mancera Elías,8347703158,20
Carlos Valenzuela Córdova,3712078198,20
Alan Orozco Vazquez,1656803071,18
Mario Chávez Durazo,1550473831,20
Kenia Andre Coronado,7572830981,22
Karla López Orozco,3628477637,19
Isabel Vazquez Cano,2035973207,22
Sebastián Ramirez Ortiz,2508887285,21
Armando Encinas Heras,1363659189,21
Alan Peña Castañeda,3953350169,23
Julián González Flores,4728148884,19
Karen Piña Heras,5149037388,20
Karen Vazquez Cuevas,3471395304,18
Mario Pulido Tellez,4266513764,25
Sebastián García Córdova,9037802359,21
Elvia Yanes Rodríguez,0853451056,21
Brian Domínguez Ochoa,2211410226,23
Kenia Medina Chávez,3438119796,25
Elvia Arredondo Galaz,5984606503,23
Kenia Arvizu Domínguez,3071917800,23
Ernesto Córdova Islas,9457393540,21
Rosa Durazo Domínguez,9742488191,23
Elvia Moreno Domínguez,8532565088,21
Isabel Castañeda Chávez,1711791666,24
Raquel Mata Romero,9196758465,22
Ernesto Ozuna López,7263263433,21
Kimberly Chávez Aldama,4976442764,25
Guadalupe Lobo Rosales,5812528991,19
Adán Chávez Peña,5824658150,18
Isabel Rosas Arredondo,2457323461,20
Julián González Cano,2512795985,22
Regina Almada Pulido,6964512465,25
Alan Romero Cano,5591403733,18
Lourdes Mendez Ramos,4223387193,21
Julio Coronado Peña,5358134304,21
Domingo Vazquez Balderrama,0734715600,25
Karina Rosales Nuñez,5127147295,24
Julio Fernandez Rosas,5247531361,23
Kim Durazo Jimenez,7394912548,22
Mario Ramirez Ochoa,4645031274,19
Brian Cabada Martínez,6997791942,22
Kenia Escalante Mancera,8990698641,19
Isabel Pérez Mancera,0285855628,18
Kim Monteverde Moreno,8686097975,25
América Islas Arroyo,3519968665,25
Rafael Domínguez Arvizu,8711208522,23
Raquel Domínguez Valenzuela,3670045032,18
Juan Ramos Jimenez,3632429610,19
César Rodríguez Castañeda,8433393696,23
José Andre Peña,5005125992,21
Karina Camacho Arvizu,4353519943,22
América Rodríguez Moreno,1669382934,20
Domingo Reyes Valenzuela,6283605903,25
Rosa Elías Mendez,7010600150,22
Sebastián Castañeda López,3653778469,23
Guadalupe Valle Medina,2537823136,25
Alan González Heras,9915511940,18
Kim Andre Rosas,6652335805,25
Alberto Calles Ramirez,4224908362,22
Karen Cadena Yanes,9595574841,21
Karina González Escalante,2741799338,22
Fernanda Domínguez Moreno,6108735792,19
Carlos Rosas Medina,8609585247,22
Susana Ayala Durazo,4765969316,19
Julián Reza Córdova,8487965250,20
Kim Ramos Cruz,8402391705,18
Karla Ramos Rosas,6304755036,24
Mariana Ramirez Jimenez,0614802898,19
César Moreno Ozuna,5284715187,22
Ernesto Ozuna Cadena,9087495656,21
Rafael Arvizu Reyes,8643302481,20
América Wong Valle,2071454777,23
Mario Ozuna Cuevas,7235975187,19
Domingo Ochoa Gutierrez,0236520550,22
Juan Cruz Mata,1273765004,21
Armando Martínez Alemán,2993320425,19
América Romero Verduzco,4583694099,25
Teresa Valle Alemán,5958059088,19
Julián Islas Moreno,0032654929,18
César Durazo Rosas,7795814391,21
Ana Orozco Rosales,2901010268,18
Eva Ortiz Rosales,5216202286,23
José Vazquez Cuevas,9186366617,20
Domingo Arroyo Galaz,3955919322,24
Mario Andre Castañeda,0322294576,24
Brian Peña Mancera,1551865256,18
Kenia Tellez González,9550870355,23
Susana Pino Gutierrez,0791700770,19
Elvia Pulido Castañeda,9599129282,24
Ernesto Pulido Pulido,9340763812,21
Ada Cruz Balderrama,7283376354,18
Karina Castañeda Aldama,0985563190,19
Eva Coronado Domínguez,2527251584,21
Rosa Reza Garza,7673089850,22
Alan Piña Piña,0971620151,20
Ernesto Camacho Balderrama,3531749040,23
Armando Piña Pérez,2346521316,20
Raquel Ozuna Ramirez,6164116550,23
Alberto Galaz Verduzco,1757912842,24
Raquel Peña Yanes,7516190574,18
Karla Romero Monteverde,1822315859,25
Ernesto Peña Ochoa,5653313663,20
Raquel Espinoza Galaz,9038872771,24
Armando Martínez Rosales,7993143530,18
Karina Heras Garza,4375127586,19
Rosa Lobo Rodríguez,2994907758,22
Mariana Vazquez Coronado,2898297520,23
Carlos Valenzuela Orozco,3670743016,23
Lourdes Camacho Cadena,0488445732,19
Eva Arredondo Arroyo,4097829601,22
Fernanda Pulido Rosales,8006129672,19
Eva Coronado Ochoa,6175990426,20
Rafael Mata Lobo,8821458683,23
Juan Flores Garza,4683094190,25
Alan Rodríguez Rosas,0881259563,21
Kenia Rojas Ayala,4079679072,25
Julio Reyes Ortiz,9137450778,21
Alberto Cruz Cabada,8058485813,20
Regina Tellez Ochoa,0850919379,24
César Camacho Leo,4586643353,19
Kevin Ayala Durazo,8651028624,18
Mariana Chávez Romero,2400234570,21
Ada Balderrama Heras,4518533348,19
Elvia Ramos Reyes,4137021081,23
Alan Lobo Cadena,4703139283,21
Isabel Reyes Almada,3135186753,19
Ernesto Chávez Ayala,0507586776,20
César Cano Espinoza,2831437111,25
César Valle Mancera,8950301408,24
Karina Mancera Alemán,6920563197,24
Fernanda González Escalante,3020060190,24
Ema Durazo Camacho,0559466490,25
Socorro Cabada Leo,4381142858,21
Karina Orozco Cruz,2036965918,25
Ernesto Moreno Arredondo,7540976676,19
Juan Medina Elías,8165077655,22
Czarina Gutierrez Fernandez,3204907382,18
Sebastián Ayala Cadena,3193773232,23
Kevin Garza Córdova,8185240323,18
Carlos Rodríguez Cadena,7900685836,22
Czarina Gutierrez Chávez,1271767860,19
Czarina Camacho Escalante,9406293134,22
Raquel Almada Domínguez,7236506996,22
Ema Nuñez Islas,1559102348,23
Ada Flores Ramos,3305788377,25
Kenia Caro López,1395698213,21
Sebastián Almada Ramos,8777102484,20
Rafael Mancera Lobo,2189489581,18
Regina Flores Ortiz,3449933370,18
Ernesto Aldama Mendez,0375451612,18
Kim Piña Alemán,3680152879,18
Fernanda Cano Cuevas,3271391627,19
Mario Medina Pulido,2472160714,23
Ernesto Balderrama Jimenez,4614411050,25
Kimberly Cadena Heras,4181761004,21
Raquel Ozuna García,2205706069,18
Juan Cuevas Rojas,3963630626,24
Ana González Moreno,4137768349,20
Brian Heras Reza,0516567667,21
Alan Peña Fernandez,9841616891,20
María Almada Verduzco,8423651363,19
María Córdova Piña,7991193576,18
Alberto Córdova Galaz,5307018427,18
Ada Heras Cruz,0646759138,24
Carlos Chávez Ozuna,0144446062,20
Carlos Fernandez Tellez,8091380911,25
Carlos Monteverde Cano,0555242542,18
Ema Reza Nuñez,7538379330,21
Regina Heras Vazquez,0344827036,23
Regina Cruz Leo,3181715459,18
Raquel Pino Cano,6758789791,20
Karen Arredondo Moreno,8299697358,22
Lourdes Pérez Ramirez,4963365416,19
Teresa Encinas Aldama,2599548301,23
Mario Cruz Rojas,2290654645,22
Ana Arvizu Rodríguez,2354144405,18
Eva Garza Balderrama,5360862542,25
Alberto Rosales Ozuna,7546146489,19
José Romero Ochoa,5768080062,18
Kenia Chávez Moreno,9543700934,18
Sebastián Espinoza Encinas,2021993077,23
Karina García Peña,4407507573,22
Eva Arvizu Cabada,8655492504,19
Adán Caro Valenzuela,0399931428,25
Ernesto Rosales Chávez,4876850886,25
Ema Ayala Romero,8565500569,22
Karina Garza López,8914523714,22
Julián Ortiz García,1348629174,18
Ada Escalante Fernandez,8458255162,18
Rosa Rodríguez Peña,7635686794,18
Carlos Valle Pino,5161534096,24
José Alemán López,9661392538,23
Teresa Rojas Flores,8642277310,25
Isabel Mancera Mata,5430704076,20
Karla Cruz Calles,7204202416,25
Domingo Moreno Reza,5017578640,19
Teresa Valle Orozco,4821176478,19
Sebastián Pulido Rosas,6990209558,24
Guadalupe Islas García,0742568743,22
Julián Cadena Reyes,8616353725,24
Armando Monteverde Ramos,4040026556,21
María Cabada Arvizu,9829758650,20
Karen García Elías,0576657756,24
Alan Balderrama Rodríguez,7091704338,22
Sebastián Wong Fernandez,5837685859,24
Susana Almada Mancera,5184055823,24
Juan Alemán Encinas,9323234221,20
Czarina Durazo Coronado,7258636321,24
Ana Andre Yanes,1836305356,24
Alberto Jimenez Arredondo,7441256796,19
Alan Camacho Balderrama,6060501892,18
Karina Reza Mendoza,9705293577,24
Mario Gutierrez Arroyo,7873858662,21
Adán Ozuna Yanes,7460979839,19
Carlos Escalante Rojas,3473195881,20
Karina Castañeda Verduzco,4580621457,21
Mariana Cadena Calles,2599363500,19
Alberto Romero Calles,8203397179,25
Ernesto Lobo Rosales,7434453942,19
María Caro Ramos,8371570135,23
Domingo López Cadena,8360227852,22
Guadalupe Pino Rosales,3298009684,18
Eva Romero Cadena,1728083165,19
Sebastián Rosales Elías,0006038930,24
Teresa Pérez Gutierrez,8131797204,22
Karen Espinoza Ramirez,3361879330,18
Julián Yanes Peña,2380991409,20
Julio Reyes Romero,2887789954,18
Carlos Valle García,7903358163,22
Mario Ortiz Aldama,9994640605,24
Ernesto Rosales Piña,3219367269,19
Armando Arredondo Córdova,2270497095,20
Brian Cuevas Ozuna,3057021914,24
Luis Cadena Galaz,2506994527,20
Kimberly Yanes Moreno,2001431695,21
Rafael Ramos Vazquez,1044354292,23
Ernesto Valle Tellez,4132030118,22
Isabel Peña Flores,5858473337,24
Regina Castañeda Córdova,5430129889,18
Mario Mendez Ozuna,0526890550,24
Raquel Mancera Cabada,3768695173,19
Fernanda Mendez Leo,1057665636,22
Mario Mendez Reyes,4934716417,22
Raquel García Coronado,8977113548,22
Raquel Medina Almada,2782799105,25
Armando Reyes Ramirez,6836827884,22
Kimberly Medina Heras,5727209157,25
Juan Arvizu Ramos,0197011127,18
Eva Rojas Mendez,3259348372,20
Adán Peña Tellez,5422312296,24
Kim Rosales Valle,8117730714,23
Luis Durazo Orozco,9153158991,20
Sebastián García Mendoza,8033079142,23
María Arvizu Calles,7845392119,22
Rosa Galaz Domínguez,5808501594,21
Ana Vazquez Ayala,1884346338,21
Luis Rodríguez Heras,6131590925,21
Ema Verduzco Reza,9280328694,18
Raquel Ochoa Rosas,8434824412,22
Isabel Yanes Islas,2026687685,18
Karina Wong Calles,8389551998,22
Rosa Alemán Orozco,4796497455,24
Susana Mendez Pérez,1058170361,21
Raquel Cabada López,3526552415,21
Kim Mendez Pino,9045395515,20
Czarina Rodríguez Arroyo,5369163870,20
Czarina Rojas Pino,9371538928,25
Juan Galaz Rojas,6421898848,21
Rafael Alemán Pino,5381722564,21
Kenia Ayala Gutierrez,2122648786,18
Julián Espinoza Córdova,6718333010,19
Mario Peña Chávez,7301476117,24
Mario Fernandez Moreno,8174808104,24
Luis Cano Garza,4045696984,21
Domingo Espinoza Monteverde,7882767778,22
Julio Valenzuela Valenzuela,2490104931,20
Kenia Galaz Yanes,2647620034,18
Ana Cuevas Espinoza,3971300526,20
Julián Lobo Ozuna,8178778690,21
Kenia Gutierrez Alemán,6280832107,21
Brian Ramos Yanes,6731830925,22
Rafael Lobo López,9538023910,18
Julián Calles Leo,5041534020,21
Sebastián Martínez Encinas,0651211774,22
Mario Arvizu Reza,7745603529,25
Susana Mendoza Reyes,7403107628,22
Kevin Lobo Durazo,8175628495,24
Julio Rosas Nuñez,9999442707,20
Julio Mendez Arroyo,5547302406,21
Julián Aldama Ayala,9783133794,18
Kimberly Balderrama Valenzuela,2927546348,20
Eva Ozuna Chávez,4127252801,21
Brian Castañeda Reyes,8200076177,18
Luis Coronado Valle,6690876109,18
Lourdes López Mancera,8182953466,21
Ema Monteverde Ramos,1889264550,18
Ema Ramirez Cano,0402700246,24
Kim Fernandez Ozuna,2315663766,25
José Cadena Cabada,5245461031,18
Alberto Islas Yanes,6865486357,21
Elvia Castañeda Córdova,0288388555,20
Lourdes Elías Rodríguez,6885555657,22
Guadalupe López Cuevas,8196917893,19
Carlos Peña Mata,6903497174,20
Armando García Rojas,6362204150,21
Eva Mendez Córdova,1441842983,19
Mariana Moreno Fernandez,7332067758,25
Sebastián Ortiz Cuevas,0023923641,24
Ana Ayala Arredondo,9415986682,22
Brian Islas Durazo,7310723455,23
César Espinoza Arroyo,2399414786,18
Ernesto Balderrama Rodríguez,1762008344,22
Julián Vazquez Orozco,7064337830,23
Eva Mancera Reyes,1017939847,20
Rosa Córdova Ozuna,3065835305,23
Domingo Rojas Arredondo,7111977737,23
Brian Vazquez Chávez,8643704094,25
Ema Garza Cano,6139839177,21
Julio Rodríguez Chávez,6975707665,22
Karina Martínez García,8401182385,20
Rafael Balderrama Jimenez,4456082108,24
Kenia Galaz Ayala,1038976278,25
Ana Tellez Ayala,4720013223,19
Mario Rojas Verduzco,9875158238,25
Julio Encinas Ramirez,2787115357,24
Carlos Ayala González,8157320939,23
Karen Fernandez Rojas,1908558693,23
Raquel González Verduzco,2768491288,19
Eva Garza Calles,0225390593,18
Fernanda Nuñez Ayala,5058675796,18
Ernesto Encinas Pino,1911903468,20
Luis Mendez Cruz,4377592295,19
Domingo Mancera Elías,0755075071,23
Susana Ortiz Almada,6717639295,20
Ernesto Chávez Balderrama,5753717949,25
Fernanda Martínez Valle,1269435823,19
Carlos Elías Cano,7194282557,22
Rosa Leo Encinas,5292681717,24
Ada Mata Pino,1367018366,20
Domingo Tellez Escalante,0287329190,23
Guadalupe Mata Encinas,4224570864,25
Kevin Chávez Rojas,3665197452,18
César Martínez Espinoza,6193254632,20
Alberto Ozuna Rojas,2182203771,22
José Calles Camacho,7942365673,24
América Ochoa Chávez,7548205476,22
Elvia Mendoza Ozuna,1519903886,22
Kevin López Jimenez,3632549099,23
Kim Garza Reyes,2434999780,20
José Nuñez Espinoza,6787003227,25
Socorro Fernandez López,5671058071,19
Sebastián Cadena Ayala,3035346548,18
Juan Escalante Tellez,6851082711,24
Lourdes Romero Tellez,9895341152,21
María Ozuna Almada,5419623968,23
Ernesto Fernandez Aldama,8651189915,20
Juan Mata Pérez,3585968695,23
Isabel Wong Orozco,0124769735,21
José Tellez Wong,8048463418,22
Ana Alemán Coronado,7450817865,24
Susana Pino López,0570051853,24
Julio Flores Garza,2402589815,20
América González Reza,6686016902,20
Kim Andre Gutierrez,8678723912,18
Alan Piña Mata,4863199833,18
Ernesto Calles Ramos,3484843817,25
Brian Rosales Cano,4205002809,18
Raquel Cadena Pino,5078204938,19
Brian Chávez Caro,0537469394,20
César Pulido Yanes,0158276112,21
María Mancera Cuevas,8423649439,22
Eva Rojas Martínez,6154228907,18
Mario Leo Pulido,7269591397,22
Susana Ayala Pino,9233655408,24
Alan Rosas Reza,0330284812,22
Kevin Arroyo Arredondo,8116021674,19
Julián Reyes Camacho,3701659164,21
Susana Aldama Arroyo,3531382194,23
Armando Ramirez Córdova,0984899786,19
Luis Verduzco Camacho,6917997049,22
Kimberly Medina Espinoza,6970785297,22
Luis Valenzuela Heras,6998132763,24
Regina Peña Islas,7610937114,23
Mariana Verduzco Leo,0981681971,25
César Vazquez Rodríguez,7638290071,23
Brian Cruz Lobo,0063431367,24
Domingo Martínez Valle,9231517426,25
Susana Medina Valle,5425101638,18
Armando Caro García,7042082332,19
Socorro Nuñez Arroyo,9553768614,18
Karina Heras Mancera,7406494068,25
Elvia Mendoza Pino,9386490387,22
Sebastián Fernandez Cabada,2760578693,18
Isabel Rodríguez Wong,9404973473,18
María Peña Fernandez,4275812136,20
Kevin Reza Almada,9949084814,20
Guadalupe Camacho Tellez,0375750173,19
Rafael Piña Rosas,1750959936,23
Eva Vazquez Camacho,7338292169,20
César Mata Arredondo,7472314928,23
Lourdes Reyes Arredondo,3174222808,22
Karina Mendez Elías,7584237565,23
Armando Orozco Fernandez,2287231037,18
Julián Arredondo Elías,8391827220,24
Luis Encinas Verduzco,9419564305,23
Adán Cruz Pulido,5898710688,25
Kevin Ochoa Lobo,6951483214,22
Ema Alemán Ochoa,6384916559,19
Juan Pino Cabada,2039965465,25
María Arvizu Escalante,2708511725,21
Ema Balderrama Mendoza,1423074211,19
Karen Mata Coronado,8269683949,20
Mario Escalante López,1464607330,22
César Pérez Valle,2052827376,19
Regina Cuevas Fernandez,1247213074,20
Ema Piña Aldama,9292906044,20
Ernesto Tellez Córdova,7296061309,22
Fernanda Elías Reyes,9318163806,21
Eva Mendoza Rosas,3924582748,19
Rafael Piña Encinas,1215776061,19
Mario Piña Lobo,9023184278,23
Adán Wong Ozuna,0624939089,18
Regina Escalante Vazquez,4951219708,20
José Cadena Pino,2618594286,25
Socorro Romero Arredondo,0440932595,23
América González Mancera,3934792830,23
José Mancera Pérez,7807872279,25
Rosa Cadena Coronado,4618098668,19
Karina Lobo Aldama,9626544761,19
Raquel López Cruz,6322864235,25
Guadalupe Alemán Encinas,6851214254,18
Juan Fernandez Martínez,2733484648,19
Brian Vazquez Ramos,9503776109,21
Ada Ramos Arroyo,3930506625,18
Ana Peña Heras,9973983533,21
María Garza Caro,6241556753,24
Brian Jimenez Gutierrez,0857563238,24
Carlos García Reza,7310811122,24
Lourdes Piña Cano,0377579731,18
Rafael Mata Camacho,6730843421,20
Socorro Escalante Mata,1617947511,24
Julián Domínguez Cabada,8051775602,20
Juan Islas Coronado,2616101006,20
América Almada Nuñez,4417087387,20
Karina Gutierrez Pulido,2455137736,18
Armando Rojas Arroyo,7195228011,18
Isabel Almada Cadena,2807550839,24
Luis López Rojas,7333678589,21
Ernesto Tellez Castañeda,5028320999,21
Czarina Fernandez García,7999122846,22
Teresa López Escalante,2222024171,22
Brian Ramos Durazo,6177847754,24
Guadalupe Medina Cruz,9562473077,19
Juan Reza Chávez,2520501979,18
Alan Valle Alemán,4661503791,23
Alan Romero Arroyo,0949257024,18
Sebastián Cuevas Mendez,6058076041,22
Mariana Arroyo Cruz,3623773918,19
Kevin Andre Cano,6649664281,23
Ana Jimenez Ochoa,6032374920,21
Adán Verduzco Gutierrez,9939744761,24
Teresa Ochoa Rosas,2660465715,18
Brian Córdova Gutierrez,8107287234,23
Mariana Valle Wong,0799774793,24
Alberto Camacho Camacho,2265421519,24
Kevin Heras Ochoa,3439829296,21
Brian Caro Caro,6440433138,21
Ernesto Orozco Peña,3242466324,18
César Gutierrez Cadena,3984238877,19
Julián Almada Caro,4480931811,25
Juan Castañeda Galaz,9836033592,18
César Cadena Rosas,5530780154,25
Ema Nuñez Romero,2014695193,19
Julián Calles Domínguez,3917118564,24
Guadalupe López Ramos,3526039629,20
Rosa Aldama Encinas,5274689263,23
Rafael Ramirez Ortiz,7086707005,23
Kevin Heras García,9625469418,20
Domingo Pulido Ramos,5977954972,20
América Reza Vazquez,6674525628,23
Julio García Pérez,1321721228,25
Fernanda Romero Castañeda,2643626917,25
Elvia Rosas Rosas,3422341808,18
Ada Arvizu Cano,9916670619,23
Julián Galaz Ochoa,8310987082,19
Sebastián Arredondo Cruz,2553550496,25
Luis Rosales Peña,6352226304,22
José Tellez Cuevas,6695726645,23
Alan Martínez Tellez,0728548667,22
Luis Pino Arvizu,7846273108,22
Adán López Peña,3431833418,20
Rosa Tellez Mata,6293241868,20
Ema Martínez Orozco,7389074291,23
Juan Reyes Ramos,4567486030,21
Adán Orozco Calles,5295773665,25
Kim Rojas Martínez,5395484740,19
Isabel Ochoa Tellez,9903106988,24
Juan Garza Rosas,4705760466,22
César Islas Monteverde,1995957841,20
Rafael Cruz Coronado,0547133864,25
Kenia Ayala González,2823468454,20
Domingo Cuevas Alemán,7254146998,19
Armando Durazo Elías,8253064074,18
Eva Nuñez Piña,5264794922,22
Alberto Peña Córdova,2550586543,19
Sebastián Mata Chávez,6387479083,18
Socorro Mata Peña,8749966707,25
Fernanda Encinas Vazquez,4160793915,21
Ernesto Ramirez Jimenez,0015196225,21
Kim Rosas Flores,6725034467,19
Regina Arroyo Tellez,8231687829,18
Kenia Balderrama Ayala,0745299082,21
Brian Castañeda Romero,4662837310,22
Rafael Castañeda Pino,0369514597,20
Karina Durazo Balderrama,4193086500,18
Carlos Andre Medina,9466094633,20
Regina Alemán Chávez,2454527885,22
Brian Piña Cruz,6917866988,23
Armando Pérez Balderrama,5366975634,20
Sebastián Romero Vazquez,2131533177,23
Adán Martínez Valenzuela,4942517041,19
Karla Vazquez Rosas,8366610796,24
Socorro Reyes Arroyo,0990222739,24
María Coronado Tellez,3799229841,24
Luis Chávez Yanes,3220049907,19
César López Moreno,1936538916,19
Kimberly Aldama Rodríguez,7058616724,18
Julio Andre Cuevas,3955567014,23
Rafael Coronado Medina,2465216405,24
Ema Rojas Romero,0913885830,23
Ana Tellez Rosales,3579658049,23
José Andre Cuevas,5478525898,23
Mariana Verduzco Cuevas,2061354719,22
Raquel Peña Rodríguez,1495313805,18
Kenia Monteverde Fernandez,4427746697,24
Adán Monteverde Ozuna,9993662172,19
Juan Ramos Pino,8582747917,22
Guadalupe González Almada,2873742858,20
Ernesto Rodríguez Arredondo,8430314318,20
Ernesto Medina Escalante,4130034261,22
Kimberly Mendoza Cuevas,7144637883,21
César Garza Rosales,1070087396,22
Kevin Mendez Piña,4620270132,25
Kenia Vazquez Cabada,9351027960,24
Alan Balderrama Nuñez,5222625656,25
Teresa Mendez Caro,3970866053,18
Ema Ochoa Nuñez,9715459861,20
Elvia Elías Durazo,9846857652,25
Armando Monteverde Espinoza,6463204637,24
Raquel Mancera Chávez,1971647437,22
Alan Aldama Durazo,3280987376,18
Domingo Lobo Galaz,1216929575,20
Domingo Mancera Verduzco,1273544063,19
Regina Rojas Cabada,6573441295,20
Rosa Ochoa Piña,3313088152,20
Domingo Fernandez Valenzuela,6475163165,18
Ada Ochoa Calles,4152039740,18
Julián López Vazquez,6356464751,19
Mariana Caro Islas,3336605710,19
Julio Fernandez Encinas,8573439205,22
Karen Cuevas Valenzuela,9750093078,18
Regina Córdova Mata,4120708467,18
América Rodríguez Ozuna,4115626448,20
José Coronado Calles,4909781026,22
Raquel Tellez Almada,3738877439,24
Lourdes Caro Arredondo,3581574511,21
Adán Arredondo Cano,9262993861,23
Karen Rosales Yanes,0311609650,23
Kevin Reza Orozco,5986863193,21
Czarina Cruz Mancera,2125406098,18
Fernanda Aldama Domínguez,8750567530,19
Karen Balderrama Romero,8472668605,22
Sebastián Garza Ortiz,5313289460,23
Ema Ochoa Córdova,9655736840,20
Armando Ozuna Cruz,7744866669,23
Teresa Castañeda Martínez,7191727773,18
Karla Caro Flores,3153012256,23
Czarina Chávez Alemán,0163177182,24
Julio Valle Durazo,1016239411,18
Ana Rosas Ramos,7781647501,20
Carlos Pérez Pino,6697100670,18
César Mendoza Rosas,7214196195,19
Alberto Encinas Moreno,0551269335,25
Adán Calles Peña,8126833610,19
América Aldama Moreno,0995121419,18
Regina Encinas Lobo,4231513693,25
Kevin Mendoza Orozco,0843181792,18
Julián Caro Ayala,4854619007,20
Eva Ochoa Orozco,3435731453,24
Raquel López Flores,3154520911,18
Susana Cabada Córdova,9354631790,23
Elvia Rojas Mata,7597369166,18
Czarina Cano Ramirez,5288848432,19
Domingo Escalante Medina,9097185212,24
Elvia Encinas Arroyo,0765682206,21
Carlos Yanes Camacho,6112429643,20
Kevin Arredondo Elías,1942769366,18
Domingo Gutierrez Jimenez,0680393951,19
Socorro Galaz Chávez,7781130164,19
Adán Moreno Orozco,4372245711,21
Domingo Aldama Nuñez,0349610177,23
Carlos Andre Rosales,1461879706,25
Carlos Orozco Córdova,6090678907,23
Alberto Mendoza Leo,3628768025,19
Sebastián Piña Islas,0203201452,23
Luis Heras Ayala,5386622169,23
Juan Islas Cano,9002437706,19
Alan Monteverde Heras,2775506067,24
Juan López Orozco,7533597604,25
Elvia Caro Caro,6921125713,21
Ema Rodríguez Garza,1398833310,24
Rosa Rosas Castañeda,1273937436,22
Julián Tellez Flores,7761757901,21
Ana Alemán Ayala,7157572793,18
Alan Jimenez Orozco,1698395751,20
Czarina Gutierrez Córdova,8638451706,24
Guadalupe Durazo Ramirez,2833078728,23
Raquel Cano Pino,5253634878,24
Kenia Ayala Reza,6034736819,23
Mario Ozuna Arroyo,3315143729,24
Mario Rojas Lobo,2799353247,20
Mariana Monteverde Almada,6005566987,20
Ana Orozco Balderrama,4298297104,24
César Martínez Vazquez,9514996278,25
Kevin Aldama Chávez,5279949732,22
José Lobo Pulido,1026068842,19
Adán Cuevas Mendez,5301351203,21
Ana Balderrama Rosas,7520377609,22
Isabel Coronado Moreno,0940851539,20
Julio Domínguez Lobo,8199568357,18
Kim Verduzco Mendez,3609874135,25
Teresa Fernandez Camacho,4073594075,23
Rosa Aldama Arvizu,3567316755,24
Lourdes Rosas Orozco,2332600842,25
Juan Valenzuela Mendez,2953472973,21
Juan Mendez Gutierrez,5010943301,25
Julio Vazquez Pérez,9069022460,25
Fernanda Cadena Moreno,4170806513,20
Luis Piña Cabada,4188129524,21
Alberto Cruz López,0114649582,20
Domingo Cano Nuñez,7722618850,23
César Valle Rodríguez,9021493027,25
Fernanda Cuevas Durazo,1514819668,21
Isabel Verduzco Mata,9821446486,22
Luis Jimenez Pulido,1237676354,21
Susana Wong Orozco,5399198958,25
Carlos Mendez Orozco,7763562164,20
América Mata Rojas,9759345755,25
Karla Ayala Arroyo,3413702218,25
Rafael Calles Martínez,6738502346,20
Teresa Balderrama Wong,8628390911,21
Rosa Lobo Cano,1169995609,19
Brian Alemán Caro,8940389508,18
Alan Encinas Jimenez,2679219869,25
Regina Garza Ochoa,6854756371,25
Brian Heras González,3141984123,22
Ema Cabada Jimenez,8799890206,24
Ema Tellez Rosales,0386461110,18
Regina Lobo Cruz,9796445679,20
Karla Andre Arroyo,6388803202,22
Karen Garza Chávez,3090734992,18
América Caro Moreno,1011649040,22
Armando Pérez Caro,7550905399,18
José Cruz Arroyo,2672449176,24
Ana Alemán Martínez,9768364379,19
Ernesto Leo Castañeda,1166280013,19
José Pino Domínguez,2415885238,19
Mario Andre Islas,9115851061,18
Teresa Cuevas Piña,0045205903,23
Rafael Camacho Wong,4716398704,21
Raquel Ramirez Rojas,6791792302,20
Ada Escalante Pérez,2092313531,21
América Jimenez Rosales,9030764392,22
Guadalupe Rodríguez Piña,8776095674,21
Karina Mendez Calles,1184785793,18
Ana Reyes Rosales,5898914170,19
Kenia Aldama Andre,8260373101,24
Sebastián Mancera Córdova,9721728951,20
Czarina Fernandez Escalante,4183103633,24
Karina Nuñez Balderrama,2075436379,25
Raquel Cabada Pulido,2142792313,24
Isabel Flores Encinas,8502007658,24
Elvia Encinas Aldama,9376394302,21
Ema Mancera Rosales,9627895323,19
Rafael Mendez Castañeda,9341301553,22
Czarina Tellez Caro,0973582229,21
Elvia Pérez Ortiz,5487136222,24
Kenia Tellez Elías,4384625806,25
César Flores Mancera,3335152393,24
María Valle Piña,1845959913,19
Karla Moreno Ozuna,9324008180,24
Socorro Medina Cuevas,0182944264,19
Susana Tellez Rojas,3231348933,19
Karen Calles Gutierrez,8348579655,18
Karla Rosas López,9484449069,20
Lourdes Wong Reza,7599024805,19
Juan Fernandez Tellez,5828374812,23
Regina Aldama González,5713370465,25
Mariana Mata Arroyo,5071670690,20
Elvia Islas Nuñez,1453134091,19
Karla Rojas López,9100774312,21
Guadalupe Pulido Cabada,3550063303,22
Rosa Fernandez Pino,4304089141,20
María Calles Mendez,4294528219,18
Guadalupe Arredondo Cadena,6598956623,21
Ema Caro Verduzco,1490832074,23
Lourdes Peña Garza,1073100050,18
Ana Fernandez Arroyo,1231406327,21
Isabel Moreno Chávez,9274151759,18
Isabel Camacho Verduzco,6181830800,20
Domingo Encinas Peña,0429307041,21
Sebastián Fernandez Rosales,2905807372,20
Karla Mata Mancera,4152018205,18
Alan Monteverde Calles,2315912029,21
Regina Pulido Durazo,1196454429,22
Rosa Pulido Pulido,7075997665,24
Isabel Jimenez Orozco,6551598684,24
Elvia Reza Garza,5464122765,23
Guadalupe Córdova Moreno,1047614085,24
César Ozuna Chávez,7005055822,21
Ernesto López Medina,6581438702,21
Domingo Islas Rojas,5368948952,24
Kenia Rosas Aldama,0026901718,24
Kim Pérez Reza,7597902715,24
Socorro Galaz Caro,0638862177,23
Isabel Rojas Coronado,4031378788,20
Armando Coronado Gutierrez,7798223265,18
Susana Moreno Verduzco,8007192140,22
Karen Mancera Ramirez,6888141076,25
Karina Leo Caro,0736684719,25
César Alemán Castañeda,8234862978,25
Alan Cuevas Monteverde,1710127020,22
César Caro Balderrama,9398920911,24
Karen Fernandez Ochoa,0293768918,22
Isabel Castañeda Medina,3792966823,23
Mario Alemán Cruz,6866767736,19
Julio Aldama Gutierrez,7396013658,19
Susana Wong Durazo,2549825792,19
Julián Tellez Rosas,2880879618,21
Kenia Alemán Reza,1343305753,18
Karen Orozco Valenzuela,7496473813,19
Julio Mendez Fernandez,1607313199,25
Kevin Andre Ozuna,6606364783,23
Brian Rojas Caro,6705159701,18
Brian Cadena Arredondo,5984314282,20
Kimberly Ochoa Piña,7752335364,24
Elvia Elías Ortiz,5042781261,23
Alberto Peña Cruz,6896863294,19
Sebastián Rosales Alemán,2402544324,18
Juan Rodríguez Martínez,8559135489,20
Regina Chávez Martínez,2524388540,20
Alberto García Verduzco,2600012125,25
Julián Ramirez Flores,4932292614,19
Elvia Flores Rosales,2454434402,22
Luis Romero Elías,5036323921,24
Rosa Aldama Ramos,7196972345,25
Mario Galaz Durazo,2653955590,20
Guadalupe Jimenez Chávez,6567240243,18
Kim Verduzco Rosas,7797674792,21
Brian Verduzco Nuñez,1605899988,19
Regina Ortiz Garza,0511270353,23
Rafael Piña Arvizu,8325615833,21
María Islas Wong,7870711105,24
Sebastián González Verduzco,9460503556,25
Luis Rosas Calles,5473610282,19
Socorro Garza Ozuna,8506393931,23
Ernesto Lobo Chávez,0047773522,22
Kevin Verduzco Coronado,1119309686,25
Luis Aldama Fernandez,8787612386,20
América Vazquez Aldama,7050961700,23
Rosa Romero Valenzuela,8004074736,20
Ana Ozuna Yanes,2032583363,22
Ada Camacho Chávez,5659828585,24
Alan Garza Galaz,3475405891,24
Julián Elías Calles,8238314866,25
Teresa Arvizu Coronado,8312174230,24
Mario Rosales Rosas,0579729971,18
Rafael Garza Encinas,1162779065,19
Domingo Galaz Ramos,9833037785,19
Lourdes Cabada Mendoza,8680241779,20
Regina Valenzuela Domínguez,4541035850,21
Karen Mendez Castañeda,4285955655,21
Kimberly Ortiz Valenzuela,4433662987,24
Elvia Ramos Cruz,4279314598,19
César Medina Chávez,0386904377,20
Socorro Ortiz Balderrama,2880978645,23
José Alemán Durazo,0814370379,24
Czarina García Valle,2005513892,20
Brian Balderrama Nuñez,5306192539,20
Carlos Almada Córdova,5638430464,23
Elvia Almada Valle,0618312585,19
César López Almada,9674672512,22
Adán Vazquez Reyes,7367727026,18
Carlos Encinas Ortiz,1625934834,18
América Romero Ramirez,3915072385,19
María Lobo Monteverde,4525216413,22
Rosa Arroyo Arredondo,1197473325,25
Carlos Medina Moreno,1241128413,21
Ema Espinoza Domínguez,9906975874,21
Karen Romero Valenzuela,9186215543,21
María Camacho Ochoa,0027809634,20
Ema García Durazo,3874288319,25
Rafael Cano Valenzuela,0903913000,25
Ada Mata Domínguez,0869253633,25
María Balderrama Martínez,1826898589,18
Eva Valenzuela Cruz,5984682803,19
Rosa Rosas Alemán,5562165062,21
Adán Escalante Gutierrez,1753662206,21
Julio Castañeda Chávez,5668676689,21
Rafael Cuevas Martínez,3304167063,23
José Chávez Córdova,4394297036,24
Karla Elías Piña,4023457791,22
Regina Monteverde Encinas,3313095159,22
Isabel Mancera Jimenez,7610579187,21
Luis González Elías,8414154123,18
Raquel Mata Reyes,0416545919,22
Kim Cuevas Elías,3355266443,18
Luis Romero Leo,0558166147,22
Kimberly Moreno Tellez,4801743172,21
Regina Rosales Ozuna,3365826946,21
Kimberly Alemán López,5277983656,18
Julián Ayala Romero,4935442709,18
Karina Mata Gutierrez,9038021689,22
Socorro Arvizu Verduzco,4538586404,24
Fernanda Balderrama Moreno,1317523895,19
Julián Rosas Monteverde,7214175494,22
Elvia Vazquez Encinas,7943236341,19
Socorro Coronado Gutierrez,7336509885,25
Ema Leo Cadena,5534828806,18
Ana Cano Ramos,5587463291,20
Kimberly Mendez Orozco,3899661336,18
Sebastián Ortiz Durazo,9884757975,21
Sebastián Jimenez Ortiz,0791478656,20
Luis Mendoza Orozco,8508614628,18
Carlos Alemán Mendoza,5424882812,19
César Escalante Islas,5192333152,18
César Garza Piña,3450919657,20
Carlos Castañeda Mancera,5564180491,25
Raquel Ortiz Valenzuela,8212987424,21
Alan Valle Ayala,3175012382,20
Domingo Castañeda Yanes,7588950164,24
Mario Chávez Encinas,7889340303,20
Domingo Valenzuela Yanes,8936943594,18
América Chávez González,4919883490,24
Kevin Martínez Valle,3402580010,22
Susana Cano Cano,5640644229,20
Brian Pérez Rosas,8271110078,25
Czarina Córdova Mancera,0558171871,24
César Verduzco González,7687090624,22
Luis García Rojas,9484706175,21
Isabel Valle Monteverde,7478689407,23
María Galaz Camacho,5638007512,25
Eva Balderrama Yanes,9425896767,25
Ernesto Monteverde Ramos,6624851433,25
Czarina Moreno Caro,4554961995,24
Alan Ramirez García,0463416812,24
Rosa Cuevas Coronado,0900960079,24
Rosa Pulido Garza,7593810210,24
Ana Heras Caro,7226783714,23
Kimberly Camacho Gutierrez,6497897795,19
Alan Nuñez Jimenez,3633293063,21
Juan Cano Durazo,8387111464,21
César Cruz Fernandez,2511790762,25
Adán Valle Balderrama,4977272597,23
Sebastián Leo Balderrama,4561747666,24
Alberto Espinoza Pino,1727295612,22
Mariana Camacho Leo,1495309996,23
César Romero Encinas,4588811926,22
Teresa Arroyo Galaz,8497705327,18
Rafael López Mancera,3010237752,24
Brian Verduzco Lobo,6040076254,24
Julián Escalante Nuñez,0410454724,22
Julián Mancera Vazquez,8539863881,25
Rosa Valenzuela Escalante,0247638140,24
Rosa Cuevas Ramos,3293067210,22
Armando Cruz Moreno,6946362402,24
Ada Pino Ramirez,0509984720,20
Alberto Pino Mata,3153739689,21
Raquel Córdova Caro,0602726929,22
Rafael Monteverde Mancera,8534530933,18
Lourdes Rojas Cadena,2979740790,20
César Cano Medina,3163672150,22
Mariana Flores Romero,7965609931,25
Carlos Gutierrez Ramos,8679694149,25
Karen Rodríguez Mata,4137832014,24
Ernesto Gutierrez Fernandez,2952336346,25
Socorro Elías Ramos,6403375028,25
Karina Moreno Yanes,5633982411,25
Mario Calles Vazquez,7521743899,23
Teresa Vazquez Heras,0356167356,24
Julio Mata Reza,5801775155,19
Susana Galaz Lobo,5434160128,24
Brian Rodríguez Rojas,0126318476,23
Susana Jimenez Pino,4886867966,21
María Arvizu Mendoza,9200084561,25
Juan Mata Reza,3802856906,24
Sebastián Leo Arredondo,5616312573,18
Fernanda Reyes Camacho,1105264679,22
Ana Peña Leo,5953963201,18
Rosa Andre Ayala,3794233307,21
Ernesto Reyes Cano,7604564199,25
Julio Valle Ramos,0104067938,24
Carlos Galaz Domínguez,9641736081,18
Teresa Córdova García,0777519003,19
Rafael Leo González,7494835472,25
Alan Encinas Monteverde,1630433417,22
Susana Monteverde Pulido,1815864314,22
Ernesto Medina Reza,1143071872,19
Karina Ramos Arvizu,5007482304,22
Julián Gutierrez Lobo,1130831743,24
Armando Heras Flores,9801547353,25
Alan González Córdova,7211206314,24
Julio Galaz Pino,0817131366,18
Alan Fernandez Escalante,5663647416,20
Julio Cruz Piña,1606706409,19
Karina Monteverde Wong,2485880087,23
José Domínguez Monteverde,7819895031,21
Adán Pérez Caro,4325764383,18
Rafael Leo Rojas,4848250867,19
Karla Leo Moreno,3785532894,21
Armando Pulido Cano,6074381237,19
Elvia Encinas Galaz,3896227229,18
Julio Arredondo Vazquez,0110184422,18
Guadalupe Pulido Heras,4019239342,20
Karina Tellez Rodríguez,4012600383,21
Kevin Moreno Cadena,7669914232,21
Isabel Arroyo Islas,2861518761,25
Luis Arroyo Flores,9008070525,18
Czarina Monteverde Garza,5798366339,21
José Lobo Cuevas,5994387173,22
Ana Gutierrez Ortiz,8818265591,22
Alan García Caro,8995364592,25
Julián Monteverde Yanes,4647077749,21
Adán Moreno Córdova,0713803920,21
Domingo Valle González,6778415340,23
Ernesto Valenzuela Durazo,3513091116,25
María Alemán Cruz,1285833554,23
Armando Coronado Cruz,9488594120,20
Ernesto Durazo Mendoza,4343468923,18
América González Nuñez,2320226306,24
América González Córdova,9146101321,25
Regina Leo Ochoa,3668034305,20
Mario Andre Ramirez,6801438974,20
Guadalupe Ayala Reza,7237357051,18
César Alemán Valenzuela,5494652286,21
Isabel Domínguez Gutierrez,1621014425,24
Karen Elías Flores,1425449940,18
Susana Ramirez Arvizu,5128408046,22
Guadalupe Valle Galaz,5494565024,21
Mario Durazo Cadena,7017106785,25
Kenia Alemán Coronado,9325118064,22
Teresa Cadena Arvizu,0704514904,23
Julián Pulido Domínguez,4069996933,18
Czarina Nuñez Moreno,3070215453,18
Julián Moreno Vazquez,7757697248,23
Karen Medina Fernandez,2558308009,24
Adán Lobo Flores,0177934302,22
Carlos Medina Leo,9867769782,24
Kimberly Almada Romero,2077065636,19
Julio Rodríguez Lobo,9307228929,22
Fernanda García Elías,6658711987,23
Mariana Yanes Piña,0736838972,20
María Rojas García,8824157002,20
Elvia Domínguez Tellez,0504064365,23
Elvia Medina Arvizu,9457662231,22
Socorro Mendoza Mancera,8553069368,24
Guadalupe López Coronado,3349740486,21
Adán Caro Flores,5109767789,22
César Aldama Cruz,0224777386,21
Domingo Galaz Heras,0589196246,22
Socorro García Piña,1119580198,21
Adán Almada Ramos,2413042340,20
Kevin Rosas Piña,8083072799,18
Juan Córdova Caro,0927683064,20
Armando Espinoza Monteverde,1743493592,18
Kevin Castañeda Peña,3860442855,23
Kevin Almada Escalante,8482586241,24
Czarina Ochoa Lobo,1147569170,23
Karina Pino Cabada,2744400534,25
Fernanda Ramos Ramirez,3446482588,20
Brian Arroyo Leo,9455093379,21
Julián Rosas Flores,3431212529,23
Kenia Arredondo Yanes,0050104944,19
Juan Ramirez Mancera,3178882891,22
Julián Ozuna Andre,8724921039,22
Lourdes Arredondo Tellez,8619951509,25
Mariana Medina Aldama,4644910308,23
Carlos Valenzuela Piña,4044157230,22
Juan Ramos Islas,1523736954,23
Czarina Reza Peña,1263797856,20
Raquel Coronado Mendoza,2390492000,18
Fernanda Lobo Galaz,1219678610,19
Kevin Pulido Pérez,7160844505,21
Sebastián Verduzco Domínguez,9260233093,19
Brian Andre Leo,5080687149,20
Sebastián Romero Almada,0523456887,25
Mario Ayala Wong,7715653187,18
Brian Domínguez Arroyo,4348583630,21
América Córdova Valenzuela,5928201592,23
América Almada Rosas,0591974175,24
Ana Garza Peña,1953645185,22
Fernanda Rosas Camacho,2926433505,23
Karla Rojas Rojas,5271112577,21
Sebastián Flores Caro,9312868602,18
Ana Romero Pino,1394180031,19
Mario Arroyo Cuevas,7125051248,19
Kevin Arroyo Cano,4840284991,19
Ema Cadena Cuevas,4553769936,21
Julián Chávez Mendoza,7112236549,21
Alberto Vazquez Wong,0877758961,21
Czarina Encinas Pino,4200937572,20
Julio Calles Jimenez,0524948558,19
Lourdes Pérez Ozuna,7142492644,21
José Chávez Mata,9857703925,25
Mario Arredondo Ochoa,7462575358,18
Rosa González Arroyo,1680829932,22
Alberto Elías Yanes,1116516491,23
Teresa Rosas Encinas,7807894697,18
Julio Espinoza Valle,0483738460,23
Regina Tellez Córdova,5451749706,20
Alan Heras Balderrama,6440419467,24
Juan Balderrama Medina,6043193932,18
Ema Flores Ramirez,7841647251,24
Adán Camacho Yanes,7064515281,20
Alberto Caro Vazquez,8226599880,19
Regina Nuñez Nuñez,0783000051,21
Armando Cruz Caro,7601566049,21
Karla Monteverde Ramirez,8146649109,21
Rafael López López,8217428998,18
Alberto Pino Camacho,5042421066,20
Sebastián Domínguez Piña,1616518338,19
Teresa Valenzuela Domínguez,4969913462,21
Julián Pérez Martínez,1840908199,23
Ada Cano Fernandez,8502700178,22
Mariana Castañeda Yanes,5203684809,24
Kimberly Durazo Orozco,1321757885,22
Guadalupe Galaz Encinas,0377953789,20
Adán Cano Peña,8014956066,22
Brian Reza Escalante,7358988301,20
Karla Reza Domínguez,0778228984,18
Sebastián Mata Cabada,5405917122,24
Lourdes Ramos Pérez,1353663251,20
Karla Verduzco Heras,8791050062,23
Mario Arvizu Garza,4882763012,25
Isabel Romero Arvizu,9737139882,22
Karla Cadena Escalante,2891964311,20
Mariana Córdova Balderrama,0150948258,23
Carlos Moreno Cuevas,1039197322,18
José Rojas Mancera,3590052274,18
Brian Mancera Arvizu,7646406620,22
Regina Jimenez Córdova,3056549723,19
Juan Ozuna Medina,9647582351,18
Ema Rojas González,3164837014,20
Julio Coronado Cuevas,8675449295,19
Luis Encinas Yanes,8537721211,20
Armando Galaz Rosas,2586206529,19
Kenia Valenzuela Valle,8584849131,18
Kimberly Rosales Arroyo,3003494439,23
Mario Durazo Cabada,6418890623,19
Kim Valenzuela Ramos,1679415459,25
Ema Flores Vazquez,5460437269,18
Czarina Domínguez Peña,7667903051,21
Domingo Arredondo Ortiz,9104503898,19
Elvia Garza Ramos,8878869891,25
Luis Pulido Almada,4034267010,23
Sebastián Cruz Piña,9011031708,20
Karla Rosas Caro,0024690173,23
Julio Arredondo Andre,7872970612,22
Kevin Chávez Córdova,8214251523,18
Brian Fernandez Ayala,3128249350,19
Czarina Reza Heras,1464312287,18
Luis Ozuna Reza,0036692804,20
Ernesto Mendez Tellez,9153537588,19
Eva Vazquez López,3600207081,24
Kim Flores Balderrama,0850165654,20
César Reyes Escalante,6757452875,21
Karla Cadena Elías,6813104705,25
Ana Mendoza Wong,4668377038,24
Susana Flores Castañeda,6970336408,19
Sebastián Mendoza Leo,5631787956,24
Socorro Cano Ozuna,8269647502,23
Socorro Ortiz Romero,9916930552,25
Carlos Gutierrez Andre,4997313374,18
José Pulido Gutierrez,0264576873,20
Brian Nuñez Orozco,8178074992,24
Karen Flores Calles,6210516896,25
César Tellez Martínez,7395186438,18
Isabel Cruz Cano,7118635291,25
Socorro Reyes Almada,1894696614,22
Carlos Wong Ortiz,6364151147,25
Adán Piña Arredondo,2174709294,21
Juan Rojas Verduzco,9490386846,18
Ada Almada Calles,5546591756,21
Armando Pérez Tellez,5894459781,25
Alberto Tellez Arvizu,0174932181,18
América Peña Alemán,8155248191,20
Sebastián Nuñez Córdova,0190576822,22
Isabel Domínguez Ochoa,5062017141,21
Ema Pino Caro,2428287271,19
Lourdes Cuevas González,9554602807,19
Ernesto Rosales Encinas,7944902599,23
Ernesto Chávez Tellez,5711718695,22
Alberto Valle Fernandez,6429017406,23
José García Escalante,5848856110,21
Susana Calles Mendoza,8808094437,24
Lourdes Arvizu González,4098220765,20
Julio Arredondo Cabada,6235133329,19
Mario López Encinas,1775187623,20
Karen Andre Ozuna,3298431689,25
Juan Arroyo Cruz,0585423136,22
Armando Ramirez Galaz,2682425864,18
Kimberly Galaz Cruz,6622945983,23
América Garza Valle,0064718063,24
Isabel Mendoza Córdova,7208039675,19
Adán Alemán Reza,6811987423,23
Julián Coronado Durazo,2153308808,23
América Castañeda Mancera,1035261780,22
Domingo Galaz Chávez,4067698890,21
Kenia Peña Reyes,7478786446,19
Sebastián Chávez Tellez,1600195706,23
César Pulido Piña,4422514291,24
Kimberly Pulido Valenzuela,7195480586,21
Mario Mancera Pérez,6380281881,25
Luis Peña Lobo,0856980532,25
Karla Martínez Ortiz,2958097962,20
Brian Reyes Ayala,5101656671,21
Julio Rosas Ayala,5066186302,24
Brian López Rojas,9043703606,22
Carlos Moreno González,3237107014,25
Rosa Fernandez Ramirez,6442932615,20
Sebastián García Leo,7767871666,25
Sebastián González Yanes,2624986598,19
Juan Castañeda Arredondo,8895562112,24
Ada Arredondo Ortiz,0322267961,20
Carlos Lobo Pulido,8465592695,18
Karina Espinoza Piña,4534774206,22
César Almada Caro,4651737956,21
Carlos Arvizu Galaz,6398961678,20
Lourdes Escalante Coronado,5463491826,25
Ana Elías Peña,5032090414,19
Rosa Monteverde Verduzco,9345107739,22
Ernesto Ortiz Valle,5741926178,24
Brian Cabada Espinoza,4556638093,23
Julián Verduzco Martínez,5376633252,20
Luis Coronado Medina,9037031177,18
Alberto Encinas Calles,4995055078,20
César Arroyo García,9571387898,18
Kevin Pulido García,8414578203,25
Luis López Reza,2365471836,20
Sebastián Ozuna Yanes,3913945022,20
Elvia Moreno Arroyo,9022050503,21
Julián Arroyo Romero,4145522026,21
Czarina Chávez Calles,8404132573,21
Alan Rosales Pulido,8656786618,18
América Alemán López,6033502763,18
Susana Pérez Chávez,9387115507,25
José García Cabada,9744365180,25
Fernanda Pino Castañeda,2750492143,24
Mariana Martínez Moreno,6687659044,22
Eva Durazo Garza,1756009794,18
Susana Garza Balderrama,3877337312,20
Ernesto Verduzco Monteverde,1496013321,22
Armando Pérez Orozco,8647660776,23
Eva Peña Monteverde,0317765966,19
Mario Mendoza Durazo,1469402447,21
Karla Cadena Mendoza,3289644689,21
Ema Ramos Castañeda,6331011006,25
Brian Castañeda Valenzuela,7467682454,25
Julián Rosas Orozco,3075360937,19
Isabel Moreno Castañeda,3976434873,25
Susana Rojas Orozco,0183384607,19
Ema Calles Ramirez,9610609285,19
Eva Nuñez Mendez,7606193145,19
Ana Reza Cadena,5765270767,25
Socorro Valenzuela Valenzuela,0770738323,21
Guadalupe Escalante Orozco,5926999777,25
Karina Encinas Garza,6005016037,22
Domingo Mendez Lobo,0126808578,21
Fernanda Ortiz Camacho,4962850225,18
Brian Moreno Rosales,3861707886,22
Regina Valenzuela Cano,5760274511,24
Carlos Reyes Alemán,5371700120,20
Rosa Martínez Wong,2208999476,19
José Garza Galaz,0023054999,24
Julio Espinoza Rosas,4330624836,21
César Mendoza Cruz,2156954747,22
César Cuevas Verduzco,2353547752,23
Karina Nuñez Piña,8319137177,19
Ernesto Nuñez Castañeda,7973720453,25
Rafael Valle Medina,8348934625,22
Luis Valenzuela Ramos,1757687712,21
Teresa Rojas Rojas,5735433354,25
Guadalupe Cano Monteverde,3241177714,18
Kenia Yanes Medina,9352553794,18
Carlos Jimenez Aldama,6536126689,25
Mario Jimenez Domínguez,4085221927,25
Fernanda Arredondo Rojas,2887557935,19
Karina Calles Heras,1368827568,24
Luis Pulido Nuñez,6970230732,22
César Valle Alemán,9377674560,25
Sebastián Rojas Espinoza,9562289259,21
Czarina Leo Valenzuela,5882881883,22
Raquel Leo Nuñez,4766422090,21
Kevin Medina Elías,7685547139,21
Socorro Balderrama Moreno,4259595589,25
Ada Balderrama Mendez,2234508592,24
Alan Valenzuela Galaz,3602655807,18
Sebastián Espinoza Rodríguez,4243152455,24
Kenia Almada Durazo,1626082164,19
Eva Tellez Cadena,8759102403,25
Luis Almada Caro,4647531118,20
Ernesto Chávez Valle,4949340292,19
Fernanda Cuevas Andre,0014590328,23
Regina Mendez Fernandez,1719290473,24
Juan García Rojas,6708610715,18
Carlos García Calles,8019248241,18
Juan Escalante Valenzuela,0305783143,24
Czarina Almada Encinas,2362776228,21
Kenia Arvizu Islas,2871055414,19
Lourdes Cuevas Lobo,1385053356,24
César González Caro,5219294105,25
Karla Mendez García,3418768632,22
Luis Reza Orozco,1404869136,21
Sebastián Cabada Chávez,8552130113,24
Guadalupe Garza Mata,9133146177,21
César Medina Castañeda,0243969780,25
Ernesto Romero Arredondo,8270707569,21
Ana Mendoza González,9374819204,20
Karen Elías Andre,4961225879,19
Armando Moreno Pino,7476142928,21
Alberto Ayala Almada,6200289347,20
Ema Cabada Valenzuela,2631466785,24
Alan Chávez Escalante,3735354122,23
Karen Andre Gutierrez,5946881732,21
Karina González Ramos,8557987703,19
Adán Tellez Ozuna,8351877698,19
Karina Martínez Yanes,7700627556,24
Armando Mata Balderrama,4613792380,24
Alan Balderrama Castañeda,9590432916,20
Ema Leo Flores,7235129207,21
Mario Pino Verduzco,9221788514,20
Elvia Mancera Almada,8290455263,24
Eva Monteverde Andre,5546138303,19
Kim Leo Escalante,7800969498,21
Elvia Islas Fernandez,1587982397,18
Juan Martínez Domínguez,9419587035,25
Karla Wong Rojas,0165105398,21
Kim Aldama Cadena,6387132859,18
Sebastián Durazo Espinoza,4117630041,23
Karla Pérez Martínez,3142319007,20
Mariana Espinoza Ayala,6576917706,23
Karen Orozco Arvizu,5298409093,22
María Leo Elías,3232137532,19
Rafael Yanes Ochoa,3737146366,18
Kevin Leo Mancera,3326299176,21
Regina Córdova Jimenez,6351904567,20
Domingo Camacho Valenzuela,7624249420,18
Julián Escalante Cabada,8605007638,24
Teresa Rosales Galaz,3891736903,20
Karla Orozco Peña,7807616946,20
Karen Pino Yanes,9413132427,18
Domingo Nuñez Cano,9371357317,21
Armando Camacho Coronado,0620072266,20
Ernesto Jimenez Andre,7646696580,18
Ernesto Alemán Mancera,6203557377,21
Ernesto Calles Tellez,6295373631,21
Mariana Elías Cuevas,7686983965,23
Czarina Rosales Valenzuela,5872108233,23
Mario Moreno Mancera,2447801657,20
Juan González Rosales,7244510923,24
Julián Balderrama Almada,0316183888,18
Elvia Martínez Martínez,8769705977,24
Luis Monteverde Domínguez,9368192355,19
Mario Monteverde Valenzuela,1630785124,21
Sebastián Leo Reza,9907679567,22
Alberto Ramirez Ramos,8490800704,22
Eva Ortiz Pérez,5316012029,18
Ema Reyes Ayala,2834914945,20
Lourdes Mendez Yanes,2648531003,24
Domingo Pérez Andre,0950035239,19
Teresa Arvizu Cadena,4109292232,20
Czarina Lobo Garza,0777526375,23
Karla Cano Arvizu,1108249111,19
Luis Coronado Flores,9084094410,23
Armando López Galaz,7864945051,20
Ada Rosas Almada,8262566442,25
Kevin Yanes Martínez,1220017574,22
Rafael Mendoza Pino,8506406365,21
Kimberly Mancera Valle,7111841100,21
Alberto Cadena Heras,5587026235,20
Ana Heras Rosales,4554940961,23
Guadalupe Tellez Vazquez,4370608431,19
Ernesto Castañeda Durazo,2182620406,20
Brian Monteverde Ramirez,8447102755,25
Kevin Rojas Espinoza,1951377395,19
Regina Alemán Durazo,1362584139,19
Brian Chávez Escalante,1045747426,25
Kim Arroyo Coronado,3621927970,20
Juan González Aldama,8958943475,19
Mario Andre Almada,5145891671,18
Alan Piña Arroyo,5839199471,21
Susana Ochoa Gutierrez,2912874016,20
Teresa Encinas Rojas,2642742031,19
Fernanda Gutierrez Tellez,9970855535,25
Rosa Coronado Mendez,3058998398,25
Raquel Calles Cano,0239236912,23
Lourdes Domínguez Arvizu,0209595057,25
María Rosas Ozuna,6901122040,18
Armando Balderrama Arvizu,2634697978,21
Ada Martínez Heras,7266381562,18
Socorro Andre Nuñez,7051345783,23
Isabel Arredondo Leo,3707028826,21
Domingo Aldama Castañeda,1857159332,24
Sebastián Verduzco Camacho,7525646172,22
Julián Islas Aldama,1208963146,18
Julián Galaz Coronado,5079668850,24
Domingo Chávez Orozco,4662958359,20
Elvia Cuevas Ayala,1957203752,21
Julio Ochoa Ozuna,3190080516,20
Ana Leo Valle,4412764328,23
Mario Monteverde Ochoa,2295962570,21
Kevin López Mancera,0578549381,19
Czarina Reyes Córdova,8725867646,20
Karina Almada Durazo,2772978532,25
Ernesto Islas Yanes,7706450097,19
Ema Peña Ozuna,1809979439,21
Domingo Medina Cabada,3675613915,25
César Cuevas Mata,3473270483,19
Domingo Ramirez Ochoa,8711046771,20
Alberto Mata Lobo,7677717315,19
Kevin Cuevas Ramos,3800637345,19
Brian Ozuna Cruz,8155639458,18
Guadalupe Balderrama Rojas,0711515120,21
Julián Yanes Arvizu,0617778556,20
Socorro Medina Monteverde,4628752763,21
Julio García Garza,1453933459,18
Regina Chávez Ramos,3813557472,22
Susana Flores Ayala,4040446500,22
Sebastián Wong Ramirez,2777569796,25
Ema Orozco Romero,7701772839,20
Alan Nuñez Encinas,6184418082,22
Domingo Rosales Cabada,9052189879,22
Julián Durazo Cano,8232093116,24
Domingo Domínguez Cano,3486457132,25
Julio Peña Domínguez,9802412622,22
Armando Rodríguez Wong,0149434891,23
Kevin Espinoza Monteverde,7707283634,20
Sebastián López Wong,6386943799,22
Mariana Valle Camacho,9308138149,25
Raquel Leo Castañeda,3969910708,20
Ernesto Islas Caro,7040308594,22
Kenia Pulido Heras,7838893770,19
Eva Durazo Pino,5260771850,19
Karla Rosales Cuevas,7456290827,23
José Moreno Lobo,6681414329,20
Ema Arvizu Lobo,1091334959,24
Adán Cabada Nuñez,0776621062,23
Kevin Gutierrez Córdova,0666159911,22
Socorro Flores Monteverde,0518511282,21
Regina Pino Gutierrez,3750985696,21
Kevin Reyes Andre,4130036319,25
María Romero Valenzuela,9133333357,25
Regina Moreno Elías,8055253936,22
Luis López Jimenez,4139422971,18
Domingo Martínez Calles,3398611189,21
César Camacho Medina,7312439189,19
Julián Balderrama Domínguez,0744526498,21
Alberto Caro Ramirez,0899858941,22
Mariana Reza Domínguez,0351398107,20
Sebastián Espinoza Coronado,4996319083,23
Mario Cabada López,6425871093,18
Luis Arroyo Almada,4487992218,23
Adán Coronado Tellez,6445581758,23
Elvia Valenzuela Verduzco,8881292386,23
Kevin Garza Camacho,5586556104,18
Kenia Galaz Caro,8325053982,21
Teresa Orozco González,7401344127,20
Alberto Valle Ozuna,4230912021,23
Mariana Cano Rosales,9145887781,24
Lourdes Calles Rojas,7904266149,23
José Elías Peña,8954104604,18
Raquel López Ramirez,5272778663,19
Karen Vazquez Ramirez,7689018768,18
Alberto Heras Domínguez,1860407975,20
Guadalupe Piña Cabada,1064026491,21
Juan Gutierrez Wong,1623950148,24
Julio Domínguez Domínguez,7735239506,21
Carlos Nuñez Cruz,1385913480,22
Julián Calles Rojas,7239590674,21
José Galaz López,1853152264,20
Teresa Balderrama Medina,1173733375,23
José González Cadena,3022487290,21
Raquel Rosas Galaz,2518960379,25
Isabel Arroyo Romero,3815959711,20
Juan Pulido Leo,0011833013,22
Kimberly Garza Pulido,0834003111,20
Carlos Verduzco Durazo,0287834719,22
Alberto Aldama Romero,0928365740,20
Kimberly Rosales Cuevas,2349742766,23
Mariana Reyes Cruz,6225003049,22
Brian Verduzco Islas,2770749826,18
Socorro Leo Encinas,0742964823,19
María Jimenez Garza,9890086943,21
Karla Peña Medina,7492768304,23
José Cruz Camacho,6590118089,18
Rafael Arroyo Galaz,4872073973,21
Alan Gutierrez Lobo,5534862344,21
Socorro Domínguez Arvizu,8158972677,22
Ema Andre Castañeda,5167139876,23
Czarina Córdova Coronado,5951671159,19
Adán Gutierrez Elías,1131856966,23
Kimberly López Arredondo,8713961318,24
Kenia Vazquez Orozco,0583173542,21
Karina Encinas Pérez,9375095758,23
Mariana Valenzuela Galaz,8886439763,25
Juan López Arroyo,8062497714,25
Kenia Mendoza Reyes,0375213281,23
Karina Ozuna Rojas,3664584452,24
Isabel Cabada Garza,8086145371,23
Mario Mancera Arvizu,4686548903,18
Rosa Espinoza Pulido,2717753501,19
Karina González Cano,0316970036,25
Karina Mendez Aldama,3444284052,22
Raquel Fernandez Orozco,7597502764,20
Alberto Verduzco Ochoa,2791359621,18
Ernesto González Leo,1591753644,24
Luis Ochoa Cabada,1960695074,19
Karla Pino Córdova,1397448907,18
América Ozuna Reza,9988054212,25
Karen Cruz Cuevas,7567495297,21
Ada Ozuna Chávez,1231341067,22
Kevin Espinoza Rodríguez,8539961798,20
Regina Pérez Galaz,2400179050,18
Adán Aldama Heras,4258742784,21
Kimberly Rosales Elías,9273164224,21
Rosa Chávez Romero,1838325175,19
Mariana Caro Cano,3806524558,21
Sebastián Leo Ozuna,8203590019,19
Domingo Rosas Rodríguez,6404436283,23
Isabel Moreno Mendoza,8981316445,18
Kevin Andre Pérez,5269056268,19
América Peña Durazo,2014106371,24
Teresa Gutierrez Orozco,2875078357,24
Guadalupe Romero Flores,1420487590,24
Rafael Yanes López,1545436496,21
Julio Ramirez Jimenez,6965613161,22
Lourdes Calles Escalante,3876919168,23
Luis Yanes Jimenez,1132189552,21
Julio Galaz Ramos,0439634755,22
Juan Fernandez Pulido,1553838510,25
Brian Domínguez Escalante,0656546281,25
Rosa Ortiz Flores,6826061734,18
Susana Jimenez Pérez,6734188338,23
Kim Monteverde Yanes,4222955070,22
Eva Valenzuela Camacho,7943368151,20
María Balderrama Calles,6897974247,24
Czarina Ramos Ramirez,6242907188,18
Juan Martínez Mendez,3505741999,22
Lourdes Caro Almada,9968855643,19
Czarina Alemán Cano,8093624863,25
Rafael Mendez Monteverde,2063635054,20
Karla Elías Vazquez,7409202750,18
Kenia Camacho Almada,4250012181,18
Julián Rosas Ortiz,8515058754,20
Kevin Arvizu Castañeda,6597615838,20
María Almada Cruz,5957750483,20
César Ozuna Pérez,5148496474,18
Czarina Encinas García,3498741248,23
María Caro Ochoa,3308112325,19
Adán Ramirez Heras,1514481742,24
Julián López Alemán,1004933906,18
Teresa Mata Ayala,7392667414,24
Elvia Elías Pérez,1905675932,18
Mario Castañeda Yanes,1557524733,20
Fernanda Cabada Tellez,3021531794,19
Alberto Wong Mendez,7300394523,21
José Ortiz Córdova,5296452624,24
Adán Espinoza Elías,7564938562,24
Kevin Ramirez Valle,5418245278,18
Carlos Heras Monteverde,4311113200,20
Lourdes Ochoa Durazo,2170007687,23
Armando Garza Balderrama,4582634716,18
Elvia Escalante Reza,2579148111,18
Kevin Arvizu López,9369020499,21
Guadalupe Fernandez Monteverde,6307656949,24
Alan Leo Valle,8860707694,22
José Cadena Cuevas,8569466343,21
Adán Pulido Cabada,9417731912,23
Kevin Arvizu Wong,8884213814,25
Fernanda Aldama Aldama,4322089137,24
Eva Caro Rodríguez,7208756056,19
María Reza Valle,3726911616,18
Mario Piña Mata,8802492380,21
Lourdes Verduzco Reza,7419312202,21
Czarina Alemán Ayala,3123864881,24
Rafael Escalante Mendez,9049604588,23
Karla Wong Arredondo,9361033024,20
Raquel Flores Mendoza,6035745439,22
Czarina López Monteverde,3711512012,25
Susana Cano Ramirez,0726334223,23
Lourdes Arredondo Ochoa,9552979254,18
Armando Rosales Ortiz,1460019352,22
Julián Mancera Wong,4213862777,23
César Escalante Ramos,4079005377,22
Luis Gutierrez Tellez,5882371038,18
Mario Arvizu Rodríguez,9822417614,20
Fernanda Yanes Fernandez,2147571272,21
Rafael Valenzuela Cruz,2097909306,23
Guadalupe Balderrama Ayala,0845150049,22
Kenia Ramirez Yanes,9165026364,24
América Jimenez Fernandez,8012574365,21
Teresa Fernandez Cadena,9421602928,21
Rosa Arvizu Elías,2961340935,21
Carlos Coronado Cuevas,1210128791,22
Luis Encinas Alemán,5224321589,24
Elvia Escalante Ayala,1588916944,21
Raquel Mata Espinoza,7612510771,18
Julián Ramos Pérez,3807010390,22
Mario Rosales Espinoza,5981126493,21
América Mendez Almada,2258247438,20
Julián Galaz García,0438695379,21
Brian Ozuna González,4607530801,21
Alan Ochoa Aldama,8277028680,18
Susana Mendez Cano,7818672857,23
Teresa Orozco Ramirez,6020572844,25
Carlos Pulido Chávez,1313765476,21
Lourdes Islas Heras,2928511521,19
Karen Lobo Rosas,2300555391,23
Ema Garza Rosas,9445713829,20
América Martínez Arroyo,0858723350,18
Guadalupe González Coronado,5056734560,19
Fernanda Romero Rosas,0326546367,19
Kevin Escalante Cabada,1426810165,20
Armando Ortiz Peña,5032731589,18
César Domínguez Pérez,6440255703,21
Kim Cano Arredondo,2580440598,24
Fernanda Escalante Piña,6384754981,19
Rafael Pulido Nuñez,0855568385,22
Julián Castañeda Durazo,1801173535,20
Adán Arvizu Peña,0415407477,18
Susana Aldama Vazquez,3601705703,25
Teresa Ramos Reyes,8845534310,23
Kevin Nuñez Rosas,7837503860,21
Elvia Tellez Nuñez,4086675583,19
Armando Arvizu Caro,8139569502,18
Karina Rosales Arvizu,4404534723,25
Juan Castañeda Espinoza,5856120119,18
Isabel Chávez Aldama,5529364136,21
Alan Vazquez Ozuna,6358646627,19
Brian Andre Castañeda,1021563751,19
Brian Espinoza Romero,9538399340,18
América Orozco Romero,7027057931,22
Socorro Espinoza Galaz,9006034736,25
Sebastián Rojas Leo,1681941518,24
Isabel Encinas Balderrama,6474635606,22
Armando Arredondo García,6029848859,22
Ernesto Verduzco Caro,3945552408,18
César Camacho Coronado,2890528544,22
Carlos Caro Arroyo,3051543732,20
Alan Pino Martínez,0952532469,22
Susana Cuevas Valenzuela,0160276034,18
Julián Encinas Monteverde,0571833588,24
Sebastián Nuñez Rosas,6373239306,25
Alberto Domínguez Arroyo,7205015994,24
Brian Valenzuela Pérez,7556618267,25
Alberto Lobo Ortiz,6175906152,19
Karla Heras Lobo,9951348472,22
Isabel Encinas Mancera,9271697206,25
Ana Martínez Rosales,5326788661,24
Guadalupe Wong Cano,5068813965,22
Adán Ozuna Arvizu,3309969428,22
Julio Valenzuela Heras,8004733116,24
Czarina Wong Ramos,7493082049,23
Karla García Encinas,4022101237,21
Karen Ortiz Leo,0930019749,24
Rosa López Moreno,3700164809,24
Sebastián Cruz Garza,2336979042,23
Rosa Piña Andre,4917941156,18
Susana Tellez Jimenez,3532308407,25
Isabel Aldama Mata,6435091196,20
Guadalupe Balderrama Chávez,4635215235,25
Kenia Peña Nuñez,9248880848,25
Kenia Lobo Rosas,5151533137,21
Juan Aldama Elías,7591787920,25
Carlos Cuevas Rosales,6942509121,18
Ernesto Camacho Rodríguez,2926517158,19
César Escalante Pulido,6106766785,25
Kenia Rodríguez Pino,5656401607,22
Guadalupe Valenzuela Coronado,4034001826,21
Rafael Leo Cadena,3817003439,25
Elvia Galaz Wong,6793305028,19
Brian Tellez Wong,1037353487,18
Adán Jimenez Ramos,6603638110,18
América López Espinoza,0519732325,21
Ernesto Reyes Escalante,6703587727,24
Alan Moreno Fernandez,6151911401,25
Juan Cuevas Gutierrez,9303297259,20
Alberto Romero Cabada,4550392546,25
Socorro Mendoza Mendoza,4062969377,21
César Reyes Coronado,9684956394,21
Domingo Andre Arredondo,1281916694,21
Brian Calles Galaz,0963399863,23
Julio Romero Ortiz,9784729636,25
Kim Arroyo Vazquez,4896267746,19
Ana Leo Ramos,5687989699,22
Adán Camacho Calles,5066589878,20
Regina Pulido Mata,8669511175,22
Alberto Elías Tellez,3356339635,21
María Valle López,4266527047,22
Karen Yanes Ochoa,9984762596,21
Eva Rojas Castañeda,8510175365,23
Julián Cruz Domínguez,6017978511,18
Ema Camacho Valenzuela,5240523577,21
Kim Valle Valle,7868125691,19
Sebastián Valenzuela García,0368099765,20
Adán Mendoza Pérez,5230604018,23
Lourdes Islas Flores,1866116931,20
Carlos Alemán Islas,5874132215,21
Eva Romero Reyes,5384748891,25
Brian Cabada González,0201566767,19
Mariana Escalante Cuevas,5924713888,19
Carlos Pérez Nuñez,3174578347,24
Rafael Alemán Durazo,3128244834,22
María Medina Nuñez,4155584128,20
Rafael Ochoa Caro,7501660228,21
Brian Mancera Tellez,3605128607,18
Rafael Vazquez Flores,0627474437,23
Eva Elías Garza,4856573352,20
Juan Castañeda Arroyo,2305637836,20
Sebastián Martínez Rojas,3571298498,20
Luis Chávez Rodríguez,9575109758,19
Karen Mendez Tellez,0747250283,18
Lourdes Moreno Wong,4052241649,20
Juan Alemán Martínez,1023162410,23
Julián Nuñez Calles,5546923723,21
Alberto Ayala Leo,2176506707,21
Brian Calles Domínguez,2604237044,20
José Verduzco Valenzuela,7908610035,23
Kimberly González Yanes,6318566337,22
César Lobo Tellez,7815451140,18
Juan Cuevas Durazo,6176283882,20
Carlos Romero Orozco,5001230869,21
Luis Orozco López,3537808353,21
Karina Fernandez Pérez,3801381802,24
Raquel Durazo Orozco,7987952999,22
Julio Galaz Reza,6555515745,24
Karla López González,5046371336,25
Czarina Nuñez Pérez,8469272311,18
Domingo Martínez Vazquez,9179472320,25
Alan Piña Ortiz,2430047487,19
Eva Mata Pino,3200172556,19
Carlos Peña Reyes,3486506110,22
Ada Coronado Garza,0874208742,23
Kenia Yanes Camacho,0243987366,23
Czarina Valle Córdova,2243017058,18
Lourdes Fernandez Orozco,0496822946,25
Kimberly Ortiz Ortiz,8137500681,20
Brian Arredondo Mancera,6669157318,20
Karina Mancera Garza,0982870784,19
Elvia Coronado Elías,0949686433,23
Teresa Wong Arvizu,7075947408,22
Ernesto Mata Pérez,4377438365,19
Luis Garza Cruz,9936292403,24
Julián Fernandez Arredondo,0565096372,22
Julián Coronado Espinoza,1475303837,24
Kevin Flores Chávez,4963450801,24
Carlos González Rodríguez,5842921240,23
Guadalupe Pulido Mendez,8891700897,20
Juan Mendoza Rojas,5408932822,20
Carlos García Caro,8108196118,22
Alan Ayala Gutierrez,0119500305,24
Sebastián Reyes Jimenez,7687405749,21
Sebastián Encinas Nuñez,4157022431,25
Julián Garza Tellez,8771347192,18
Brian Castañeda Castañeda,1035104947,23
Ana Moreno Peña,1728871359,22
Armando Escalante Pérez,7953863080,21
Susana Escalante Reza,3123525096,24
Rafael Andre Mendez,6884523154,21
Julio Romero Verduzco,5736532863,23
Guadalupe Nuñez Córdova,9645218254,23
Adán Rosas Valle,3243089558,18
Armando Jimenez Pérez,8008392008,24
César Elías Pino,8868781030,19
Adán Cabada Jimenez,4960881667,25
Czarina Mendez Fernandez,4060187764,21
Kim Mata Valenzuela,0496939158,24
Julio Medina Gutierrez,0212783943,23
Karla Andre Reza,3009007870,23
Luis Leo Ortiz,6370224083,22
Julián Elías Yanes,8182985112,19
Julián Verduzco Coronado,2862003139,23
Luis López Chávez,5266174467,18
Guadalupe Fernandez Cano,8197431089,20
Brian Ochoa Castañeda,9155724072,23
Susana García Galaz,4089061003,24
América Mancera Cabada,9317012126,25
Juan Caro Mata,2644671875,18
Alberto López Castañeda,2184116767,21
Alan Tellez Mendez,6958025552,18
Brian Cruz Rojas,5155704625,20
Julián Rosales Lobo,3439185037,25
María Cano Cuevas,8428962831,23
Domingo Córdova Rosas,2605106351,25
Raquel Leo Pérez,2709270197,23
Susana Garza Verduzco,2758670936,23
Kenia Ortiz Reza,4262804478,25
Kenia Reyes Jimenez,0614127478,18
César Pino Rosales,6907911563,19
Kim Reza González,1674416100,24
Czarina Wong Flores,0078906612,19
Mariana Yanes Camacho,5658106072,20
Ernesto Cuevas Elías,6596217314,24
Adán Cruz Fernandez,2360402293,21
Alan Espinoza Almada,2348823325,19
Karla Jimenez Domínguez,2821265301,19
Guadalupe Rosas Ozuna,3206571028,25
Ada Cabada Cruz,0736031772,24
Ada Verduzco Cuevas,9032669778,19
Teresa Mendez Piña,1416040930,22
Adán Pino Cuevas,5729769990,18
Lourdes Mancera Leo,4262315525,20
Kenia Galaz Pulido,8903527840,18
Domingo Yanes Chávez,5773980502,20
Ana Valenzuela Arredondo,8599238644,23
Luis Fernandez Romero,8215289560,22
Mariana Escalante Cruz,5729701830,20
Raquel Camacho Arvizu,8297751649,24
Kevin Rosales Escalante,7804809711,19
Teresa Rosales Andre,0311769191,21
Rafael Monteverde Pérez,2035375001,25
Luis Ortiz Espinoza,6914218609,23
Ana Cabada Durazo,6720874397,24
Socorro Martínez Orozco,7538269668,23
Alan Ortiz Monteverde,2355227289,18
Karla Galaz Cruz,1997678771,22
Regina Islas Islas,3171443895,19
César Cadena Galaz,1013011161,18
Luis Vazquez López,0702738255,19
Karina Reza Arredondo,4376635395,19
Karla Escalante Cruz,0692408645,24
Luis Moreno Piña,2929403311,22
Isabel Leo Monteverde,1658175909,24
José Espinoza Orozco,0571472094,25
Lourdes Ramirez Cuevas,3754414827,25
Ana Jimenez Rosas,6467411447,22
Luis Medina Flores,9045254291,18
Ada Peña Almada,1935768212,25
Alberto Piña Galaz,2166043194,23
Karen Reyes Ortiz,5888594418,18
Juan Reza Rosas,1051176924,22
Sebastián Andre Rosales,1982526987,21
Guadalupe Durazo Vazquez,5866629212,25
Raquel Moreno Reyes,3658004018,21
Adán Reza Galaz,7113736432,24
Julián Valle Moreno,1863354545,25
Adán Reyes Rosales,7622064624,20
Luis Elías Valle,5507208948,20
Domingo González Mendez,0341775149,20
Mario Tellez Yanes,1186310978,18
Kim Chávez Cruz,4975267159,22
Karina Coronado Escalante,3690990890,20
César Martínez Córdova,7752460449,21
Brian Caro Castañeda,9243962164,20
Kim Valenzuela González,7799562580,20
Ada Orozco Cano,8954302471,21
Kevin Cadena Piña,2749405463,20
Mario Jimenez Ramirez,8941020812,25
Ada Balderrama Islas,9939615001,19
Karina Rosales Moreno,3003019108,20
Carlos Flores Ramos,0490171881,23
Alan Reyes Durazo,0189867670,24
Carlos Rosas Vazquez,8039595693,24
Regina Mata Córdova,0403524377,25
Domingo Wong Ramos,6533638141,20
Brian Escalante Coronado,9512482564,24
Alan Islas Nuñez,1453759347,25
Kenia Nuñez Arvizu,9983610697,23
Ema Moreno Ortiz,1537060412,22
Kevin Moreno García,3720696211,23
Teresa Pérez Alemán,1633691964,23
Raquel Coronado Ortiz,1625305879,25
Czarina Cuevas Arredondo,3018893499,23
Raquel Ramos Peña,0258644976,19
César Mata Valenzuela,2627790414,19
María Medina Córdova,3445038708,18
Luis Heras Coronado,5808414589,21
Luis Almada Leo,0661581251,23
Julio Chávez Cruz,6538281498,18
Karen Balderrama Camacho,2165855163,23
Julián Cruz Wong,7641534248,23
Sebastián Chávez Arvizu,0359293449,23
Teresa Cabada Córdova,3360134483,18
Julián Ozuna Pulido,8828228365,24
Rosa Wong Ramirez,8404928459,18
José Reyes Medina,7676911123,19
Ernesto Medina Cruz,7253530442,18
Rosa Pino Galaz,9617226446,25
Ana Elías Reza,8252826612,21
Karen Ozuna Valenzuela,0416810459,22
Brian Mancera Flores,5871929850,23
Kevin Piña Mendez,2176803412,21
Kevin Camacho Ozuna,1186003818,22
Rafael Rosales Domínguez,6672143384,18
Karen Arvizu Reza,7253084940,24
Kim Reyes Chávez,8654811948,22
Alberto Pino Galaz,2865003278,19
Rosa Valle Rojas,3159981900,20
Sebastián Flores Garza,6846293733,19
Fernanda Mancera Vazquez,6744047262,20
Juan Martínez Tellez,5268647775,22
César Pino Calles,0249061326,24
Socorro Rosales Elías,1951972590,20
Isabel Aldama Aldama,6801356815,22
Ernesto Aldama Leo,1574494517,18
Adán Ochoa Wong,9512823108,21
Raquel Durazo Cadena,3783219954,21
Karla Córdova Garza,9676101863,20
Sebastián Monteverde Vazquez,3320749922,25
Kevin García Encinas,9390152928,25
Regina Andre González,9478726296,19
Juan Flores Cadena,6193029833,19
Mariana Reza Cano,2871568264,25
Armando Galaz Aldama,9551795748,19
Adán Valle Flores,9160226114,20
María Reyes Heras,8401369686,24
Elvia Ozuna Reza,7054539032,22
Carlos González Castañeda,7661889517,21
Mario Cadena Andre,9038661458,19
Fernanda Tellez García,3089756874,21
Alan Alemán Rosales,8310410305,23
Carlos Reza Encinas,0536487763,24
Armando Piña Orozco,4129587560,18
Ana Cuevas Camacho,7982652824,22
Juan Martínez Elías,1166609819,24
Karen Arredondo Tellez,5794333094,24
Socorro Pino Balderrama,9944303305,23
Armando Cuevas Orozco,6916940482,18
Julián Moreno Cano,2295454093,23
Kevin Chávez Escalante,1347023591,21
José Balderrama Espinoza,2268844788,22
Julio García Piña,9276665008,19
Lourdes Martínez Durazo,0374185216,22
Susana Monteverde Coronado,3763284623,20
Julián Lobo Medina,7675648641,23
Rafael Garza Martínez,8088868297,22
Kenia Cano Castañeda,8186137766,25
Kim Jimenez Ozuna,8010254825,25
Alberto Pulido Flores,2340201486,21
Guadalupe Ramos Arvizu,7146101794,21
Julián Peña Caro,5386788368,24
Julio González Nuñez,7082198193,21
Brian Pérez Arvizu,7509628913,20
Rafael Heras Piña,1754759519,23
Karen Galaz Lobo,5476314784,20
Isabel Camacho Gutierrez,1011069797,21
Susana Chávez Aldama,8338844223,22
Lourdes Caro Jimenez,2209599954,18
Isabel Orozco Ayala,1423058263,22
América Moreno Arroyo,8007001341,22
Elvia Ramos Orozco,3851667596,18
Ernesto Piña Islas,6416604303,22
Regina Lobo Cadena,1413428119,20
Alan Rodríguez Ramos,4646256408,21
Kimberly Reza Pulido,7549863787,20
Carlos Castañeda Durazo,8936592668,23
Julio Pulido Chávez,4407166244,24
Armando Coronado Rodríguez,0431878587,19
Mario Flores Valle,8534666794,22
Susana Ozuna Galaz,9043357004,20
Mariana Verduzco Rojas,7972949283,18
Domingo Camacho Arredondo,1412523360,24
Kevin Escalante Yanes,5121364995,20
César Valle Islas,9848915069,19
Julián Alemán Rodríguez,5663161937,21
Karen Valenzuela Caro,0765023884,21
Luis Pulido Aldama,6327055084,18
Armando Ozuna Tellez,0702606877,23
Sebastián Reza Jimenez,4796968317,18
Luis Mendez Wong,7698151838,22
Sebastián Castañeda Rojas,3843047330,21
Alan Ozuna Ortiz,6628163841,20
Ernesto Orozco Heras,2726542804,25
Sebastián Ozuna Encinas,9318174111,21
Julio Encinas Camacho,3451656478,24
Susana Vazquez Ozuna,2460872813,22
César López Ortiz,3079661214,24
Isabel Valenzuela Martínez,8207248871,24
Eva Ramirez Camacho,3259702426,24
Brian Ayala Córdova,0908548795,25
Teresa Piña Islas,7744967606,22
Regina Piña Orozco,9815448227,23
América Encinas Mendoza,3200456037,23
Raquel Castañeda Ochoa,5429748732,18
Guadalupe Pérez Elías,4752284481,21
Mario Cadena Nuñez,4595211379,25
Eva Chávez Arroyo,0641852763,21
Socorro Mendez Cuevas,4205052236,23
María Córdova Coronado,9502485660,19
Lourdes Reza García,9877960319,24
Karen Elías Pérez,0000351043,19
Teresa Ochoa Córdova,3792314589,21
Adán Chávez Cano,4185808454,24
Ada Garza Ortiz,6609753855,20
Raquel Islas Rosas,4985211504,19
Lourdes Mendoza Cruz,3461588704,19
José Pérez Cano,4297281808,25
Rafael Garza Medina,5604912248,20
Fernanda Cano Medina,3877158751,23
José Cuevas Arredondo,7199268501,22
Sebastián Jimenez Ayala,1943137437,24
Julio Reyes López,7049464711,19
Carlos Cuevas Balderrama,2594428135,23
Ernesto González Domínguez,2252341198,25
Guadalupe Castañeda Reza,4298183793,25
Kevin Domínguez Valle,7286844583,18
Rosa Ramos Yanes,6409663219,23
Alan Balderrama Mancera,5642912992,18
Regina Moreno Peña,7522467615,22
Socorro Castañeda Garza,0560255859,22
Ernesto Córdova Orozco,5271291687,25
Guadalupe Valle Monteverde,2564218941,21
Alan Islas Rosales,9255047307,24
Ernesto Ochoa Pérez,9758314904,25
América Escalante Coronado,5562199204,22
Julián Reyes Mata,0981589084,21
Julián Jimenez Chávez,3581786609,18
Domingo Leo Flores,2178714356,19
Sebastián Flores Escalante,8820895575,19
Socorro Gutierrez Rosas,0307200458,20
Socorro Mancera Mendoza,1447641378,23
Kenia Tellez Pulido,7285042110,23
Armando Ortiz Ayala,3895619074,24
Guadalupe Arredondo Islas,5580878960,24
Teresa González Mendoza,5249138596,25
Karina Medina Islas,3350181776,24
Lourdes Peña Reza,7729900425,21
María Encinas Andre,0580528200,22
Kevin Ayala Romero,0387658467,20
Fernanda Pérez Coronado,9420490000,18
Lourdes López Andre,8384297702,23
Karen Verduzco Coronado,5869559109,25
Mariana Balderrama Fernandez,7988390362,25
Karen García Encinas,1224473849,20
Julio Camacho Arredondo,7340247985,20
César Espinoza Rosas,4443855646,25
Armando Camacho Heras,3347605988,23
Isabel Peña Ozuna,8248166728,24
Julián Flores Córdova,9031106697,21
Isabel Coronado Caro,8977556936,20
Rafael Flores García,7232190290,18
Raquel Pérez Cano,0600033595,24
Armando López Ozuna,7893512286,25
Rafael Mendez Vazquez,1459762341,22
Kevin Aldama Tellez,4580603841,21
Juan Piña Ayala,5445240349,23
Brian Tellez Tellez,7093808787,23
Armando Heras Escalante,7408064749,24
Armando Jimenez Jimenez,0184339891,21
Guadalupe Valle Arredondo,7844582674,25
Alan Pulido Verduzco,6034742816,22
Juan Elías Monteverde,7025122991,20
Kenia Rodríguez Córdova,1059343196,22
Armando Pino Martínez,8861653139,23
Lourdes Reza Arroyo,4769954191,20
César Rojas Ramos,1648021045,23
Raquel Calles Ozuna,5429007764,19
Ema Cadena Coronado,5866419227,21
Sebastián Ochoa Yanes,7546975198,22
Carlos Mata Jimenez,1486703607,24
Isabel Galaz Camacho,6583792733,24
Lourdes Pulido Monteverde,7589278996,21
Fernanda Córdova Pino,7076665511,24
Ana Calles Garza,2172161817,18
María Escalante Durazo,2520715624,24
Julián Durazo Camacho,2614855313,25
Luis Tellez Arredondo,0882798680,21
Rafael Calles Camacho,7274605982,23
Lourdes Orozco Cruz,9489370596,20
César Ortiz Rosales,4966932304,22
Karla Mendoza Rojas,1197048682,23
Eva Lobo Lobo,3954827649,24
Kenia Piña Calles,6891717979,21
Julio Fernandez Jimenez,6144553992,25
Ana Lobo Moreno,2315628993,20
Julián Córdova Alemán,6421002366,25
Armando Martínez Moreno,5277743483,21
Lourdes Rojas Cuevas,8449094736,20
Mariana Rosales Domínguez,6003428287,20
Armando Chávez Mata,6951375184,21
Kevin Elías Cano,5482879785,21
Kevin Arvizu Cano,5369988417,21
Luis Cadena Cabada,5950427406,23
Carlos Almada Calles,8406842524,18
Karen Córdova Córdova,4133695805,23
Karina Ortiz Vazquez,6944135326,19
Alberto Domínguez Rojas,7958856592,21
Juan Espinoza Durazo,1790938628,18
Julio Leo Ramirez,9295742046,23
Regina Ortiz Monteverde,2085483081,20
Armando Cano Galaz,7242646105,22
Armando Piña García,7971648360,24
Ernesto Chávez Mata,6166870258,25
María Moreno López,9837041032,20
Julián Ayala Orozco,8754274359,20
Julián Ayala Arroyo,2231286830,21
Armando Aldama Castañeda,9419242148,24
Socorro Ortiz Elías,4794080769,18
Armando Cadena Alemán,3000557228,22
Luis Piña Wong,9101390706,25
Karla Monteverde García,3077714082,22
Alberto Ayala Durazo,8031794854,23
Juan Durazo Escalante,8126166222,25
Carlos Heras García,1437154156,19
Julio Ozuna Ayala,2113438187,20
César Andre Rojas,8626591970,22
Lourdes Rosas López,7071568145,20
Karen Pulido Caro,9004106120,22
Ana Mendez Vazquez,7313682475,23
Regina Vazquez Pulido,7316697624,18
José Coronado Cano,5324184008,19
César García Pulido,2570613234,19
Karina Monteverde Tellez,7968637964,18
María Pulido Rosas,9793321045,21
Brian Heras Balderrama,0480388965,25
Luis Monteverde Coronado,6403787012,19
Kimberly Arroyo Ochoa,2063286053,19
Kevin Cuevas Pulido,9227603396,20
Alan Rosas Yanes,7119412907,23
Brian Pérez Islas,9069539684,25
Juan Pino Mendez,3369662644,22
Isabel Mata Aldama,3522804038,25
César Valle Mendoza,4935292046,19
César López Nuñez,0867477855,19
Armando Piña Almada,8436833276,24
Karina Mendoza Encinas,8861725527,21
Lourdes Balderrama Martínez,8048110268,18
Karina Wong Ramirez,5047345496,23
Guadalupe Aldama Heras,8158690267,24
Ernesto Jimenez Cano,6085552547,24
Carlos Ramos Coronado,9594571453,22
Karen Lobo Castañeda,9598300462,25
Brian Cadena Leo,5212235096,22
Julián Castañeda Orozco,2569277430,24
Armando Ayala Castañeda,5905432534,19
Adán Espinoza López,8219092354,25
Domingo Mancera Yanes,0042627173,24
Julián Cuevas Escalante,5682823271,24
José Ayala Andre,1126059108,25
Alan Ochoa Medina,0453797005,18
Ada Peña Moreno,6419663709,20
Luis Chávez Mata,3332248556,25
José Escalante Cabada,0213415123,20
Teresa Ozuna Pulido,0785251518,18
Adán Heras Verduzco,9758606961,24
Ana Ramirez Yanes,6049582399,24
Domingo Almada Córdova,2314796786,22
Julio Valenzuela Vazquez,1013477536,18
Adán Romero Aldama,4512838625,19
Brian Andre Romero,0083511974,18
Alan González Escalante,8567743216,24
Rafael Mancera Reza,1305802688,20
Julián Heras Ozuna,8801509221,18
Domingo Reyes Cadena,4343031441,24
Julián Reza Mendez,2870220053,23
Adán Yanes Ozuna,1632805109,20
Mariana Moreno Reyes,9634674294,24
Kevin Reyes Camacho,4339393167,21
Luis Coronado Aldama,2976262949,25
Armando Encinas Martínez,2839004326,21
José Balderrama Peña,2987451070,18
Mario Castañeda Arroyo,0031816587,24
Elvia Ochoa Coronado,8790418225,22
Julián Balderrama Camacho,7006152561,19
Sebastián Aldama Vazquez,2680314977,21
Kenia Wong Arroyo,1695235485,19
Teresa Ramos Pino,4621845853,24
Adán López Escalante,9627609017,21
Karina Aldama Durazo,7729152128,22
Kenia Cabada Ochoa,4205370800,23
Fernanda Reza Martínez,4739053468,21
Teresa Romero Orozco,5445473427,19
Rafael Ochoa Espinoza,8376494451,19
Karen Gutierrez Nuñez,1993449401,25
Kimberly Jimenez Piña,6261664112,25
Kimberly Cano Mata,6848020163,23
Sebastián Ramirez Ramirez,5984360806,19
Eva Durazo Galaz,0341831166,20
Ernesto Ozuna Pino,0797817300,21
Sebastián Ochoa González,5299031011,25
Isabel Mendoza Tellez,8405312651,20
Eva Cruz Mata,9719240517,23
Kevin Elías Orozco,2814758356,20
Kevin Galaz Espinoza,5600073738,21
Luis Ayala López,0451454436,18
Ernesto Garza Ozuna,3106957787,24
Adán Escalante Almada,7913357716,20
Socorro Ramos Reyes,6954219967,18
Ana Arvizu Calles,0206461975,20
Isabel Valenzuela Mendoza,3076541974,23
Kim González Martínez,1071208656,22
Socorro Yanes Cadena,0972107134,19
Susana Rosales Alemán,8884613581,24
Carlos Gutierrez García,6481640871,20
Raquel Arroyo Almada,8056625613,18
Susana Piña Islas,0523954568,22
Kevin García Monteverde,7856509786,23
Domingo Rosas Castañeda,8001463545,19
Eva Chávez Jimenez,3870192091,19
Adán Rosas Cuevas,5358330642,20
Alberto Gutierrez Domínguez,9514317270,23
Kenia Rodríguez Almada,7353925756,20
Ana Camacho Rosales,0541908410,25
Mariana Orozco Alemán,7636623015,20
Eva Balderrama Medina,1686980441,25
Czarina Islas Galaz,3149978558,24
César Andre Escalante,8836357629,24
Isabel Andre Rosas,2574174007,20
María Mendoza Escalante,0134055509,24
Socorro Castañeda Ramos,0147302639,20
Kimberly Encinas González,5394224148,23
César Arvizu Escalante,2564096487,21
Sebastián Cuevas Cabada,0177898583,18
Adán Fernandez Romero,4645213847,24
Ernesto Ramos Garza,5179255702,24
José Rosales Lobo,9487670367,22
Alan Aldama Almada,4730313819,23
Sebastián Mancera Piña,9917621132,19
Julio Flores Heras,8301427113,25
Eva Domínguez Reyes,2769335231,24
Elvia Ayala Monteverde,8189495523,25
Fernanda López Chávez,1605975444,24
Elvia Córdova Domínguez,9782150623,20
Ada Peña Caro,4559802903,24
Armando Islas Pérez,6320121410,24
Carlos Gutierrez Almada,9645514074,24
Julio Peña Gutierrez,3862637542,19
Karina Heras Jimenez,3225468192,23
María Durazo Mendez,3905635543,19
Kim Ochoa Cano,0332512330,20
Juan Ramos Yanes,3545361117,19
Brian Mendoza Galaz,5845072563,20
Juan Alemán Medina,1413852717,25
Rafael Ortiz Mancera,0070501128,18
César Durazo Martínez,6598479951,24
Regina Espinoza Peña,1768976411,24
Domingo Cabada Tellez,0670224408,25
Domingo Martínez Aldama,2886676952,21
Karla Almada Romero,3060166105,18
Kimberly Escalante Wong,0954453800,18
Mario Piña Arvizu,0954776714,24
Kevin López González,2648895109,23
Alan García Ortiz,4769009284,21
Raquel Peña Cadena,9585915840,25
Isabel Camacho Ortiz,9986783053,25
Raquel Córdova Cadena,2214774679,21
Juan Reyes Mendez,0591405975,19
Ada Jimenez Valle,9702143155,21
Karla Córdova Ayala,1777397800,19
Alberto Valle Tellez,4574605084,19
Karen Garza Mendoza,4934400000,24
Carlos Gutierrez Flores,0022600854,23
Julio Camacho Encinas,6187456477,23
Guadalupe Islas Pulido,2004236389,23
América Yanes Pulido,0890745068,24
Raquel Caro Ramirez,8660160133,24
José Castañeda Coronado,0536313618,24
Elvia Peña Córdova,3571807703,25
Guadalupe Cabada Reza,4047244053,25
Alan Andre Mendoza,4780705735,22
Brian Escalante Cuevas,3855940693,23
Brian Reza Pérez,1334329448,19
María Leo Alemán,7485042494,25
Adán Elías Espinoza,6782082155,25
José Camacho Cabada,3365217722,20
Juan Calles Rosas,2332799886,25
Guadalupe Tellez Valle,5152457126,25
Czarina Elías Pino,4161983568,19
Rafael Fernandez Cuevas,0723208654,23
Czarina Ramirez Cuevas,4284712082,23
Raquel Pulido Galaz,3264445749,21
Luis Arvizu Galaz,0190083034,19
José Almada Almada,1655661288,18
Alan Ramos Piña,5135916497,21
Brian Ayala Cuevas,6199756111,21
América Martínez Almada,7104334092,19
José González Flores,3638853619,24
Guadalupe Mendoza Escalante,1376190119,18
Kim Arredondo López,7008728027,19
César Monteverde Cabada,2728864488,24
Carlos Jimenez Garza,5750755560,25
Julián Mata Mata,1966257085,18
América Balderrama Castañeda,8046996838,22
Armando Pino Mendez,4767759666,21
José Pino Camacho,0965450256,21
Julio Domínguez Heras,4790952155,21
José Elías Valenzuela,7357382935,18
Karina Cano Rosales,2582365591,25
Ana López Arroyo,5969005613,21
Regina Cano Cuevas,6515018578,21
María Almada Galaz,4351391507,25
Kenia Rosales Encinas,0326386523,20
José Garza García,7371728090,21
Lourdes Romero Cano,4446430603,24
Ernesto Reyes Cadena,3762764512,20
María Galaz Cano,4625047426,20
Alan Rojas Medina,2383856193,19
Mario Mata Durazo,1533716598,21
Juan Durazo Nuñez,2290685833,22
Alberto Nuñez Almada,9599364568,25
Ernesto Ozuna Valenzuela,2420767787,19
Julián Espinoza Peña,5631432001,22
Teresa Yanes Ochoa,3906942810,18
Kimberly González Galaz,5077068329,24
Brian Alemán Wong,2488800480,25
José Cadena Galaz,9988157720,23
Julio Ozuna Aldama,9913234306,22
Regina Lobo Peña,5357977206,22
Ada Leo Valle,5923013719,25
José Cano Cuevas,9494854901,23
Kevin Ochoa Rojas,2619753357,24
Ada Chávez Piña,3180261920,18
Rosa Coronado Romero,2055256189,22
Elvia Ayala Rosas,2098902801,24
Karina Aldama Lobo,5551050249,18
Eva Galaz Arvizu,4514567037,19
Czarina Encinas Domínguez,5894694146,25
Ema Arvizu Garza,8916361118,20
Ana Alemán Alemán,0984598485,24
Karina Cadena Garza,9928019687,23
Kim Arredondo Yanes,5297893684,22
Alberto Islas González,1486227839,18
Adán Caro Camacho,1777021524,19
Alan Monteverde González,2912389248,18
Regina Castañeda Arroyo,7526604179,23
Sebastián Piña Escalante,0852913630,19
Isabel Elías Córdova,8561710461,25
Kenia Valenzuela Monteverde,1695396758,23
Raquel Ayala Mendoza,6481434919,18
María Mendez Almada,7288343851,20
América Ozuna Alemán,0332852946,25
César Elías Nuñez,9523042303,21
Ana Monteverde Mendoza,5134343171,24
Mario Calles Elías,8457013667,24
Regina Ochoa Espinoza,8083971187,18
José Islas Heras,1026399931,24
Elvia Galaz Ayala,6188402613,20
Julio Piña López,4229034872,18
Julio Rodríguez Ramirez,2303667888,23
Sebastián Verduzco Nuñez,2350609510,21
Mario Heras Peña,8613321671,18
Ada Leo Mancera,9654175190,24
Julio Peña Tellez,6721598883,19
Armando Rosas Córdova,8280706036,25
Julio Medina Ozuna,5364869565,19
Eva Alemán Nuñez,8052721691,18
Karen Tellez Ayala,9811093953,19
María Islas Ozuna,7739281446,20
Elvia Ramirez Cabada,2166529289,20
Czarina Coronado Rosas,1552401427,24
Julio Cuevas Fernandez,4919437685,22
Alan Ochoa Cano,2261479156,20
César Mancera Rojas,4933738723,25
Sebastián Cuevas Valenzuela,7848869427,20
Czarina Tellez Cadena,9717502893,20
Alberto Flores Gutierrez,9234388313,19
Karla García Camacho,3797942435,23
Karla Castañeda Arroyo,6883439012,18
Rafael González López,5257161164,21
Rafael Peña Piña,6068767248,22
Mariana Islas Elías,9654664709,23
Rafael Espinoza Espinoza,8309932370,19
Luis Cuevas Mendoza,0346291426,24
Kimberly Reza Yanes,7757746548,22
Kenia García Wong,0865231632,18
Socorro Encinas Lobo,6870010321,24
Elvia Domínguez Escalante,9479018936,21
Ana Ortiz Pérez,9963844623,18
América Mendez Leo,0727243578,18
Isabel Garza Rosales,8006329496,18
Brian Cadena Cabada,9177918874,22
María Cruz Vazquez,7350590206,18
Brian Rodríguez Piña,1839319540,18
Isabel Caro Garza,7591789162,24
Ernesto Rosales Arroyo,6056751660,19
Adán Islas García,4041534059,18
Eva Piña Pérez,8354330820,19
Alberto Espinoza Rodríguez,8770528259,21
Rosa Tellez Valle,0532011442,22
Raquel Camacho García,0293470370,22
José Cabada Lobo,4610095793,24
Rafael Cruz Arredondo,8039386756,20
José Almada Mancera,1835759900,19
María Romero Domínguez,8528120874,25
Susana Peña Orozco,1202530967,24
Adán Mendez Camacho,4793859686,23
Fernanda Orozco Ochoa,4032447460,21
Susana Mancera Islas,4473400266,22
Carlos Yanes Escalante,9032443762,21
Alan Lobo Moreno,8217170243,21
Elvia López Galaz,0670395643,21
Karen Elías Durazo,0938700031,19
Armando Arvizu Ortiz,5603087749,23
Ernesto Ramirez Ortiz,1396566721,22
Armando Domínguez Galaz,2485881503,19
Julio Almada Islas,2573552486,24
Ana Cabada Mancera,3869088093,21
César Cano Monteverde,4506326592,24
Mario Islas Gutierrez,2830745368,21
Brian Pino Calles,4193839602,22
Carlos Garza Wong,6914412908,23
Mariana Caro Garza,0925319289,22
Fernanda Rosales Encinas,4915526061,24
Julio Arvizu Mancera,0514501449,25
Susana Jimenez Cuevas,2387485306,19
José Leo Wong,6826866466,19
Alberto Moreno Alemán,6261906467,18
José Domínguez Cuevas,8405400993,25
Kevin Verduzco Caro,5992380440,21
Kevin Reza Ramirez,7424749303,23
Socorro Monteverde Valle,3165918833,21
Adán Balderrama Cano,2364243335,21
Domingo Arvizu Encinas,6142910110,19
Juan Rosales Heras,0668671373,24
Armando Reyes Arroyo,0398595197,21
Mario Ortiz Camacho,4098360606,19
Raquel Mata Escalante,4552549469,19
Brian Cano Aldama,0448698002,23
Carlos Arredondo López,2668528959,22
Carlos Pino Reyes,2843590385,21
Ana Orozco Reyes,1817355994,25
América Rojas Flores,5029609316,18
Rafael Tellez Ortiz,3072603275,24
Domingo Fernandez Martínez,5867329542,25
Domingo Alemán Martínez,6285674037,21
Fernanda Durazo Vazquez,8183712939,25
Brian Calles Islas,5642679717,20
Kim Cuevas Medina,1440515008,23
Kim Valenzuela Pino,5498743812,20
Karla Aldama Medina,7614048246,18
Susana Nuñez Valle,9023838002,20
Sebastián Nuñez Rojas,5314456906,20
José Arredondo Ramirez,4494910731,25
Adán Jimenez Heras,7074711365,25
Mariana Elías Arredondo,0391767280,24
Juan Mata Balderrama,4032618869,21
Ada Pulido Ayala,4773656934,19
Brian Medina Galaz,0911694259,25
Sebastián Alemán Aldama,0114357248,21
César Ramirez Encinas,8051007780,18
Ernesto Monteverde Nuñez,8681810252,20
Fernanda Camacho Mendoza,9364453877,22
Karina Encinas Mancera,3242100181,23
Alberto Yanes Reyes,2811271379,22
Juan Caro Pino,7639639624,22
Ema Calles Pulido,6671858262,22
Mario Monteverde Piña,5110690651,18
Fernanda Orozco Yanes,3023594164,25
Teresa Elías Ramos,2499664703,23
Ernesto Yanes Rojas,6760739154,20
Alberto Medina Almada,2659106992,23
Czarina Lobo Monteverde,5014807517,19
Regina Valle Cruz,2043209852,23
Alan Rosas García,9358214397,19
Luis Fernandez Cruz,5258616739,18
Rosa Cano Camacho,6789688776,22
Czarina Reyes Valenzuela,7965391537,19
Alberto Vazquez Caro,7312237076,23
Czarina Orozco Galaz,9168980646,20
José Alemán Mata,9822757470,18
Alberto Ramos Camacho,9007779440,19
Elvia Pulido Cuevas,6305890294,23
Raquel Ortiz Cuevas,8896508873,19
Kenia Alemán Mancera,9057472425,24
Carlos Ozuna Medina,0913586812,21
Juan Andre Rosales,1547359516,23
Alberto López Arvizu,6500867735,18
Lourdes Mendoza Valle,0850658512,22
Karen Medina Balderrama,7722584189,25
Julián Orozco Valle,3921001446,18
Karla Nuñez Espinoza,8416843829,25
Karla Medina Pérez,6321762487,21
César Yanes Encinas,9703565801,24
Guadalupe Garza Ortiz,7753680353,20
Alan Piña Coronado,9766906385,22
Kenia Pérez Flores,6327583159,20
Ernesto González Orozco,5296484359,21
Carlos Tellez Monteverde,1510787343,22
Sebastián Aldama Reza,5211980316,21
José Romero Nuñez,7379578431,22
Regina Balderrama Andre,1104379199,23
Regina Cadena Alemán,3648009166,21
Armando González Durazo,9175551874,20
Luis Ramirez Encinas,6306027353,18
Rafael Martínez Espinoza,4543645973,19
Sebastián Camacho Balderrama,2517018384,24
Julio Tellez Pérez,4761610972,25
Julio Valenzuela Peña,0311880748,18
Kenia Aldama Ozuna,1938747546,18
Kevin Domínguez Aldama,9999303949,24
María Garza Peña,4858409338,20
Juan Moreno Arredondo,8731354925,20
José Aldama Tellez,3551850897,21
Lourdes Nuñez Medina,6855726615,20
Eva Reyes Wong,9718867966,20
Alberto Valenzuela Heras,6612846969,21
César Aldama Mendez,9384144261,20
Ernesto Orozco Aldama,2628287264,23
Adán Balderrama Mancera,6657143752,25
Luis Pulido Peña,2806236964,23
Guadalupe Balderrama Peña,8174029558,20
Mario Flores Fernandez,5435366861,25
Carlos Ayala López,2782541102,22
Sebastián Cuevas Vazquez,8084237299,21
Adán Verduzco Cabada,2602840966,25
Kimberly Castañeda Wong,0843021843,23
César Cuevas Andre,6200748815,21
Kevin Calles Orozco,8847162220,18
Alberto Wong López,8154396486,19
Guadalupe Orozco Ayala,5465514533,19
Isabel Andre González,9353919588,23
Julio Camacho Nuñez,9539507335,19
Alan Reyes Mancera,6940559164,22
Regina Encinas Cabada,8659389492,22
Isabel Rojas Encinas,8351235701,25
Ema Caro Mancera,4084826194,24
Isabel Mata Flores,5985454180,20
Isabel Cano Leo,9373806625,21
María Cabada Elías,1022943591,20
Julián Córdova Mendez,6329389956,20
María López Espinoza,2650054255,19
Kim Ochoa Reza,6890783019,25
Socorro Ochoa Valenzuela,6783660803,18
Mario Gutierrez Islas,4141489540,18
Alberto González Pulido,3221907381,19
Julio Domínguez Calles,3536758111,25
Domingo Pino Lobo,7010846947,21
Julián Castañeda Cruz,2940697287,20
Brian Fernandez Domínguez,6902600723,21
América Fernandez Heras,5658826703,21
Rosa Pérez Chávez,3521335307,23
Rafael Romero Jimenez,3124304570,21
Carlos Cuevas Espinoza,7387509295,25
Raquel Tellez Reyes,2825615359,24
Rafael Cano Romero,2463976503,21
Armando Ozuna Moreno,6952804436,21
Susana Leo Pino,8885975580,25
Isabel Martínez Jimenez,4975559541,19
Fernanda Flores Vazquez,5114909086,22
Eva Rodríguez Valenzuela,8182171906,21
Carlos Castañeda Caro,5423764100,20
Karla Domínguez Flores,0230395450,21
Kimberly Ortiz Aldama,5911843208,20
Mario Yanes González,2997206852,22
Julián Rosas Rosales,7062201891,23
Mario González Castañeda,7319294153,22
Carlos Ochoa Flores,0052840176,19
Socorro Castañeda Rodríguez,1114685541,20
Juan Ramos Romero,8015880199,25
Domingo Rodríguez Espinoza,3326675390,24
Alan Tellez Orozco,2876899178,22
Ana Arroyo Reyes,9653498548,22
Susana Cabada Lobo,5660378953,23
América Alemán Rodríguez,8185258723,25
Alan Mata Cuevas,0887871783,18
Karina Arvizu Peña,0135518755,22
Fernanda Elías Rosales,0714606371,23
Guadalupe Aldama Caro,8694537172,20
Isabel Coronado Ramirez,4057009496,19
María Vazquez Alemán,7500045782,20
Karen Castañeda Mata,0286725051,18
Isabel Cadena Rojas,9839358992,18
César Rodríguez Jimenez,9128207071,23
César Valenzuela Alemán,8926651746,18
Julio Romero Ozuna,5649992422,21
Kenia Fernandez Arvizu,5117623155,22
Carlos Valenzuela Domínguez,3624996045,23
Domingo Wong Piña,6749809779,20
Guadalupe Reyes Reza,1199544621,18
Regina Pérez Alemán,6501529546,18
Karla Alemán Calles,6227693470,24
Ana Domínguez Cabada,7298440526,22
Armando Ortiz Andre,0136488808,20
Juan Chávez Durazo,9706588308,23
Carlos Valle Leo,4325164373,24
Kimberly Flores Yanes,9129630780,24
Adán Pino Ortiz,6488149886,19
Isabel Medina Galaz,7081158001,18
Mario Elías Córdova,6024667557,23
Teresa Mancera Arroyo,7222890292,22
Eva Lobo Yanes,3214693594,18
Mario Mancera Domínguez,9410036703,18
Lourdes Ramos Caro,6499761810,25
María Mata Cabada,1546366927,23
Alan Rodríguez Ayala,8488729534,24
Alberto Arroyo Espinoza,2558334465,18
Julio González Vazquez,7646002876,18
Ernesto Vazquez Cruz,2532715724,20
Kimberly Pulido Nuñez,8727314538,19
José González Leo,6536920436,20
Elvia Moreno Islas,1449382112,22
Rosa González Córdova,2070896007,20
Adán Rosas Martínez,7405567896,21
Teresa Andre Ozuna,2066398540,24
Elvia Rosas Arvizu,9745261444,21
César Encinas Verduzco,9751756294,23
Eva Alemán Ozuna,4703271317,23
Mario Alemán Encinas,8244743096,23
Kenia Balderrama Encinas,6119907545,18
César Ayala Galaz,1220051164,21
Karen Islas Ayala,0366969467,21
Mario Balderrama Rojas,2139048050,25
Alberto Cabada Reyes,2917729441,24
Alan Espinoza Tellez,4237072360,23
Ema Ortiz Leo,2012708949,24
Teresa Reza Martínez,7843169610,24
Kenia Mendez Cruz,7716559999,24
Regina Aldama Ayala,0618746414,24
Mario Romero Orozco,5256061734,25
Ana Nuñez Rojas,5641114165,23
César Pulido Ochoa,8675004945,18
Domingo Alemán Camacho,0327558986,24
Eva Ramirez Pino,0076031430,25
Mariana Martínez Arvizu,4511326307,18
Kim González Córdova,9022113671,21
Ema García Lobo,4244455853,20
Julián Balderrama Chávez,1603538348,23
José Elías Rosas,5686934982,22
Adán Ramirez Reyes,0041138123,25
Kim Chávez Romero,0350603634,18
Elvia Rojas Andre,8650292842,21
Julio Aldama Monteverde,3827475330,18
Karina Domínguez Castañeda,8716825008,25
Karina Martínez Garza,1497302768,22
Alberto Cuevas Arvizu,4265104557,20
José Cadena Piña,8053539844,24
Adán Elías Chávez,8005188124,24
Rafael Yanes Reyes,5888207947,25
Fernanda Espinoza Ochoa,6535444008,21
Kevin Caro García,6404889110,21
Eva Cadena Heras,3210661661,21
Armando Jimenez Mendoza,4696018235,24
César Flores Rosas,4398643371,25
Alberto Castañeda Ozuna,6980575851,24
Carlos Gutierrez Gutierrez,5824855152,20
Eva Reza García,5517210387,20
Rosa Encinas García,6801822023,20
Kimberly Romero Pulido,2248900232,21
Alberto Camacho Monteverde,6746153105,24
Alan Flores Nuñez,9849248812,25
Brian Nuñez Pino,4346092265,25
Brian Verduzco Mendoza,3315058743,18
Brian Peña Rodríguez,8229943347,23
Karen Ramos Yanes,0023917756,25
Raquel Balderrama Coronado,1716170454,21
Rafael Mendez Galaz,5388159429,25
Luis Jimenez Pino,8656367310,21
Juan Medina Alemán,2416578021,19
Karina Rosas Nuñez,2816496686,24
Adán González Flores,7184022678,23
Adán Almada Martínez,8429096467,25
Rosa Cuevas Pérez,5213171315,18
Sebastián Andre Nuñez,4252807770,24
Julio Mancera Mendez,6581899811,24
Ada Espinoza Rodríguez,6850677014,23
Elvia Ortiz Espinoza,0035965170,22
Adán Ramos Medina,8590616840,25
América Aldama Balderrama,2431712033,24
Ana Domínguez Monteverde,8077364651,25
Mario Orozco Jimenez,8308287137,21
José Pérez Ramos,3478107889,21
Sebastián Romero Pulido,7682889383,19
Julián Flores Monteverde,6032732336,25
Rafael Domínguez Wong,3363629168,23
Eva Cuevas Rosas,4414250553,19
Julián Aldama Cruz,8819091559,21
Ernesto Aldama Ortiz,5011986191,25
Kimberly Romero Calles,3817647310,21
Sebastián Orozco Arvizu,0213876668,18
Regina Valle Rodríguez,0613102795,23
América Romero Córdova,7067669221,21
Juan Rodríguez Mendoza,1609278062,25
Brian Peña Nuñez,4010734902,19
Adán Calles Lobo,7933801445,18
Ana Rojas Pérez,0458683361,24
Fernanda Ayala Mancera,7343921154,21
Alberto Vazquez Ochoa,6040369606,22
Socorro Escalante Yanes,9718262349,19
Fernanda Calles Lobo,7267366713,23
María Tellez Medina,0071161975,18
Ernesto Espinoza Moreno,4066795786,22
Alan Chávez Pino,9211471774,20
José Moreno Monteverde,5543137364,18
Sebastián Wong Heras,2119837673,18
Armando Ramos Piña,7193329205,23
Ema Castañeda Ramirez,4402164258,25
Ana Ramos Vazquez,4985970815,20
Czarina Rosales Leo,1702002844,20
César Ramos Pulido,1687540665,21
Armando Escalante Mendoza,7946346016,25
Juan Flores Calles,7219139706,22
Julio Heras Mendez,3309762904,19
César Rodríguez Lobo,9425099735,23
Rosa Ochoa Rosas,2185759813,25
César Elías Cabada,5454508773,18
Kevin Camacho Cuevas,7810791564,22
Mario Espinoza Cruz,8366656289,20
América Rojas Ochoa,9806384846,22
Alan Castañeda Nuñez,9927667357,18
César Aldama Orozco,6276514120,25
Kimberly Ayala Camacho,8322562525,20
José Ramos Ozuna,5806922418,25
Teresa Piña Domínguez,0632034577,18
Karla Ramos Castañeda,2744862664,23
Ernesto Monteverde Verduzco,7223378283,19
Adán González Ozuna,7079944855,24
Alan Cadena Mendez,6162034462,23
Ana Mendez Gutierrez,5245533273,19
Kenia Espinoza Gutierrez,6712195060,21
Julián Encinas Ramirez,9118015205,23
Brian Ortiz Espinoza,2770185906,22
Brian Martínez Galaz,4518298675,25
Ernesto Reza Mancera,3534379212,20
Kevin Valenzuela Caro,7619457511,20
Alberto González Mata,2150704550,20
Alberto Romero Moreno,4395778731,25
Luis Espinoza Galaz,7606601548,25
Brian Chávez Galaz,3146815514,18
Kevin Mancera Gutierrez,5823079410,22
Guadalupe Pulido Escalante,8685156398,24
Domingo Cano Romero,5999189696,18
Rosa Córdova Martínez,3992350176,20
Mario Andre Pulido,4298004358,21
Rafael Piña Rodríguez,4332727266,22
Teresa Rosales Orozco,0045658983,19
Armando Córdova Coronado,1049900162,25
Karina Monteverde Calles,0676758308,21
Mario Andre Wong,4362914221,24
José García Piña,0478750788,20
Kevin González Valle,7113099847,25
Czarina Cadena Castañeda,8673709869,25
Domingo López Gutierrez,6865223200,25
Czarina Andre Aldama,9589799056,22
Luis Alemán Arredondo,3037229834,18
Kevin Peña Cabada,8152498641,22
José Ozuna Medina,0838033218,22
Ada Romero Tellez,2768760068,25
Ema Cadena Reza,5928586445,20
Teresa Rosas Yanes,1543230004,21
Luis Coronado Cabada,4325822852,19
Lourdes Rosas Monteverde,9526309198,22
Ada Domínguez Valenzuela,2853143562,19
Ernesto Cabada Espinoza,2725838299,25
Julio Caro Espinoza,5704526584,20
Armando Caro Wong,5320907955,18
Mariana Garza Tellez,5999837951,24
Susana Alemán Balderrama,7935817786,25
Brian Medina Almada,9806323956,18
Isabel Domínguez Valle,0544038634,24
Socorro Piña Mendoza,9917950727,20
Czarina Cadena Reyes,3033805922,23
Domingo Wong Mancera,8791751475,24
Alan Chávez Ramos,5679455896,25
César Ramirez Valenzuela,1939689134,23
Kenia Rojas Medina,0948535216,20
Czarina Arredondo Orozco,3252286298,19
Mario Jimenez Romero,6505498500,18
Alan Caro Andre,5332068678,21
Czarina Elías Cano,7510244829,24
Ana Ramos Reza,3319109822,24
Adán Mendez Reyes,2072394146,18
Sebastián Verduzco Chávez,7302109024,19
América Garza Espinoza,8666135000,22
Domingo Jimenez Durazo,1211964673,23
Fernanda Pino Reyes,6041501835,21
Lourdes Ortiz Medina,9790223290,18
Karen Arroyo Calles,7688002561,22
Domingo Tellez Mata,7614451648,21
Guadalupe Cano Arredondo,8245393061,24
Lourdes Rodríguez Arroyo,1973021497,20
Kevin Rodríguez Almada,8949157235,23
Rafael Fernandez Ramirez,9820056814,18
Fernanda Nuñez Gutierrez,1019788189,19
Isabel Cruz Mendez,4547925638,22
Brian López Reyes,9209821079,22
Karina Ayala Ramirez,3211541710,20
Kevin Yanes Calles,1643191477,23
Rosa Alemán Yanes,1444057601,22
Karla Elías Reyes,1270999577,25
José García Ozuna,0335703507,24
América Gutierrez Lobo,0503642551,22
María Pérez Martínez,7268524753,21
Lourdes Espinoza Rojas,8287141506,20
Luis Rojas Rojas,5091484379,18
Carlos Cadena Balderrama,7651890825,24
Juan Fernandez Almada,7810834670,21
Rafael Camacho Cabada,0539823758,24
Alberto Rojas Chávez,9334806858,18
Armando López Peña,7893153909,24
Karla Arroyo Cabada,7445892937,19
Carlos Espinoza Monteverde,7214670993,25
Raquel García Espinoza,2959414784,23
Elvia Flores Cano,1491841285,22
Regina Mendoza Encinas,8159459020,25
Karina González Gutierrez,9171459494,18
Karina Domínguez Caro,9170969192,25
Julio Monteverde Pulido,1467943582,19
Ada Cuevas Garza,0630176620,19
Kim Rodríguez Reza,5123099158,19
María Ortiz Valle,8421680224,20
Susana Galaz Rosas,7627572849,21
Adán Wong Valle,7111027168,18
Regina Valle Nuñez,3603569436,20
Rosa Rosales Castañeda,5087854793,25
Julio Wong Durazo,3221808783,24
Isabel González Córdova,7668007316,18
Karina Medina Vazquez,7377151823,18
Ada Vazquez Elías,0993281947,21
César Fernandez Reza,6547747795,22
Rosa Monteverde Cruz,5758825907,25
Sebastián Cabada Heras,7195942941,18
Mariana Ayala Ramos,9832835189,18
Karen Durazo González,6018138155,25
Guadalupe Valenzuela Wong,3789527436,21
Karina Reyes Ochoa,5489056939,25
Adán Verduzco Cadena,6599763402,22
Ana Pulido Wong,5256216282,25
Guadalupe Mata Orozco,9237728007,18
Ernesto García Arroyo,9335963381,22
Kenia Leo Ramirez,4506229547,18
Elvia Arvizu Mancera,2407629484,20
Domingo Monteverde Córdova,4913791655,22
Karen Islas Aldama,5708049677,18
Ernesto Almada Calles,8298488127,24
Domingo González Alemán,4581714398,24
Isabel Arredondo Jimenez,4922211483,21
Regina Ayala Alemán,2221086473,18
Guadalupe Ramirez Ozuna,0290702605,24
Mariana Peña Cano,8201700952,19
Mario Andre Caro,8486684987,22
José Nuñez Reza,5030806873,20
Julio Elías Balderrama,1026277290,21
Ana Escalante Galaz,0644515866,24
Domingo Alemán Garza,9040778046,24
Alberto Orozco Cuevas,5297085428,22
Rafael Elías Monteverde,9983152055,19
Kenia Jimenez Chávez,4827091315,19
María López Calles,1825379445,22
José Alemán Ochoa,5453350808,19
Regina Peña Cruz,0159744832,20
Kevin Cadena Andre,6806992053,20
Czarina Balderrama Rosas,0132081947,25
Socorro Reza Domínguez,3298615887,19
Armando Romero Durazo,8875731441,23
Fernanda Pulido Ozuna,2019140778,18
Armando Martínez Encinas,2208994092,21
Eva Arredondo Encinas,1335048514,25
Elvia Mendez Islas,2377925333,22
Kenia Rodríguez Fernandez,3663790281,24
Mario Cano Jimenez,7332835946,18
Juan Escalante Escalante,2670892497,22
Luis Mancera Jimenez,8630918304,21
América Verduzco Ozuna,2200918627,20
Susana Mendoza Gutierrez,2459946019,22
Alberto Reza González,5799081911,20
Teresa Arvizu Arvizu,0566005770,20
Juan Chávez Ayala,7305989579,23
Rosa Fernandez Camacho,8423294651,19
Armando Monteverde González,8755731734,20
Alan García Heras,0200039257,20
Elvia Galaz Rodríguez,1521088871,21
Brian Wong Alemán,8209224612,24
César Espinoza Elías,1375968404,24
Armando Flores Moreno,9196018471,22
Ema Ayala Castañeda,7560186012,22
Alan Valle Romero,5018324668,25
Kimberly Camacho Cabada,7728275296,23
Luis Leo Espinoza,3622517497,25
Mario Pérez Cuevas,3595610092,19
Armando Mendez Cadena,0806529396,23
Adán González Ayala,8295810937,18
América Flores Cruz,5183231585,20
Ernesto Verduzco Gutierrez,1460694316,22
José Cadena Rosas,8978865192,18
Sebastián Ochoa Moreno,3099044784,21
César Rojas Mancera,9667773867,23
Karen Ortiz González,0324854081,22
Kenia Cabada Espinoza,4380418719,19
Alberto Ozuna Cadena,5262707347,24
Armando Pino Pino,8236272680,18
Alberto Ayala Orozco,9255684300,21
Ana Piña Rosales,1374263852,20
Rafael González Tellez,3036314234,22
Mario Alemán Arvizu,0190167407,22
Karina Valenzuela Flores,4442720637,24
Ada Fernandez Chávez,8673190007,21
Kenia Reza Mancera,0552954819,24
Ernesto Fernandez Ortiz,8288029155,25
Ernesto Garza Gutierrez,1502214350,20
Rosa Orozco Romero,7200606232,25
Domingo Cano Leo,0335682348,21
Juan Andre Arredondo,8550876150,25
Rosa Domínguez Cruz,2094632086,20
Ada Moreno Cano,1251609853,20
Sebastián Valle Rojas,1601887447,19
Karen Verduzco Valle,0500657009,20
Raquel Galaz Piña,3889503332,22
Susana Andre Alemán,3521325673,25
Julio Arredondo Islas,7530418027,22
Ana Nuñez Cabada,7806920360,22
Ada Islas Nuñez,7656583632,21
Alberto Fernandez Rojas,2975903801,24
Karina Camacho Domínguez,7288922500,20
Rosa Reza Cuevas,2748857341,19
América Valenzuela Cruz,5602232033,18
Kimberly Lobo Monteverde,0938240369,22
Ema Mendoza Orozco,2261399315,22
Socorro Arvizu Cadena,3549137832,19
Czarina Rojas Espinoza,1341405548,19
Isabel Rodríguez Ortiz,1918065501,19
Kenia Arredondo Pino,4610195239,18
César Vazquez Garza,3683712059,25
Isabel Heras Romero,1730885023,18
Rafael Arroyo Calles,2466589217,22
Teresa Piña Mata,1672129981,20
Domingo Cuevas Islas,2620043511,21
Brian Rosas Reza,1654003613,22
Lourdes Cabada Coronado,7639220593,21
Guadalupe Martínez Mata,9012059321,24
Mario Elías Camacho,8245716649,19
Karen Castañeda Encinas,0134413899,18
Isabel Andre Castañeda,6811960505,20
José Arvizu Almada,2257656399,18
Mariana Mancera Moreno,3730158473,25
Czarina Reyes Pérez,7652133795,25
Mario Pulido Arredondo,5137616797,19
Ada Garza Rodríguez,3882442027,20
Luis Fernandez Rodríguez,0349388098,19
Socorro Ramos Cruz,7210738860,23
Susana Ortiz Tellez,0703125913,19
Karen Arredondo Pino,0448297300,24
Rafael Mendez Piña,5852686698,19
María Jimenez Pino,9962049988,18
Kenia García Alemán,7042672095,23
Ema Cano Ochoa,3458350893,19
Mario Cadena Romero,2968220163,19
Kevin Cabada Fernandez,1686189214,19
Raquel Moreno Verduzco,3729745953,24
Kim Verduzco Pérez,5713035288,25
Adán Pulido Rosales,9560587702,22
Julián Fernandez Medina,7967501085,22
José Leo Rojas,0488563882,19
Domingo Balderrama Almada,3103309994,22
Ada Tellez Arvizu,1251391710,18
Regina Aldama Cruz,1813888531,24
Alan Rosas Garza,6377969453,25
Carlos Valenzuela López,0359950509,22
Ema Encinas Peña,0504309184,22
Alberto Valle Ramirez,9513624645,18
Rosa Encinas Aldama,1923342375,25
Guadalupe Arvizu Lobo,9097979032,22
Guadalupe Ayala Ramos,5799682916,19
Carlos Caro Tellez,2687073161,21
Julio Garza Elías,2420931611,18
Guadalupe Yanes Alemán,6184013797,25
Kimberly Cabada Leo,7775209702,18
Kimberly Elías Calles,5688935948,20
Brian García Galaz,6634718567,22
Kim Flores Piña,8868928881,23
Alberto Domínguez Ayala,4645324882,23
Susana Pino Valle,4076012521,24
Rafael Pulido Arroyo,6418170216,23
Luis Mendez Valle,7797233565,19
Alan Fernandez Islas,3243023976,18
Regina Piña Elías,6879377359,18
Czarina Nuñez Camacho,7613560185,22
Kenia Lobo Ozuna,2821236651,22
Juan Escalante Cuevas,4743882030,23
Ada Rosas Camacho,8379234731,25
Alan Fernandez García,2670966699,24
José Pérez Pino,6558186664,24
Mario Cabada Cano,4337805165,23
Karen Wong Ortiz,6807211973,19
Juan Rodríguez Lobo,6725768908,18
Rafael Aldama Encinas,8641621052,20
Kim Flores Ozuna,8713835824,23
Domingo Tellez Ochoa,2626786944,22
Fernanda Garza Moreno,4657383420,23
Socorro Escalante Córdova,3366040379,20
Julián Encinas Valenzuela,1107487564,25
Elvia González Ozuna,5851676715,18
Rosa González Encinas,5895839043,18
María Ramirez Camacho,8648334345,20
Mario Camacho Yanes,4291485867,22
César Domínguez Reyes,5879255711,25
Sebastián Tellez Nuñez,0952316054,19
Karen Rosas López,2219574910,22
José Reza Gutierrez,3891090762,24
Luis Coronado Reza,7838000593,22
Regina Cadena Valenzuela,1093409269,18
Fernanda Espinoza Rodríguez,0034266197,21
Kenia Rodríguez Reyes,7289200751,24
Susana Arredondo Reyes,5666408696,18
Ernesto Reyes Espinoza,6252821449,22
Kenia Flores Encinas,4455427497,21
César Garza Rosas,1329632976,21
Alan Valenzuela Lobo,6312193288,18
Socorro Durazo Yanes,8958267630,18
Ana Pino Tellez,6530590339,18
Czarina Islas Aldama,8704948334,23
Armando Mata Ochoa,9001152667,18
Teresa Reyes Elías,2333918527,25
Alan Arvizu Alemán,3192281659,24
Ana Pino Wong,6944439922,21
Adán Castañeda Arroyo,9786473337,25
María Ochoa Wong,9182316021,22
Mariana Gutierrez Garza,4513569336,22
Sebastián Ortiz Vazquez,0954011757,25
José Castañeda Fernandez,4986524953,22
César Leo Arroyo,4849883876,23
Kim Moreno Cadena,6750132375,18
Alberto Fernandez Lobo,7001975540,25
Mario Rosales Chávez,1534376408,19
Armando Garza Valle,3641402488,25
María Gutierrez Ochoa,1860838847,18
Brian Galaz Mata,4892735127,23
Czarina Camacho Cuevas,4417648504,24
César Ramos Mendez,1936766821,18
Ema Cadena Rosas,7068947352,19
Mariana Rodríguez Cano,0567105005,23
América Andre Garza,6413357494,19
Sebastián Córdova Reza,8943188606,24
Juan Rojas Reyes,4742387432,23
Fernanda Pulido Mendez,3016718751,21
Sebastián Reza Ortiz,1590231306,18
Carlos Caro López,0117661719,20
Kim Coronado Rojas,2608387076,19
Mario Medina García,0096380349,21
José Almada Alemán,8986317638,19
Elvia Heras Córdova,9963687213,21
América Leo Rojas,0946242196,23
Karina Córdova Cabada,3810094280,18
Julio Arredondo Arvizu,1894293440,19
José Rosas Almada,0078037827,24
Domingo Ortiz Chávez,7341429740,22
Ana Valenzuela García,7627016349,22
Ana Caro Fernandez,4872443183,25
Socorro Cadena Monteverde,1995705454,22
Karina Caro Alemán,3215240543,20
Luis Romero Valenzuela,1004817363,18
Karina Gutierrez Vazquez,9732795926,22
Adán Domínguez Aldama,6047332685,20
María Ramirez Chávez,4893278345,25
César Mata Mendez,4303063756,23
Elvia Andre Jimenez,4981017853,22
Karen Rosas Reza,5641368586,20
Karla Verduzco Córdova,7905501638,25
Julio Chávez Mancera,6741712200,23
Julián Monteverde Coronado,9267094364,21
Ema Almada Moreno,1857197084,25
Socorro Fernandez Heras,5577779819,19
José Nuñez Verduzco,2601650926,18
Raquel Ramirez Islas,8432123747,25
Domingo Pino Mendoza,2502851906,25
Kim Pino Galaz,0285884264,25
José Elías Cano,5299156677,19
Alan Galaz López,1976499709,20
Fernanda Valle Alemán,3239617622,23
Adán Ozuna Tellez,0748067226,23
Juan Leo Rodríguez,7896081130,23
César Medina Ramirez,2748175243,21
Raquel Peña López,0324331753,20
Ema Arredondo Pérez,6279538609,25
Fernanda Orozco Monteverde,4267602462,18
Isabel González Ayala,5491990605,22
Alberto Orozco Valenzuela,1793136915,21
María Orozco Martínez,1478718645,24
Karen Piña Ozuna,0981003893,22
Ema Alemán Martínez,6793796379,23
Mario Córdova Cadena,0633418762,25
Carlos Andre Coronado,2891785143,22
Kenia González Castañeda,9822278821,24
Kevin Arvizu Arroyo,5120803058,24
Julio Ramirez Peña,6107075720,20
América Moreno Gutierrez,7777916558,21
Brian Arvizu Mata,4425700797,24
Carlos Caro Almada,4871253907,19
Adán Ayala Nuñez,5064586246,19
Lourdes Vazquez Ozuna,7082496477,20
Luis Almada Pérez,3665248600,19
Kenia Moreno Garza,9766101213,24
Alan Gutierrez Cadena,3659009222,18
Alan Valenzuela Arvizu,6453815731,20
Rafael Cabada Orozco,4161492122,22
Teresa Moreno Islas,4539652194,19
Ana Wong Balderrama,6742425115,24
Alberto Romero Alemán,4198570869,25
Ana Domínguez Garza,6794333152,18
Mario Arvizu Tellez,6439184541,19
Ema Mendez Durazo,7637257765,18
Kimberly Mendoza Ozuna,9793614307,20
Julián Pino Cadena,4236616741,23
Julio Leo Cruz,1018579549,25
Elvia Aldama Ortiz,9869882872,23
Julio Islas Arredondo,5233679324,21
Rafael Alemán Ortiz,3916078725,25
César Arredondo Reza,1074599932,20
Carlos Cuevas Pérez,6052774741,19
Ana Espinoza Romero,1033756319,20
Alberto Arvizu Romero,8537924035,23
Kimberly Wong Heras,7963847330,22
Kevin Ozuna Valle,3110037711,24
Karla Ayala Ochoa,5856728715,21
Kimberly Domínguez Wong,9181445468,21
Adán Orozco Castañeda,9817456914,19
María Wong Cano,6483429947,20
Julián López Castañeda,8682003260,19
Alan Medina Ramirez,0713812256,22
Ema Ramos Ramirez,6044234128,25
Karina Heras Lobo,3180960933,23
Karla Arredondo Encinas,3295879515,19
Lourdes Heras Monteverde,8939335906,18
Adán Valle Pulido,1589655041,22
Raquel Wong Chávez,5986930533,20
Brian Peña Ramirez,5436979035,25
Regina Medina Alemán,9020161098,24
Julián Yanes Romero,8618419313,23
Juan López Lobo,5958583601,22
Isabel Vazquez Rojas,7673293991,19
Alan Fernandez Arredondo,3093658817,22
Kimberly Rosas Ayala,0164970691,19
Armando Arredondo Pulido,4321760369,23
Socorro Alemán Lobo,5407531332,21
Ada Almada Rosas,1203047401,21
Socorro Rojas Vazquez,8904547168,23
Sebastián Medina Piña,1229275499,23
Julián González Ochoa,2100944100,18
Alan Elías Galaz,6487628381,23
Elvia Rodríguez Alemán,1347353033,24
María Piña Galaz,7780972920,21
Carlos Martínez Cabada,8340378774,22
Teresa Caro Islas,2333188852,18
Teresa Cadena Arredondo,4357301411,20
Luis Cabada Mendez,6690420569,21
Brian Almada Caro,3033357928,22
Elvia Mancera Martínez,9395146260,19
Adán Monteverde Tellez,0607658313,20
Domingo Ochoa Castañeda,7350894646,19
Isabel Garza Valle,9393646135,25
Ana Córdova Cabada,9192047328,20
César Encinas Galaz,9409254084,21
Karen Rojas Arvizu,8264265541,24
José Jimenez Alemán,8703675791,25
Ana Valenzuela Espinoza,3444863859,18
Kenia Cadena Alemán,3992821692,23
Adán Gutierrez Monteverde,1683142561,21
Julián Camacho Reyes,9919962864,22
Raquel Rosales Rosas,6734009479,22
Mario Ortiz López,6524805272,21
Teresa Arroyo García,2174917852,23
Elvia Wong Verduzco,2364385680,19
Kevin Yanes Ochoa,7532366311,19
Alberto Coronado Cruz,1409259460,21
América Cruz Martínez,7345653756,21
Julián Ozuna Durazo,6083448505,21
Mario Yanes Reyes,5151594489,19
Karina Medina Yanes,6338717119,21
Raquel Jimenez Alemán,7904525952,19
Karla Arroyo Ayala,0012633140,21
César González Valle,1089811058,23
Luis Valle Rojas,0182947426,24
Rosa Moreno Ortiz,2642711336,21
Carlos Ochoa Rojas,0554625938,19
Carlos Leo Ramos,9926169133,18
Luis López Martínez,6214159069,21
Julián Tellez Valle,7553943632,21
Karen Valle Arroyo,6112144969,25
Julián Fernandez Cabada,9187501528,21
María Rosas Cano,7792631057,22
Karina Arroyo Piña,4643042374,20
Juan Camacho Tellez,8852910041,23
Elvia Chávez Peña,1753191967,23
Alan Yanes González,6389700840,25
Julián Mata Moreno,4360408980,22
Rosa Pulido Castañeda,5415118692,23
Teresa Coronado Balderrama,3407853529,24
Alberto Camacho Caro,6004334448,25
Alan Ozuna Garza,4063097751,25
América Ortiz Almada,0252806323,18
Kim Ayala Elías,9201096178,24
Socorro Mendoza Vazquez,7648699895,20
Carlos Monteverde Arredondo,6700480899,20
Ana Rodríguez Vazquez,4091473096,22
Armando Garza Reyes,3123688908,22
Rafael Lobo Cabada,6429508588,22
Alberto Espinoza Monteverde,9855327374,20
José Arredondo Ramos,4565718075,22
Luis González Nuñez,5668407797,21
Kimberly Ramos Piña,4220182103,24
Brian Almada Pino,7915432587,22
Julián Rosales González,0244210003,23
Ana Ochoa Caro,0728498308,22
Rosa Jimenez Cruz,0039733283,20
Socorro Caro Cruz,3748884808,18
Lourdes Encinas Domínguez,9343818329,22
Mario Elías Lobo,4704051693,19
Socorro Valle Moreno,2296432617,24
Fernanda Islas Peña,8512618721,23
Raquel Encinas Mendez,4915779712,22
Ana Cruz López,3433747543,24
César Ayala Garza,0838501240,24
Mario Nuñez Arredondo,3588970348,23
Ada Rojas Pérez,6390860289,24
Kenia Valenzuela Domínguez,8479068133,25
Ada Arroyo Valenzuela,5389137399,21
Kevin Medina Piña,4276729019,25
Guadalupe Almada Martínez,2913181894,19
María Durazo Ozuna,2476031362,23
Alberto Yanes Galaz,5471483491,23
Regina Arvizu Lobo,8040288345,20
Eva Tellez Escalante,5645278783,21
Ada Rodríguez Cadena,5868855591,22
María González Córdova,6943614292,25
Carlos Elías Reza,9655384428,18
Regina Garza Ayala,6125402094,18
Brian Chávez Domínguez,1540005293,22
Eva Ayala Pérez,7274218150,21
César Camacho Cadena,4214294035,21
Domingo López Pino,4383570090,21
Carlos Arvizu Elías,3548502802,25
Kimberly Castañeda Islas,3482717939,20
América Andre Arvizu,8089137988,23
Julio Balderrama Flores,0887847269,19
Mariana Yanes González,0294621512,24
Rosa Cabada Reyes,9136059875,19
Ema Rosas Rodríguez,8056185800,25
Regina López Espinoza,1208157582,21
Kenia Pérez González,7036159873,23
Karen Martínez Wong,7950626913,22
Karla Romero Vazquez,7922029981,20
Regina Córdova Ayala,1696552327,25
Kimberly Nuñez Lobo,4089118897,24
Kimberly Heras Espinoza,1144844575,23
Czarina Peña Rojas,7454478028,24
Adán Castañeda Yanes,0079806449,21
María Ayala Andre,5893065849,25
Adán Valenzuela Ayala,5989245291,25
Juan Verduzco Cuevas,8965962878,23
Lourdes Chávez Encinas,2129345850,24
Juan Coronado Nuñez,9722289271,25
Brian Almada Coronado,0062698525,23
Socorro Caro Pulido,6975449879,20
Raquel Rosas Flores,2548211002,22
Armando Almada Arredondo,4526987692,22
Isabel Balderrama Andre,8179154075,19
Juan Galaz Cuevas,1174998196,18
Mario Pino Arvizu,1221118590,19
Rafael Balderrama Wong,2180169854,18
Kim Aldama Pulido,4563173594,23
Kevin Mata Vazquez,8882635403,24
Teresa Elías Galaz,4883445389,20
Lourdes Nuñez Fernandez,5827983851,19
Eva Ozuna Peña,1658541220,23
Kevin Moreno Pérez,0816724138,24
Brian Balderrama Chávez,8726879309,22
Regina Moreno Rosales,9540558495,24
Mariana Espinoza Pino,1460666083,20
Ernesto Cabada Coronado,8962738925,23
Ernesto Gutierrez Galaz,5963719986,24
Rosa Caro Garza,7506464387,21
Rosa Peña Vazquez,3081985731,19
Adán Pino Cruz,3801933258,23
Isabel Encinas Tellez,7353311557,25
América Rojas Espinoza,3875312843,19
César Flores Valle,3589914891,21
Karen Mancera Mendoza,6325606034,18
América López Ortiz,5339444221,21
Eva Islas Orozco,5659183615,25
Kevin López Vazquez,9897563557,20
Alberto Pino Romero,4559625016,24
Regina Alemán Andre,4874834841,24
Julio Rosas López,5083728424,23
Ernesto Reyes Yanes,2924382445,20
María Tellez Calles,8862600967,24
Kim Mancera Cano,9019573524,22
César Gutierrez Tellez,3986998042,24
Kevin Jimenez Mendoza,2305026215,21
Julián Rosales García,9185961196,18
Elvia Caro Cuevas,0849250985,22
César Ochoa Chávez,0841998279,20
Czarina Pérez Jimenez,2617411573,19
Rosa Castañeda Piña,7912423922,20
Lourdes Encinas Durazo,4628162408,22
Mariana Chávez Mendoza,5892030252,24
Domingo Mendez Romero,1529274339,18
Rafael Nuñez Mendez,5157302982,24
Elvia Rodríguez Rodríguez,8608927303,24
Karina Medina Cruz,8010675555,22
Mariana Rodríguez Mendez,4774535797,25
Luis Durazo Pino,8146494991,24
Kenia Tellez Rosales,9807386399,20
Sebastián Durazo Verduzco,7219483255,25
Mariana Cadena Ramos,0842346039,18
Socorro Mendez Escalante,0504832137,22
Julián Orozco Jimenez,4503910928,23
Julián Calles Verduzco,6844797755,20
Juan Islas Wong,0669709610,23
Elvia Ayala Arredondo,2204457199,20
Karina Ramos García,8010728353,21
César Cabada Fernandez,7983888286,22
Kimberly Pulido Galaz,0771043562,22
Teresa Córdova Rodríguez,9229682182,25
Karina Balderrama Heras,1068779849,19
Fernanda Cabada Aldama,8122469912,25
César Caro Cruz,2289498082,20
Socorro Orozco Ramos,4070707217,21
Isabel Cadena Valenzuela,3551969274,19
César Wong Ramos,8430409103,21
Socorro Valenzuela Arvizu,6557639476,25
Karen Córdova Medina,3133722483,23
Elvia Verduzco Valle,0117215658,23
Ernesto Mendoza Cuevas,8582739111,25
Julio Cano Encinas,5917084777,24
Ada Piña Garza,9682493164,20
Alan Mata Rojas,3009121933,20
Isabel Chávez Mendez,8012258284,23
José Ramirez Ramirez,6008146658,18
Alberto Pulido Rosas,5301777236,21
Carlos Yanes Nuñez,0854218534,24
María Galaz Ortiz,0847936984,20
Guadalupe Medina Gutierrez,9268585483,20
Socorro Pino Andre,4332659322,19
Alan García Ramirez,7221215505,24
Ana Mata Leo,9888645583,22
Julián Ramirez Fernandez,1324542200,21
Czarina Reza Rosas,2091229341,23
Lourdes Galaz Cruz,8216166979,23
Regina Peña Chávez,8803409458,23
Mario Pérez Escalante,7643326819,24
Eva Rosas Cuevas,3331153216,19
César Arroyo Ochoa,4552600203,20
Rosa Reyes Ochoa,5637604775,23
Juan Tellez Balderrama,8061638809,24
Kim Garza Balderrama,8802015364,18
Kenia Mendoza Andre,0414562649,19
Adán Domínguez Alemán,0677088977,22
Karina Leo Romero,9645615374,24
Brian Durazo Heras,4064089476,24
Lourdes Gutierrez Alemán,6129631422,19
Karla Heras Rosas,7077196754,25
Karla Cuevas Caro,4531253935,23
Karen Rosas Almada,6099271313,20
Luis Cabada Mancera,6379347823,18
Susana Fernandez Cadena,9807837762,20
Mario Ayala Jimenez,4666781772,19
Karen Jimenez Pulido,8516402830,19
Ana Reza Pulido,6598271438,21
César Islas Tellez,2211465792,18
Susana Reza Cuevas,1657937405,25
Fernanda Cadena Arroyo,4761908948,21
Armando Arredondo Fernandez,8161636982,25
Ada Martínez García,8115231792,25
Alan Cabada García,2635035385,25
Ada Arredondo Arvizu,3056865447,19
Ernesto Ortiz Galaz,2983573093,25
Alan Castañeda Cano,9220147299,18
Julio Gutierrez Escalante,5133588246,21
Julio Cano Valenzuela,1679133959,18
Luis López Escalante,0550984733,19
Fernanda Castañeda Reyes,5446258094,20
Ernesto Ayala Encinas,7371339310,24
Lourdes Gutierrez Balderrama,5545892558,19
Fernanda Martínez López,9446975054,20
Rosa Rosales Pulido,3300919269,19
Czarina Valle Reza,4714446882,23
Kevin Ramos Garza,7003840623,24
Julián Monteverde Rosas,1703468487,19
Elvia Moreno Elías,9451745541,23
Kim Almada Rosales,3008236338,20
Alan Nuñez Heras,0675259875,24
Socorro Monteverde Flores,5090957851,25
César Cano Cadena,2633878737,23
Karina González Arroyo,8414258819,23
Carlos Domínguez Ortiz,8933576794,24
Isabel Pino Fernandez,3943886680,18
Sebastián Durazo Calles,1637393123,21
Teresa Piña Lobo,0978253271,23
Kenia Aldama González,7052829522,22
Carlos Balderrama Rosales,5008202233,20
Mariana Flores Reza,6327514019,25
América Reza Rosales,5576664258,20
Armando Monteverde Wong,3838057675,24
Rafael Piña Pulido,7638128334,23
Socorro Rojas Gutierrez,6576005319,19
Kevin Valenzuela Vazquez,5947468313,19
Carlos Monteverde Durazo,9212026247,24
América Mendez Vazquez,0543834105,18
Julián Ortiz Ochoa,8183464499,21
Czarina Rodríguez Cano,0117272457,20
César Leo Durazo,6443610990,18
Luis Mendoza Mancera,0157111249,23
María Pulido Lobo,5363134410,19
Elvia Leo Rosas,7347170664,21
María Galaz Cadena,0129791790,20
Isabel Valle Rojas,6583349858,24
Ernesto Camacho Fernandez,1920946577,21
Kenia Ortiz Garza,6468419943,19
Socorro Escalante Ozuna,4619210576,22
José García Cadena,9468984068,21
Teresa Martínez Rodríguez,4453595164,25
Rafael Ochoa Vazquez,8992449940,21
María Arredondo Calles,3915782205,20
Domingo Jimenez Castañeda,4990105010,20
Kevin Arredondo Ochoa,5133196975,25
Ema Reyes Ochoa,6581031897,24
Karla Piña Pulido,9986968635,25
Alan Medina Chávez,7453650556,19
Raquel Arvizu López,7477760104,22
Mario Ochoa Vazquez,7191034126,19
Armando Peña Aldama,1546300812,22
Sebastián Ozuna Tellez,1439040496,24
Alan Tellez Pulido,7044424960,20
Karla Andre Lobo,5842167874,19
Sebastián Monteverde Peña,1333908346,22
Lourdes Aldama Jimenez,1784728883,24
Ada Lobo Nuñez,0562883650,20
Juan Vazquez Castañeda,8666423532,18
Ema Rosas Nuñez,6825618811,22
Brian Vazquez Cano,3971909927,19
Julián Yanes Ochoa,8430279648,25
Karina Andre Domínguez,3927004702,22
Kimberly Monteverde Cruz,5579415085,20
Julio Yanes Encinas,8797059307,22
Kevin Camacho Jimenez,1514081983,19
María Rosas Balderrama,4684730106,20
Ernesto Flores Heras,6363997087,20
Alberto Nuñez Wong,6864810610,23
Domingo Pérez Chávez,6481413850,20
Juan Orozco Ozuna,7580403131,25
Eva Encinas Arvizu,7672047069,19
Alan Espinoza Verduzco,7435175831,21
Rafael Elías Cuevas,6155882458,20
Kevin Tellez Coronado,5052240840,21
Fernanda Pérez Mancera,9050660147,24
Alan Ayala Flores,0234441657,18
Julián Cabada Calles,4151017665,22
Rafael Mata Encinas,2526384415,19
Juan Lobo Martínez,9481473156,24
Elvia González Reza,9548209289,19
Carlos Galaz Romero,0595601205,20
Carlos Alemán Jimenez,9933827381,24
Sebastián Mancera Mendoza,2125194784,25
Rosa Andre Castañeda,4403143244,20
Lourdes Calles Caro,9675680929,20
Alan Pérez Domínguez,3592733094,22
César Nuñez Chávez,7423376259,23
Kenia López Córdova,4152629771,25
Teresa Leo Arredondo,2331665317,19
Kim Gutierrez Jimenez,8999306107,20
Raquel Nuñez Nuñez,7395785147,19
Alan Mata Monteverde,4830996072,20
Alan Rosales Rojas,8312182244,18
Ana Piña Cano,8505533271,24
Alan López Arvizu,6409947135,21
Isabel Martínez Cabada,2630735480,20
América Cano Martínez,2384546740,20
María Durazo Córdova,1003004239,23
Kenia Encinas Coronado,6348015996,19
Socorro Ochoa Elías,6025021537,25
Domingo Fernandez Rosas,9069201434,20
Juan Yanes Escalante,0943487082,25
Brian Vazquez Cadena,8135042207,21
Fernanda Wong Romero,4598393779,20
Alberto Garza Leo,8246009471,22
América Arredondo Rosas,3889671102,24
Rosa Galaz Rodríguez,0373357805,21
Kevin Ochoa Mancera,4836373781,18
Karla Espinoza Arredondo,5710995802,18
Karen Córdova Garza,0110892778,21
América Encinas Arroyo,0893806718,18
América Caro Domínguez,9320510606,24
Ana Verduzco Cruz,3332834909,25
Elvia Medina Orozco,9627787990,21
Kim Castañeda Moreno,6927612440,22
Mario Flores Elías,1205143200,19
Julián Ramirez Córdova,2754033047,25
Alberto Córdova Pino,7729530480,21
Elvia Romero Flores,0789538538,18
Ernesto Domínguez Cadena,0591468429,21
José Leo Peña,9412062846,24
Kenia Peña Cano,8333676397,24
Domingo Elías Coronado,5850609158,25
Karen Córdova Andre,9866397047,20
Mario Verduzco Ozuna,8134649892,18
Domingo Monteverde Romero,4833372838,19
América Balderrama Mancera,7781884341,21
Luis Romero Córdova,1782481475,25
Brian Wong Camacho,2074458671,21
Juan Peña Castañeda,1624197415,21
Rosa Rosas Arvizu,5730720140,19
César Coronado Encinas,4531077852,25
Czarina Domínguez Pérez,9137621825,18
Julián Valenzuela Valenzuela,3623960760,18
Karla Arredondo Reza,2113943012,22
Guadalupe Andre Caro,5036026974,25
Teresa Pulido Encinas,7714207790,22
Armando González Lobo,0218062870,19
Kevin Islas Cabada,9492174297,25
Julián López Espinoza,3454921062,25
Kim Galaz Almada,7604951013,18
Ernesto Ozuna Alemán,8235358441,23
Brian Islas Gutierrez,3893557825,24
Czarina Leo Peña,0864066092,24
Rosa Ochoa Pérez,5030520914,18
Juan Cadena Chávez,4378641389,20
Guadalupe Cruz Verduzco,0049685835,22
Mariana Domínguez Yanes,8598712204,24
Mariana Ramos Andre,7305285005,24
Elvia Lobo Peña,2755407771,25
Carlos Gutierrez Aldama,3509562708,24
Mario Pérez Córdova,5041840440,20
Carlos García Pino,4247874399,25
Armando Mancera Reyes,5046516944,18
Kimberly Mendoza Rojas,7831428734,18
Susana Arredondo Heras,7727306261,24
Armando Valle Rodríguez,0158482465,20
Carlos Monteverde Mata,7400355195,23
Alberto Pino Mancera,2819602366,22
Brian Encinas Arroyo,2744731956,25
Ernesto Ayala Reyes,7224889215,25
Julio Cadena Camacho,6790163984,25
Rafael Ramos Mata,2303242149,20
María Reyes Ortiz,8351759373,21
Sebastián Valle Galaz,3547324750,22
Alan Alemán Pérez,3217078062,19
Raquel Encinas Vazquez,0073932486,23
Rosa Moreno Mancera,2816874069,18
Regina Verduzco Mata,9839696689,19
Alberto Flores Cruz,4270555682,23
Rosa Pulido Romero,4190000218,18
Armando Chávez Wong,2754753942,18
Rafael Pérez Valle,9742552387,22
Karen Rosales Arroyo,4574704053,19
Julio Calles Alemán,4721183197,19
Mariana Rojas Garza,0942384958,19
Carlos Ramos Mancera,3731208053,18
Rafael Cadena Chávez,8660706834,20
Julio Pulido Arredondo,7762769752,19
Fernanda Coronado Arroyo,2454422397,24
Ana Encinas García,0218263386,20
Sebastián Ochoa Chávez,7141558983,22
Kevin Elías Vazquez,6863191782,25
Elvia Rodríguez Cano,7213825173,22
José Flores Martínez,2567998205,25
Czarina Pérez Moreno,4994460737,22
Armando Elías Islas,4295747262,20
Domingo Cabada Moreno,6544006675,19
Sebastián Peña Durazo,4461138593,20
Kimberly Cruz Chávez,3652939422,22
Juan Rosas Jimenez,3592271064,23
Kenia Cadena Almada,9197876809,21
Alberto Martínez Castañeda,1300451979,23
Karla Alemán Almada,9488382476,25
José Alemán Castañeda,5184777418,24
Guadalupe Balderrama Piña,9378043816,18
Karina Cuevas Piña,2095197038,20
José Elías Wong,9524003990,20
Ernesto Rojas Pulido,1571848705,19
Lourdes Vazquez Cadena,0415086189,20
Kimberly Córdova Yanes,4335079602,22
Regina Ramos Garza,6105213923,24
Kimberly Cuevas Heras,6403677492,24
Julián Tellez Cadena,2636479374,19
Kimberly Mancera Yanes,4009533154,23
José Rojas Moreno,1458651385,24
Lourdes Almada Wong,8012404409,23
Ana Fernandez Flores,3160756874,19
Ema Escalante Mancera,8929086111,23
Armando Mata Martínez,0871901268,18
Karina Tellez Encinas,8718290974,20
Julio Flores Peña,3675768483,24
Julián Balderrama Nuñez,7484660667,19
Domingo Ortiz Leo,4698414400,21
Kevin Gutierrez Andre,6062352424,18
Julio Aldama Reyes,1081420140,18
Raquel Domínguez Heras,5112083412,23
Alberto Mendez Chávez,2175820179,18
Luis Heras Camacho,6679633358,20
Mario Arroyo López,8318625133,25
Karen Alemán Pulido,8775546759,25
Lourdes Domínguez Orozco,9407616399,23
Julio Flores Romero,8261459450,20
Juan Monteverde Valenzuela,1527745913,22
José Rodríguez Espinoza,6670808677,18
Ada Arredondo Domínguez,4174330823,24
Juan Pino Garza,1300548270,20
Adán González Almada,7117468287,18
Lourdes Castañeda Lobo,0048803611,23
Lourdes Rosales Yanes,4999462569,25
Guadalupe Cuevas González,0959803971,25
César Cabada Heras,6534327209,19
Sebastián Valenzuela Mendez,5981336028,22
Mario Verduzco López,2838415690,21
Fernanda Rodríguez Valle,7390771692,25
Ana Cruz Andre,0487791491,23
Julián Vazquez Caro,2633660148,20
Ada Orozco Heras,2080841358,24
Ernesto Arredondo Mata,1398102879,25
Teresa Tellez Andre,8684960037,23
Alberto Ochoa Rodríguez,5506117173,22
Sebastián Encinas Ayala,0454493736,24
Socorro Tellez Ochoa,6495018921,24
Carlos Encinas Chávez,1266566540,18
Fernanda Mendez Yanes,2663551502,23
Eva Ozuna Mendoza,3401901918,23
Karina Espinoza Orozco,8624467168,22
Kimberly González Heras,1353947559,18
Kimberly Rosas Verduzco,9145409600,24
Julio Pérez Flores,8831911384,20
Julio Cuevas Leo,7243537299,25
Teresa Ayala Arvizu,8185655791,25
María Ozuna Jimenez,0040057304,22
Julio Tellez Elías,1968607172,20
Karina Ortiz Mancera,3824425073,23
Julián González Domínguez,3625447232,23
César Galaz Flores,6324909453,18
Ernesto Mendez Rodríguez,3221173210,21
Czarina Galaz Calles,0784975091,20
Fernanda Reza Orozco,9274709648,19
Alan Córdova Escalante,0136658247,19
Fernanda Nuñez Tellez,8768313430,24
Socorro Jimenez Piña,9751481051,20
Luis Pulido Pino,6594673209,18
Rosa Jimenez Ortiz,2804386944,20
Karina Arroyo Rosas,3130887865,23
Kevin Lobo Cadena,2436394687,24
Karina Tellez Pérez,9659763366,21
Karla Jimenez Nuñez,7876564253,23
Kevin Moreno Almada,0892964114,24
Fernanda Camacho Aldama,0226493563,24
Kim Escalante Elías,0469559582,25
Susana Mancera Wong,4012493413,19
Sebastián Cruz García,3779143284,22
Mario Camacho Cabada,2354537869,20
Juan Arvizu Almada,5659784487,19
Eva Rojas Córdova,7464271970,22
Rosa Balderrama Rosas,4363506781,22
América Rosales Rosales,0705381819,25
Sebastián Escalante Escalante,0796446247,21
Ana Flores Ortiz,0134845075,21
Juan Galaz Reyes,3381241087,18
Ada Domínguez Chávez,4118274583,24
Sebastián Encinas Pino,1912025181,22
Juan Aldama García,4667741300,21
Rafael Mendez Leo,8886004982,19
Domingo Caro Camacho,9414816027,24
Julián Ramirez Escalante,9240728411,19
Karina Gutierrez Durazo,2134024196,25
Rosa Aldama García,2972982829,19
Fernanda Cabada Ramos,1483070091,24
Ana Almada Medina,7473456533,22
Julio Valle Cuevas,6045176002,25
José Fernandez Almada,7593199359,23
Ernesto Arredondo García,5947339556,20
María Arvizu González,4426821866,21
Elvia Moreno Tellez,1770023629,19
Rafael Peña Reza,3004124643,24
Regina Domínguez Valle,4660426591,22
Alan Aldama Domínguez,8657019584,19
Isabel Aldama Camacho,3852787498,20
Lourdes Caro Peña,7147075782,21
María Leo Pino,8061709982,25
Regina Wong Ortiz,3492076450,21
Eva Rojas Leo,8673853632,21
Julio Coronado Romero,1646526144,22
Elvia Camacho Orozco,8314233579,25
Alberto Heras Arvizu,2312616626,23
Elvia Leo Pino,7825447198,22
Isabel Arroyo Encinas,1608502152,18
Fernanda Mata Córdova,3304319371,19
Alberto Escalante Caro,7096350864,19
Armando Ramos Arvizu,0005983627,24
Mariana Rosas Wong,8965379914,24
Alan Almada Domínguez,1109333197,23
Elvia Reyes Arvizu,3960140741,23
Kevin Cabada García,5591479885,25
Julián Ozuna Mata,5113348779,18
Susana Tellez Pulido,3386427293,18
Lourdes Martínez Rojas,8439290612,20
María Piña Pulido,6257965654,23
Mario García Domínguez,9267543159,20
Lourdes Islas Encinas,6791226608,23
Julio Ortiz Ortiz,3265305004,20
Karen Aldama Valenzuela,5366798694,19
Czarina Gutierrez Encinas,1597892134,19
Regina Galaz Cabada,6851497571,19
Guadalupe Gutierrez Arvizu,4693609888,22
Kevin Tellez Alemán,3996795449,19
Adán Monteverde Pulido,1686987229,19
Ada Castañeda Aldama,8271193979,21
Eva Ozuna Rodríguez,9899720524,25
Adán Espinoza Chávez,8375538319,23
José Cruz Garza,9047737819,24
Czarina Flores Elías,9861210949,20
Kim Rodríguez Garza,7383640126,19
Mario Garza Piña,0464870132,25
Karla Alemán Heras,1933237222,18
César Cuevas Cruz,0597246226,25
Carlos Islas Moreno,5817920700,23
Carlos Lobo Vazquez,0203835661,20
Kim Córdova Ayala,3922808703,18
Kevin Piña Aldama,3227465647,21
Guadalupe Ozuna Calles,8335197188,25
Brian Chávez Durazo,5532778888,24
Guadalupe Valle Pérez,0781373337,22
Elvia Heras López,9319233294,25
Ana Jimenez Alemán,8518530645,23
Ada Mendez Ayala,4481847199,25
Juan Heras Monteverde,8113277360,19
Kevin Caro Pino,4549740463,21
Brian López Cano,5811975509,18
Julián Mancera Rosas,5374787124,25
Brian Arroyo Arvizu,2560966521,25
Mariana Mancera Orozco,9089826589,25
Ema Arredondo Verduzco,2048564743,24
César Romero Chávez,4765779960,23
Sebastián Espinoza Andre,2920263575,23
Ada Wong Peña,6580321246,18
Karina Lobo Mancera,2237755988,21
Armando Reyes Mendez,9869394247,20
Carlos Wong Flores,3047807612,24
Domingo Durazo Rodríguez,1437772022,18
Rosa Rosas Aldama,9007315594,18
Rafael Monteverde Ortiz,5120070685,23
Socorro Arroyo Islas,4913168985,18
Fernanda Valenzuela Caro,3991638767,25
Czarina Ramirez Islas,0457434214,21
América Medina Valle,5156511981,22
Kimberly Martínez Wong,9365548770,21
Adán Alemán Garza,3531245185,20
Carlos Andre Caro,5318842709,19
Ema Espinoza Rodríguez,0009716365,24
Sebastián Jimenez Orozco,4118831896,23
Luis Almada Rodríguez,3113073807,25
Kimberly Mancera Mancera,3663834535,22
Regina Verduzco Encinas,6969446258,19
Adán Pulido García,7386338199,18
María Martínez Pino,6786619940,18
Juan Medina Leo,5305569226,23
Ernesto Cruz Chávez,8503008044,19
Kim Galaz Reyes,0475485802,25
Alan Piña Aldama,3613812356,21
Regina Mendoza Gutierrez,8189810383,21
Rosa Camacho Arvizu,3617886027,19
Fernanda Ortiz Andre,1607125281,25
Sebastián Encinas Chávez,0598346210,24
Kevin Galaz Lobo,0376582260,20
César Yanes Jimenez,4644227025,24
Sebastián Ramos Moreno,8659944946,18
Julio Monteverde Reza,6896651088,25
Julián Mendez Mancera,5681525474,18
Ana Moreno Flores,3298450082,20
Teresa Piña Jimenez,8511277871,25
Fernanda Ramos Caro,8665089224,23
Julio González Escalante,4535315266,24
Ernesto Encinas Martínez,3326680974,22
Adán Mancera Cuevas,6387297677,25
Luis Andre Calles,6804962596,23
Teresa Camacho Leo,9780033650,19
Ada López Ayala,0658497615,22
Regina Calles Córdova,3609095836,24
Domingo Gutierrez Yanes,2390699150,23
Juan Mendez Ramirez,9794717316,20
Adán Chávez Andre,3888737054,22
Rafael Arredondo Islas,8595105192,21
Julián Garza Camacho,6153024291,22
Ernesto Cruz Mendez,0764326391,24
Domingo Reyes Mata,1372062637,19
Mario Reyes Escalante,5614915117,22
Czarina Orozco Tellez,4060665326,25
Kimberly Islas Monteverde,5543838620,23
Julio Arvizu Córdova,2773003160,20
Ema Rosas Medina,8602561833,22
Julio Yanes Gutierrez,2043128097,21
Karina Cabada Jimenez,9849508924,25
Teresa Cabada Piña,8467971692,25
Kim Ozuna Ortiz,7544411616,24
Domingo López González,9319906045,18
Kim Vazquez Cruz,7066729333,20
Ana Reza Córdova,8587529635,21
Alan Córdova Cruz,3740005076,19
Carlos Caro Rosas,7592896373,20
América Leo Arroyo,8844573673,19
Ada Durazo Chávez,3078818137,25
Armando Durazo Flores,3217697216,22
César Reza Reyes,4345392714,23
Mariana Cadena Leo,4698926063,25
Kenia Fernandez Ayala,0794706508,19
Karen Coronado Arvizu,6114941737,23
Ada Romero Cuevas,4150051623,19
Ana Tellez Gutierrez,9198154312,20
Armando Nuñez Caro,7973162971,22
Mario Moreno Peña,2251823929,18
Mariana Valenzuela Pulido,6447463295,18
Mario Durazo Cuevas,0484882513,20
Juan Verduzco Domínguez,0564010864,24
Kim Verduzco Pino,4707589436,25
Kenia Heras Cuevas,1749402178,20
Domingo Valle Piña,2754302442,21
América Orozco Valle,8621779903,18
Ema Cadena Ochoa,2259082005,21
Karla Moreno Yanes,7423418854,25
María Valenzuela García,0775394150,23
Julio Ramos Ramirez,3370674186,19
Ema Flores González,2352015676,25
Susana Vazquez García,0648245252,19
María Reza Andre,2105551713,22
Carlos Romero González,5257537603,18
Juan Mata Ramos,5156795695,18
José Piña García,8368038143,18
Karla Caro Wong,9265141908,25
Eva Martínez Moreno,8984610373,18
Ana Peña Islas,7059471852,24
Sebastián Aldama Heras,6951109647,20
Sebastián Valenzuela López,3487884236,23
Karen Galaz Aldama,8521141646,18
Ada Arroyo Yanes,5159638187,24
Brian García Pino,1944319983,18
Ada Chávez Cuevas,3025760312,21
Kevin Nuñez Ramos,9806230872,19
Juan Moreno Alemán,8558911652,25
Julián Islas Mata,8214249784,21
Regina Durazo Cuevas,7063144482,20
Adán Espinoza Rojas,8123205051,19
América Monteverde Durazo,6673833702,25
Kevin Monteverde Rojas,7530920199,20
Karen Chávez Calles,5849369552,19
Socorro López Moreno,3997996778,18
Czarina Ayala Durazo,4119694764,19
Ernesto Pino Almada,7608435188,22
Ema Ramirez Medina,1697730773,23
Karla Rosales Rosas,8033293642,25
Kevin Alemán Rosales,7215354902,22
Eva Valenzuela Elías,5046154179,19
Kim Pino Alemán,0398297137,23
Kim Balderrama Durazo,5386382630,24
Adán Ramirez Espinoza,2766142509,23
Karina García Rodríguez,8864584644,21
Fernanda Caro Fernandez,3494690456,25
Eva Romero Fernandez,8523195733,23
Kevin Arroyo Rosales,7957521632,22
Mario Castañeda Jimenez,5766313800,25
Luis Cano Gutierrez,4817601106,24
Czarina Arredondo Peña,4559611515,22
José Ramos Aldama,3620990656,25
Domingo Balderrama Romero,0546944582,19
Julián Pino Wong,1802491303,21
Julio Ortiz Arvizu,1797325168,22
Kevin Cruz Arvizu,2199882365,18
Isabel Ayala Cabada,8655963566,22
Rosa Monteverde Mancera,9654399180,21
Alberto Rosas Castañeda,5108530414,19
Juan Almada Cano,2139362675,20
Luis Ozuna Pino,2371489355,22
Teresa Mendez Mancera,0220616597,22
Kenia Vazquez Ramirez,3277258508,25
Karen Rosas Elías,7153476725,25
Karla Mendoza González,4187883432,25
Mariana Balderrama Pino,5338372746,25
Juan Romero Valenzuela,9350530400,20
Luis Ozuna Ozuna,3108197202,18
Karina Aldama Rosas,5491677906,20
Adán Orozco Reyes,9774447152,20
Karen Medina Pérez,3679744960,19
Mario Ramirez Reza,4800825076,20
Czarina Galaz Yanes,2564210429,21
Carlos Mendoza Arredondo,6481807385,23
Karina Balderrama Castañeda,7163914797,18
Elvia Fernandez Cabada,9420272663,18
Brian Reza Domínguez,7820743628,25
Domingo Cuevas Valenzuela,0836970739,24
Luis Garza Pérez,6464860326,19
Brian Camacho Castañeda,6179967756,20
Brian Ozuna Balderrama,0640956568,19
Fernanda Mendez Lobo,5165387981,22
José Mendez Arredondo,9540900934,18
Karen González Cruz,2606739168,20
Domingo Wong González,4629425208,19
María Cruz Castañeda,7884877952,21
César Gutierrez Yanes,7978862502,24
Mario Cano Arroyo,5514034074,18
Lourdes Wong Ramirez,9702505230,20
Isabel Aldama Rodríguez,1521591949,19
Czarina Andre Gutierrez,7734581897,22
María Rosales Martínez,0554179418,21
Socorro Gutierrez Yanes,3020535309,18
Eva Elías Camacho,2142039659,21
Isabel Cruz Galaz,5472746421,22
Kevin Arredondo Ramos,3432941183,24
César Rosas Encinas,3668181490,20
Juan Coronado Flores,4504234932,21
Eva Leo Ortiz,1562060170,18
María Nuñez Aldama,5732340666,20
Domingo García Wong,1874968983,22
Karla Cuevas Almada,8761206027,22
Karla Andre Islas,4797393624,23
Karla Piña Almada,5176881447,25
Rafael Fernandez Ramos,5390635380,21
Teresa Fernandez Mata,4879718392,20
Alan Pino Caro,7460411439,20
Juan Reyes Ramirez,5100221005,19
Luis Gutierrez Wong,6180634320,21
Lourdes Encinas Cuevas,5882388286,20
Adán Arvizu Gutierrez,8859620245,18
Alan Almada Andre,0271553317,18
Domingo Balderrama Chávez,1226580416,22
Regina Jimenez Arvizu,1504677490,25
Rafael Ochoa Elías,9261110529,19
Ada Andre Verduzco,0681201342,19
Kim Wong Cano,9486472228,18
Ernesto Pérez Fernandez,8768466571,19
Czarina Piña Andre,9655722833,18
Raquel Reza Medina,1213163106,20
Rosa Rodríguez Balderrama,5253421270,22
Rosa Encinas González,8293165719,18
Adán Alemán Heras,2391173538,19
Armando Piña Camacho,9715275441,21
Brian Reyes Piña,5851007617,23
Alberto Jimenez Arroyo,9458314082,22
Teresa Wong Reza,6551874311,25
Luis Flores Romero,4643416772,25
Alan Leo Tellez,3821429861,20
Julián Castañeda Encinas,5399455248,22
Alberto Mendoza Piña,0319026044,23
Sebastián Medina Medina,0569749206,19
Mariana Piña Gutierrez,9325480004,22
Czarina Ortiz López,7492820436,25
César Mendez Pérez,7427488595,23
Teresa Ramos Espinoza,6005101521,25
Ana Caro Arredondo,5698773509,22
Sebastián Ortiz Córdova,4595520332,19
Rosa Ramirez Orozco,2587055958,20
Alan Heras Arvizu,2342032322,25
Ada Cano Ramos,3546108267,20
Socorro Valenzuela Ozuna,7968686279,20
José Cadena Cruz,4151940028,22
Luis Alemán Verduzco,2675579025,19
Elvia Encinas Heras,5895106887,23
Julio Arroyo Camacho,5989822764,22
Guadalupe Calles Garza,8768299105,23
Julián Valenzuela Garza,7145402441,25
Armando Ayala Garza,8508367723,24
Regina Cano Aldama,0385905094,25
César Cuevas Caro,3369927819,21
Ada Tellez Escalante,3627505946,20
Regina Andre Cruz,3497820650,23
Ana García Rosales,3880883257,19
María Cadena Balderrama,7746686627,23
Ada Piña López,8086124481,25
Eva Orozco Yanes,4347729431,23
Alan Almada Pulido,9771425908,25
Kenia Yanes Wong,5979800433,20
Juan Ramos García,2684176822,22
Domingo Camacho Mata,4932180075,18
Ada Almada Arroyo,6168823552,21
Armando Rodríguez Ayala,1101766352,18
Kim Espinoza Durazo,2458921975,18
Mario Tellez Lobo,4868579487,20
Brian Peña Elías,8462693098,24
Alan Mendez Cruz,6663838111,24
Eva Domínguez Lobo,3700148337,21
Julián Aldama Aldama,2662253469,23
Sebastián Garza Mata,1505274214,20
Sebastián Yanes Arvizu,6404668837,20
Julián Galaz Pino,9290442813,18
Eva Leo Escalante,5498529452,22
José Escalante Vazquez,8838324926,18
Isabel Espinoza Mata,8219059551,24
Brian Verduzco Córdova,7570040142,25
América Pérez López,2554563504,21
Julio Monteverde Garza,2832155362,18
Alan Orozco Ortiz,3975120632,19
Ema Romero Reza,6091309884,21
Ada Moreno Romero,7240941824,22
Domingo Escalante Escalante,0061924685,20
Kimberly Pulido Yanes,7401154429,20
Teresa Flores Medina,7325543471,23
Rafael Calles Ramirez,8039700988,21
Juan López López,4712229458,25
Domingo Galaz Nuñez,5051876257,24
Karla Durazo Andre,6710340480,25
Regina Mata Rosales,0181167155,20
Kim Cano Cano,8476943575,24
Kim Reyes Pulido,2844550988,22
María Rojas Mata,3525487515,24
Domingo Flores Ortiz,1010117686,21
Teresa Reza Medina,3460229061,18
Ernesto Leo Arredondo,8163208453,19
Rafael Cabada Arvizu,0153531251,24
Domingo Romero Wong,8105562563,24
Kevin Alemán Nuñez,6411408243,22
Fernanda Gutierrez Heras,4807477088,21
Brian Romero Ozuna,4991906257,24
Mariana Arroyo Lobo,1497439425,21
Czarina Encinas Pérez,8152941672,21
Julián Wong Almada,0901791762,22
Alberto Cadena Gutierrez,3104636693,24
Regina Rosas Escalante,9023202683,20
Julián Lobo Galaz,1585834481,25
Karina Mancera Balderrama,0417272411,25
Kimberly Reza Martínez,2599349304,21
Adán Pulido Ramirez,2434636533,19
Socorro López Castañeda,2942018288,18
Karla Romero Pérez,5117702820,19
Karla Espinoza Piña,1836927000,19
Ana Rosales Ochoa,8035590778,21
Karla Andre García,5769468478,22
José Rosas Cuevas,4736470419,24
Julián Reza Ramos,9593232914,19
Ernesto Romero Ramirez,1696174520,21
Ana Valle Ozuna,0846602210,24
Sebastián Verduzco López,5407789513,18
Kimberly Espinoza Galaz,9875284949,22
Kenia Mendez Chávez,8158003719,19
Kevin Durazo Galaz,6370131048,23
Rosa Gutierrez Andre,3754197323,24
Ana Camacho Reza,5715943334,23
Regina Fernandez Cadena,4816862895,18
María Verduzco Leo,8945188504,21
Socorro Chávez Castañeda,2278665489,22
Karina Nuñez Calles,7831250451,25
Regina Rosas Pino,0409791138,25
Regina Cano Ozuna,2133114914,24
Kim Galaz Moreno,4198698702,21
Juan Reyes Galaz,8214638186,22
Lourdes Mendoza Reyes,4580109532,25
José Cadena Mendez,4038518321,25
Isabel González Andre,1084652604,22
José Domínguez Rojas,3248227669,25
Kim Gutierrez Cuevas,3780955698,23
Luis Jimenez Chávez,3223265021,21
Alan López Ayala,2355359533,23
Fernanda Gutierrez Alemán,3135391801,22
Rosa Garza Ramirez,9174069307,19
Alan Tellez Caro,9064721956,25
Domingo Mata González,3916389783,24
José Mendez Yanes,0152542212,23
Carlos Verduzco López,1728765188,25
Ernesto Medina Mendez,1832346374,19
Kenia Garza Cano,8146263271,21
Regina Yanes Valenzuela,5651791673,21
Regina Caro Moreno,2603794645,19
Mariana Wong Peña,9674736475,18
Alan Aldama Ortiz,7326290478,24
Guadalupe Galaz Moreno,4947651565,19
Karina Cruz Elías,3090160022,18
Susana Peña Reyes,9536664549,22
Juan Rosales Romero,5610883340,24
Ema Chávez Caro,2962949234,22
Socorro Pulido Ochoa,5509732540,21
Mariana Islas Rosales,6219249043,22
Ada Córdova Fernandez,9059731244,23
Karen Heras Orozco,6264755877,23
Kim Coronado Reza,7523411981,19
Kenia Lobo Flores,8145058985,25
Luis Ayala Chávez,4987385148,18
César Cruz Mendoza,8526392702,18
Eva Ramos Andre,9782383481,19
César Heras Cuevas,4984625844,19
Luis Heras Ochoa,2053816613,18
Rafael Gutierrez Rosales,0429924373,18
Elvia Galaz Valle,1931005306,22
Mario Balderrama Piña,0906146003,23
Kenia López Reyes,1248379809,24
Sebastián Reza Cuevas,1361171411,19
Mariana Castañeda Cabada,8560818731,23
Kenia Ramirez Flores,5128083620,21
Kim Wong Ortiz,0304553925,24
Julio Valenzuela Nuñez,8262172978,22
Juan Cruz Wong,6848583906,21
Carlos Mendoza Ochoa,4929759466,25
María Galaz Pulido,2812600804,22
Luis Espinoza Martínez,7715741301,19
Karla López Cuevas,5759844266,18
Karen Escalante Ayala,9728944141,25
Regina Pérez Encinas,7638431251,23
Kevin Ortiz Cadena,4432468860,20
Alberto Córdova Rosales,9490454597,20
Kenia Ochoa Cruz,7784283707,24
Ema Ramos Pulido,1027029095,24
Regina Ochoa Pérez,6175181975,19
Sebastián Elías Ortiz,1866835590,25
César Valle Aldama,0245834682,23
Ema Camacho Andre,3037449991,24
América Leo Reyes,6984386344,22
Mariana Heras Gutierrez,7892422084,20
Lourdes Rosas Rojas,1247233650,19
Mariana Yanes Valenzuela,2949831458,22
Ema Fernandez Jimenez,6587580113,24
María Cadena Arvizu,1580334073,21
Susana Balderrama Cabada,8560090351,22
Ernesto Balderrama Ayala,0478276028,22
Alan Cano Ayala,4288889127,25
Alan Verduzco Orozco,0779159608,18
Kim Piña Yanes,5004628813,23
Sebastián Ramirez Rodríguez,6795953307,23
Julio Galaz Cabada,1088668560,24
Socorro Martínez Reza,1038688221,22
José Gutierrez Orozco,8189433777,19
Raquel Rosas Caro,9813134656,19
Mario Verduzco Lobo,4139711306,25
Alberto Reza Arroyo,5348427610,22
Armando García Ramirez,0591878729,20
José Orozco Cano,9774761961,19
José Piña Elías,7935393106,20
Juan Caro Medina,9390295338,18
Ema Ramos Calles,9283097961,20
Mario Vazquez Garza,1316986531,18
Ana Ortiz Medina,3461064206,18
América Almada Calles,0083414995,25
Ernesto Durazo Balderrama,8118437519,19
José Mendez Pulido,3496678308,19
Adán Alemán Arredondo,5071021323,18
Regina Alemán Arvizu,6372155442,21
Regina Aldama Mata,4076229053,25
Carlos Moreno Leo,9330207792,21
José Arroyo Wong,8452991166,24
Sebastián Rosas Cano,7759365444,23
Rosa Jimenez Medina,4203345575,21
Fernanda Garza Durazo,8277804100,23
Karina Elías Ochoa,4161936030,20
Kim Rosas Garza,2980241730,21
Isabel Arredondo Rojas,1327090247,18
César Fernandez Cuevas,0401276336,18
Sebastián Rosas Escalante,8638113477,18
Karla Fernandez Camacho,2457620698,18
César Valenzuela Cano,0858537760,22
Susana Tellez Durazo,2530320256,18
Rafael Pérez Caro,1859404866,22
Susana Monteverde Islas,3551674386,18
Karina Pérez Pérez,5865575519,23
Elvia Moreno Peña,3488695536,20
Armando Chávez Cuevas,6612747897,25
Kevin Almada Espinoza,8025239531,24
Regina Cruz Rodríguez,2589374406,19
Mariana Orozco Rosas,8543617241,21
Luis Cuevas Encinas,3102389305,20
Czarina Leo Fernandez,2168600849,22
Carlos Pino Nuñez,0408924640,24
Luis Rosas Pino,6129669021,24
América Caro Almada,6375832155,20
Fernanda Coronado Rosales,4353928019,23
Ana Valenzuela Elías,7657273585,23
Ana Fernandez Escalante,9681534096,21
Ema Orozco Wong,5830392004,23
Ernesto Coronado Andre,2108552999,21
Mariana Mata Galaz,4537980703,20
Lourdes Cadena Verduzco,2447093188,21
Regina Vazquez Garza,4602454036,23
Julián Encinas Arroyo,8212231951,21
Julián Lobo Encinas,2799452683,19
Kimberly Orozco Alemán,2585713013,22
Teresa Islas Heras,4848608859,22
Teresa Pino Rosas,9049042369,18
Domingo Gutierrez Mata,1903336725,18
Fernanda Ramirez García,4932356507,18
José Piña Encinas,0903641712,18
Kimberly Ramos Durazo,2359121346,20
Mariana Cuevas Rodríguez,5644765653,18
Ana Flores Garza,7928176185,23
Regina Mendoza Balderrama,3507840377,21
Julián Almada Tellez,8809173117,23
Rosa Ochoa Galaz,7425634240,24
Raquel Chávez Ramos,4450489180,18
Ada García Ramos,1317496390,25
Carlos Rodríguez Ramirez,6497730757,25
María Andre Castañeda,1289756654,21
Ernesto Almada Valenzuela,4720498372,22
Sebastián Domínguez Monteverde,7156341327,24
Ernesto Fernandez Verduzco,7821530222,24
Armando Ozuna Jimenez,6949146925,20
Carlos Martínez Cruz,4660911594,22
Regina García Alemán,4816221255,20
Guadalupe Cruz Tellez,1632008543,22
Adán Camacho Arvizu,5114417135,22
Fernanda Rosales Romero,6930830674,25
Alberto Wong Cabada,2192093736,20
América Arroyo Orozco,8686041638,23
Socorro Camacho Camacho,2329491083,19
Ana Pulido Pino,9885339465,20
Ema Ramos Wong,1748546276,22
Mariana Ramirez Cruz,6986737572,25
César Garza Cano,9237042770,18
Julio Orozco Escalante,3374085009,24
Lourdes Ramos Rosas,2510463685,19
Alberto Calles Heras,8047480802,20
María Jimenez Ayala,6984374383,21
Czarina Martínez Reza,7270041564,22
Carlos Domínguez Almada,8317993909,18
Mariana Islas Balderrama,3044765981,23
Julio Yanes Fernandez,6174857750,18
Karla Elías Espinoza,0775622773,20
Kimberly Castañeda Fernandez,8480733935,18
Karla Rojas Martínez,3336377437,19
César Galaz Reza,6465044787,23
Juan González Ramos,3755151506,22
Rafael Pino Arroyo,6452868248,24
Alberto Rosales Leo,5120292148,18
Kim Yanes Flores,2005666288,18
Kim Tellez Garza,1225696041,25
Kevin Ozuna Ayala,4495490434,23
Karina Valenzuela Verduzco,6754986227,25
Guadalupe Rojas Nuñez,3986485597,19
Isabel Garza Cruz,0392768090,24
Fernanda Cano Balderrama,6703109602,25
Ernesto Fernandez Calles,8340912216,21
Raquel González Caro,0223816480,21
Luis Ochoa Nuñez,8988426124,24
Rafael Calles Monteverde,6012311333,25
Juan Mata Pino,0978033847,18
Rafael Pino Nuñez,4247940636,24
Ana Fernandez Monteverde,5014930353,20
Alberto Cuevas Andre,0262190245,20
Rafael Rosas Valle,8866093879,24
Kim Valenzuela Córdova,6476896805,24
Ada Pérez Gutierrez,8200014845,22
José Ramirez López,9937071756,23
Ernesto Rodríguez Mata,6925618247,23
Czarina Cadena García,8064947666,23
Lourdes Yanes Heras,6988474012,21
Eva Verduzco Aldama,9839146398,21
Karina Wong Yanes,4495931097,23
Karen Verduzco Romero,9976039210,23
Domingo Cano Lobo,0816892755,20
Lourdes Calles Flores,1146970223,23
Mariana Lobo Wong,5584502932,25
Karen Andre Fernandez,5812125294,23
Fernanda Pérez Espinoza,3125217396,22
Mariana Vazquez Pérez,5412089630,25
Guadalupe Galaz Aldama,8635284771,18
Ana Córdova Espinoza,5320277648,19
Ana Nuñez Escalante,2197314850,25
Brian Cruz Rosales,4873711297,18
Sebastián Cuevas Encinas,1361957436,19
Fernanda Arvizu Almada,3979664803,19
Juan Andre Heras,8157328858,18
Isabel Andre Galaz,8825755887,23
Elvia Valle González,2331855592,24
Julián Ramos Castañeda,0779916858,23
Julio Yanes Coronado,1363733211,19
Karina Peña Mata,0386093200,24
Ema Arredondo Medina,0064021820,18
Armando Martínez Monteverde,3393696980,22
Armando Ayala Lobo,9126346271,20
Domingo Ayala Mendoza,5222500433,21
César Ayala Rojas,5368228126,20
Regina González Ortiz,3292075463,25
Mariana Peña Jimenez,5848190668,25
Julio Cano Reza,2051852344,21
Armando Lobo Vazquez,0138579261,20
Isabel Orozco Escalante,2089300859,21
Julio Heras Rodríguez,0081506843,22
Kenia Ayala Valenzuela,3533578756,19
Fernanda Rodríguez Aldama,7076521389,25
Susana García Mendoza,6294382225,21
Guadalupe Encinas Ayala,2418504997,18
Karina Domínguez Durazo,8724433270,21
Kevin Flores Ayala,7275274953,25
Karina Rojas Arroyo,6307477912,20
América Ortiz Ozuna,3366303965,24
Julián Escalante Valenzuela,4219128243,18
Kevin Peña Fernandez,9627298108,21
César Rosas Cano,5729204335,22
Ernesto Encinas Rodríguez,6225653671,21
Elvia Chávez Escalante,3660664997,21
María Cadena Ochoa,9419480701,23
Rafael García Durazo,4907235396,20
Teresa Aldama Ortiz,1949264661,21
Kevin Verduzco Arredondo,6310757206,23
Brian García Medina,6073091665,22
Eva Rodríguez Mata,6435974714,23
Karen Córdova Ortiz,1907569094,19
Karina Reyes Mancera,9227581312,23
Isabel Vazquez Tellez,1065741490,19
Ana Yanes Romero,2965706220,20
Kimberly Alemán Medina,4276165791,23
Brian Fernandez Monteverde,7170149179,25
Czarina Coronado Flores,5920169268,18
César Elías López,1804388785,25
Lourdes Balderrama López,0104934105,18
Kenia Aldama Chávez,2645376134,18
Teresa Ramirez Espinoza,4820263615,22
Rosa Cano Orozco,5821382877,23
Juan Medina Tellez,5457338345,23
Domingo Ramirez Ramirez,0896269192,22
Alan Ayala Cadena,3683827030,21
Eva Verduzco Yanes,9671200342,21
Armando Orozco Pulido,7238385383,24
Isabel Ochoa Cabada,6747569541,21
Mariana Pino Aldama,5546782253,19
Rosa Escalante Mendoza,0385977910,21
Brian Peña Garza,7191001343,20
Julio Arroyo Almada,8915212397,24
Susana Balderrama Calles,5927475942,18
Lourdes Pulido Gutierrez,5631883564,18
Sebastián Nuñez Reza,4245895276,24
Adán Yanes Encinas,8002642156,25
Kim Castañeda Almada,7426691450,25
Kenia Córdova Cabada,3700805715,23
Alberto Ochoa Cruz,8013530990,18
Juan Aldama Cuevas,7438950839,24
Karen González Nuñez,4918325015,25
Julián Fernandez Reza,3481112108,20
Alberto Escalante García,8383828863,19
Kim Cano Islas,3455275890,19
Alan Jimenez Ayala,1871882805,25
César Arredondo Medina,6100709130,24
Mariana Coronado Chávez,8548648082,22
Elvia Arredondo Ramos,6631776728,24
Karla Castañeda Castañeda,6940012460,18
Alberto Mendoza González,0330309360,20
América Andre Ramirez,1299368088,21
Rosa Martínez Ayala,7637923637,21
Luis Alemán Rojas,7031845876,19
Ema Reyes Arvizu,3200284379,22
Domingo Rosas Escalante,9833069756,18
Eva Camacho Escalante,0962749536,20
María Ramirez Córdova,0918946039,24
Ada Ozuna Fernandez,5932072788,20
Karina Durazo Chávez,3980280370,18
Regina Caro Ayala,6614986530,19
Karen Galaz Durazo,0854163389,19
Rosa Cruz Cabada,0832224884,19
Karen Rosales Cruz,9018769743,20
Juan Ramirez Mata,3909017019,25
Brian González Ochoa,4049815149,20
Armando Verduzco Córdova,8638653388,20
César Ortiz Gutierrez,4809617708,25
Guadalupe Ortiz Nuñez,4289480641,21
Ada Arroyo Galaz,0914188871,20
Mariana Jimenez Wong,8208227930,23
Adán Ortiz Cano,2955835339,22
Karla Mancera Gutierrez,5219817426,23
Guadalupe Rodríguez Mendez,6595644087,25
Sebastián Moreno Chávez,5006246986,20
Karina Martínez Reyes,1485957131,20
Adán Yanes Leo,2563813493,23
Isabel Pino Verduzco,5138945901,20
César Cabada Valenzuela,4180144880,18
Sebastián Alemán Córdova,0050199212,20
Alberto Ramos Ochoa,0156829914,18
Adán Elías Caro,6500945983,22
Rafael Andre Córdova,2625865661,22
Mariana Cabada Calles,8964000395,20
Armando Ramos García,1939970424,21
Czarina Cano Valle,6353210888,23
César García Espinoza,8598080102,23
Socorro Nuñez Rodríguez,6584526566,21
América Caro Castañeda,7358815083,21
Ana Andre Castañeda,7760633796,25
Teresa Piña Andre,1441957572,18
Julio Córdova Islas,0980861356,23
Alan Mata Aldama,1055222819,19
Elvia Romero Martínez,6740114914,25
María Almada Mata,5856721640,24
Czarina Arredondo Rojas,3152916545,22
Ada Cruz González,3540876801,23
Kimberly Mendez Pulido,5090886073,19
Teresa Rosales Mendez,1389179040,19
Socorro Valle Castañeda,6409487524,21
Kenia Espinoza Valenzuela,5310635444,25
Lourdes Ochoa Ramos,3581643947,23
Regina Galaz Almada,0009149767,24
Eva Cadena Leo,5712808000,20
Rosa Pérez Orozco,1556425430,25
Alberto Camacho Wong,0953219369,24
Guadalupe Balderrama Martínez,6879512335,22
Isabel Almada Reyes,5932649416,22
Brian García Leo,1075048023,21
Luis Valenzuela Reyes,9279166683,18
Susana Lobo Andre,2946361154,21
Sebastián López Ozuna,6609220156,23
Susana Caro Valle,8123995208,21
Ema Cadena Cruz,3966334721,18
Kevin Cadena Yanes,0234844345,23
Teresa Castañeda Elías,2798082863,19
Isabel Fernandez Garza,7612239346,20
Guadalupe Rosales Reyes,7195022274,24
Czarina Pérez Leo,6806364997,25
Mariana Medina Pulido,8502453080,20
Socorro Galaz Peña,4531799395,24
Juan Fernandez González,5694397316,18
Regina Medina Tellez,4638376159,18
Elvia Mendoza Calles,0171894477,24
María Elías Coronado,0755859335,23
José López Calles,8399531931,19
Mariana Orozco Garza,8303400949,18
Socorro Cadena Galaz,8421470288,25
Julio Martínez Romero,5467159646,19
Juan Arvizu Domínguez,3542251226,23
Alberto Arvizu Rodríguez,3029210650,21
César Fernandez Ortiz,7203644677,24
Czarina Ozuna Encinas,9510092377,20
Alan Yanes Reza,8219217283,24
Julián Mendez Domínguez,3822127485,18
Kimberly Peña Romero,7768129009,20
Raquel Encinas Fernandez,5580836326,24
Ernesto Verduzco Rosas,6180006347,21
Armando Arroyo Nuñez,1797057990,21
Karina Wong Fernandez,2987679212,18
Adán Gutierrez Jimenez,5712368802,25
Kim Cuevas Alemán,1155083372,24
Mariana Alemán Mendoza,1006559857,18
Armando Mendoza Escalante,7585724926,21
Ema Cabada Verduzco,9894962690,23
Karen Leo Balderrama,8978192244,18
Domingo Durazo Orozco,9981508267,19
José González Coronado,2057573652,22
Mario Nuñez Castañeda,1450457648,19
Julián Flores Ochoa,1835815267,19
Socorro Calles Arredondo,3500156988,24
Adán Cano Martínez,4315362846,22
Raquel Córdova Almada,0839772685,20
Ana Almada Pino,8906023041,22
Fernanda Flores Nuñez,2063555462,22
Luis Monteverde Pulido,3835824800,18
Fernanda Balderrama Gutierrez,7051275676,20
Teresa Cano Pulido,9966687505,22
Juan Espinoza Valenzuela,7987418188,20
Karen Jimenez Reza,6869158516,22
Fernanda Durazo Balderrama,4734881440,25
Rosa Reza Cadena,5614179146,24
Juan Cabada Pulido,2826850922,25
Julián Cabada Leo,1448946889,25
Susana Rodríguez Islas,4222233311,24
Regina Rojas Cuevas,2711760647,19
América Nuñez Rosales,8216085448,20
Susana Flores Cruz,0127981987,18
Juan García Peña,5729717832,23
Karen González Cano,0374168115,25
Fernanda Ozuna Mata,4957186086,19
Rosa Cuevas García,7625131796,20
Domingo Cadena Gutierrez,4767096501,18
Kimberly Tellez Cadena,3221583157,22
Alan Martínez Cruz,8895543979,22
Julián Arredondo Caro,1608677426,21
Socorro Ortiz Verduzco,5283312088,22
Alberto Ramos Lobo,4755166850,23
Karina Vazquez Córdova,3992431487,24
Teresa Durazo Mendoza,2446383061,23
Teresa Chávez Romero,0039497232,24
Ada Espinoza Leo,4840649532,18
Adán Cano Cano,2198337091,22
Ernesto Ozuna Ramirez,2056258113,18
Rafael Rosales Ramirez,3049483453,24
Ema Heras Fernandez,0697694392,18
Elvia Encinas González,8280463622,19
Julio Rosales Cabada,5141786540,22
Mariana Ayala Ramirez,2952255144,23
Alan González Cruz,6309516617,25
Eva Cadena Cano,5095912714,21
Juan Flores Pulido,7049249731,18
Ada Cruz Reza,7257198916,21
Armando Moreno Ramirez,7648153324,20
Kenia Ramos Camacho,4368759933,19
Teresa Pulido Rosas,2231817847,18
Kenia Valle Rodríguez,1396416557,18
Isabel Castañeda Espinoza,0011061808,18
Lourdes Fernandez Tellez,5912262298,23
Guadalupe Chávez Peña,2998034817,24
Mariana Fernandez Nuñez,3895477587,20
Socorro Nuñez Moreno,2260175402,21
Elvia Cabada Camacho,1473336127,18
Regina Arroyo Heras,1811047833,18
Ana Almada Valle,5254279182,24
Susana Orozco Rojas,8122835337,23
Guadalupe Flores Mancera,1547604539,19
Juan Lobo Reza,4721728268,19
José Arroyo Mancera,7601289526,21
Lourdes Nuñez López,2626026975,18
Eva García Lobo,6971921836,21
Elvia Verduzco Aldama,2456315631,22
Alan Orozco Calles,2895052951,22
Kenia Cano Jimenez,2795958980,18
Ernesto Andre Piña,2359177598,19
Kim Moreno Rodríguez,4337903209,22
Domingo Flores Ozuna,7328448909,25
Rosa Andre Valle,5203039723,24
Ernesto Córdova Pérez,4245742814,21
Teresa Gutierrez Encinas,5946466898,19
Luis Piña Calles,6814703517,24
Kevin Yanes Moreno,6708427261,18
Alan Valenzuela Leo,0023943660,20
Karen Orozco Piña,5335034446,20
Brian Valle Jimenez,8559490100,18
Alberto Cabada Ochoa,9731994582,20
Carlos Orozco Rodríguez,3438144100,23
Julio Fernandez Espinoza,7789934561,21
Guadalupe Coronado Mancera,8912762785,24
César Romero Calles,7462195635,18
Ana Pino Domínguez,5415090080,18
Alberto Yanes Peña,6694219694,24
Karina Mancera Elías,1420422975,22
Rafael Reza Coronado,8073159695,25
Karen Pino Mendoza,2510054165,23
Kenia Balderrama Medina,8643212935,19
Alberto Moreno Lobo,4487842693,24
Kevin Cruz Wong,1806633584,23
Alan Nuñez Tellez,2946876704,19
Alberto García Galaz,2462745985,21
Rafael Reza Escalante,7136992204,23
Ernesto Peña Córdova,2319689451,19
Ernesto Islas Camacho,7126640663,25
Juan Yanes López,2470778953,23
Fernanda Mendoza López,3452547104,25
Alberto Calles Escalante,8832057125,19
Julio Rodríguez Heras,6992156990,19
Susana Peña Valle,2960530136,21
Susana Tellez Encinas,6285660242,23
Karen Espinoza Alemán,8810728375,18
Julián Fernandez Peña,4188070569,19
Alberto Cadena González,7645426158,25
Kevin Jimenez Valenzuela,5377836623,25
Mario Cruz Cruz,9899356227,24
Mario Verduzco Durazo,8699505791,23
Rafael Caro Vazquez,1376581666,24
Elvia Monteverde López,7798536075,23
Juan Ayala Cadena,4148825647,25
Domingo Martínez Durazo,0252691356,24
Karina Flores Medina,4537098570,20
Sebastián Cabada Ramos,5859809885,24
Lourdes Tellez Almada,0614682678,22
Carlos Cuevas Coronado,7277981279,23
José Lobo Romero,6550929182,25
Luis Fernandez Yanes,2197812121,24
Carlos Elías Islas,8970232208,20
Domingo Flores Leo,4788082874,25
Julián Mendoza Cano,6949247751,24
Brian Pérez Wong,6217846350,21
Ernesto Leo Cadena,8991683856,20
Kevin Rojas Mendez,5333968275,21
Alan Vazquez Elías,1530906972,21
Karen Reza Ochoa,5600131374,23
Carlos Coronado Garza,5215645945,23
Alan Mendoza Rosas,9987044453,21
Brian Monteverde Pérez,0647605307,25
Julián Rosales Martínez,3108840684,18
Julián Rosas Wong,7308947783,25
Ernesto Ochoa Romero,8301450287,24
Czarina Pérez Flores,4765679882,24
Ema Alemán Vazquez,2905572992,18
Kevin Monteverde Cuevas,4284132742,23
Domingo Domínguez Pino,4988291798,24
Julián Tellez Rosales,1493070833,19
Sebastián Garza Martínez,6261224456,18
Julio Chávez Martínez,0559229485,20
Raquel Caro Andre,4231083925,20
Ernesto Alemán Medina,3620709833,25
Brian Islas Martínez,7739840700,23
Karina Valenzuela Rojas,7109068870,25
Socorro Ozuna Cano,5229073666,24
Ernesto Aldama Domínguez,6862812115,22
Alan Arroyo Monteverde,2146377487,22
Raquel Reyes Leo,0727324580,22
Domingo Arvizu Balderrama,1431440621,21
Kimberly Cadena Arvizu,3492914128,23
Alan Tellez Calles,3263560527,23
Kim Escalante Mendoza,5343890701,25
Rosa Coronado Nuñez,0356256348,21
Kevin López Tellez,9714979081,23
Domingo Espinoza Pino,2973409822,20
Susana Heras Leo,9050071967,20
Ernesto Jimenez Garza,6333384390,22
Carlos Durazo Heras,9566176505,18
Susana Castañeda Moreno,5997479986,25
César Medina Durazo,5191977554,22
Regina Ramirez Pino,9293800859,24
Kevin Castañeda Camacho,8131031224,22
Adán Domínguez Ramirez,4789676137,23
Julio González Cuevas,3737917270,24
Kevin Pérez Flores,3206548200,22
Eva Valenzuela Córdova,2616931712,18
Adán Gutierrez Martínez,2266117538,19
Luis Elías Romero,0232991964,23
Brian González Lobo,8853049209,21
Alberto Cano Medina,1258831210,20
Ema Piña Verduzco,8992055564,24
Kim Gutierrez Ochoa,5573597877,21
Alberto Alemán Domínguez,5658543081,18
Karina Peña Cruz,5283210265,21
Julio Vazquez Islas,5953650516,23
Domingo Martínez Ayala,1081898071,21
Ada Pino López,0356499397,20
América Caro Espinoza,7968235620,21
Raquel Elías Mata,7612039600,19
José Monteverde Córdova,4490316581,23
Julio López Nuñez,0347073515,18
Eva Escalante Nuñez,2366079134,22
Guadalupe Vazquez Rojas,5529892476,25
Julián Verduzco Reyes,3231599107,21
Julián Reyes Pulido,9561022906,24
César Rosales Mendoza,2125464288,18
Rafael Mancera Moreno,1815644033,25
Fernanda García Aldama,8840233636,24
América Tellez Monteverde,8153035100,22
Lourdes Ochoa Tellez,5016853022,24
Juan Mendoza Valle,7704479571,18
Luis Valenzuela Galaz,3872969091,21
Czarina Ochoa Wong,7129800043,20
Ernesto Rosas Valle,8717286435,22
Karla Mendoza Wong,7695384957,24
Kenia Balderrama Balderrama,3031221360,24
Kevin Domínguez Vazquez,5271141288,20
Sebastián Reyes Aldama,5907074409,25
Regina Reza Aldama,5723999742,22
José López Vazquez,1420265828,19
Rafael Almada Islas,5001790114,18
Mario Peña Ortiz,5394542610,18
Alberto Cabada Ayala,1200582688,22
Rafael Peña Ochoa,5293390718,22
Lourdes Medina Camacho,6075669862,19
María Ortiz Rosales,7610858302,23
Karen Mata Alemán,8194557207,21
Juan Monteverde Valle,9655302465,20
Alan López Piña,8501007667,23
Fernanda Ramos Espinoza,2666364158,20
Socorro Castañeda Galaz,5630101875,25
Armando Garza Aldama,9635870682,19
César Ochoa Durazo,5315011280,22
Brian Valle Orozco,2180176033,24
Juan Encinas Coronado,0770693598,18
Elvia Cano Domínguez,1953485251,25
Rosa Cuevas Martínez,6531660434,21
Karla Valenzuela Mendez,6194361259,21
Julio Wong Cano,9041053952,25
Julio Calles Durazo,4616009981,21
Raquel Piña Elías,2100843948,25
Rosa Mata Martínez,8069041054,18
América Valle Flores,5343498238,22
Adán Rojas Cuevas,4642545049,23
Julio García Mendez,2602370744,21
Luis Valle Islas,8975374803,21
Brian Arroyo Lobo,9942567801,18
José Valenzuela Ochoa,1048194627,20
Julián Valle Valle,7767932720,22
Karina Jimenez Alemán,8775728903,25
Brian Islas Cruz,9605513976,18
María Piña Reyes,7946314299,25
Elvia Arroyo Calles,7864116637,23
Raquel Pulido Durazo,7619995107,19
Kenia Peña Galaz,0047477246,23
Brian Galaz Castañeda,1850540894,24
María Valenzuela Piña,7043261902,25
Juan Valenzuela Chávez,6097531676,21
Czarina Encinas Rojas,8123481488,24
Ana Galaz Mendez,6755450250,23
César Heras Rosas,4456211919,25
Kimberly Alemán Escalante,3772422222,25
Juan Arredondo Mancera,6419007311,21
Karen Cadena Arredondo,2314494172,19
Mario Caro Garza,0865994059,21
Elvia Jimenez Cano,3282935001,25
José Pino Escalante,9819826850,20
Kevin Alemán Domínguez,9406956048,22
Mariana Camacho Durazo,1405760204,23
César Cabada Mendez,1618008789,24
Ernesto Córdova Camacho,9179402292,21
Fernanda Mata Yanes,9777737767,25
María Lobo Ramirez,0093396265,18
Kevin Jimenez Nuñez,5055580703,19
Czarina Chávez Ochoa,2837427941,18
Armando Coronado Mendoza,8130580388,18
Ada Encinas Nuñez,6087873778,25
Raquel Almada Fernandez,6620031154,21
Adán Pérez Martínez,0085579433,25
Elvia Durazo Castañeda,7227860613,25
Rafael Espinoza Yanes,7004860237,21
Carlos Valenzuela Monteverde,6082126759,21
Domingo Rosas Fernandez,0966921186,23
Lourdes Martínez Ramirez,0467033261,21
Juan Cuevas Medina,8461201129,18
Luis Gutierrez Caro,8253685502,22
Alberto Orozco Verduzco,0806355873,21
Kevin Pino Moreno,3120430229,23
Karina Rosales Pérez,6399929274,20
Mariana Ramirez Nuñez,0089074332,19
María Yanes Monteverde,1011739593,19
Ernesto González Andre,5259416437,21
Eva Córdova Piña,1801575428,25
Guadalupe Valle Rojas,5826966545,20
Ada Camacho Ayala,2731421644,25
Sebastián Ramirez Valenzuela,4339193490,18
César Reza Chávez,2734755948,21
Rosa Rosas Fernandez,8734101040,23
Isabel Vazquez Encinas,5904719820,25
Armando Garza Romero,6612697801,21
Rafael Piña Caro,0154309055,23
Elvia Domínguez Ortiz,5260435990,21
Domingo Cadena Cano,4266217391,23
Sebastián Galaz Chávez,6787466503,24
Brian Arroyo Monteverde,2890657332,20
Luis Moreno Flores,3264523048,24
Rafael Pérez Rosas,7625734686,22
Carlos Reyes González,5616783665,19
César Córdova Cadena,7988582386,23
Alan Castañeda Durazo,5715013352,23
Fernanda Arroyo Mancera,8821308586,18
Julián Almada Yanes,5404441734,25
María Romero Mancera,3569943164,22
Raquel García Ramos,1946903647,18
Ema Andre Córdova,7352570318,22
Kimberly Alemán Ochoa,2894700044,20
Karla Cruz Durazo,1232131915,19
Brian Verduzco Orozco,7713775899,19
Kimberly Monteverde Reyes,0410909044,22
Mariana Rojas Monteverde,2326015569,22
Teresa Fernandez Pérez,7724045166,24
Carlos Ozuna Coronado,2022285689,25
Armando Moreno Gutierrez,6194721258,23
Karen Domínguez Cruz,7429394243,19
Regina Ayala Caro,3841934908,24
Adán Ramos Tellez,2730557215,18
Raquel Escalante Jimenez,7676536916,25
Ada Balderrama Balderrama,7100353567,24
Armando Cano Valle,9085166875,25
Ana Durazo Cuevas,9076201906,25
Ana Fernandez Reyes,2846743795,25
Raquel Domínguez González,7857438188,20
Socorro Cuevas Leo,4683824466,21
Luis Moreno Rodríguez,4272140373,18
Alberto Romero Cadena,5885997385,24
Elvia Lobo Aldama,7035596460,19
Ada Durazo Encinas,1745708827,23
Carlos Cano Orozco,6898614252,23
Fernanda Wong Leo,6293970272,20
Mariana Valle Alemán,4437226366,25
Sebastián Yanes Espinoza,1376745510,23
Adán Vazquez Cabada,1193803116,20
Karina Galaz Durazo,7568722036,19
María Piña Escalante,2159851841,19
Czarina Leo Heras,8084844737,18
Czarina Balderrama González,5570018439,23
Rafael Calles Coronado,2104102477,20
Elvia Ayala Caro,3605123048,24
Adán Coronado Aldama,2370855304,24
Carlos García Arredondo,1425250146,23
Rosa Balderrama Romero,0603637780,22
José Almada Yanes,9260812649,23
Carlos Piña Mendez,5297294004,20
Fernanda Ramirez Heras,8636879093,19
Mario Rojas Reza,4455830533,22
Carlos Domínguez Monteverde,8157969128,18
Socorro Rosales Peña,6166170417,22
Ana Arvizu Durazo,4794121536,19
Karla Almada Mendez,3023198354,18
Raquel Cadena Valle,1596617947,25
Kenia Coronado García,9253752197,19
Kim Ozuna Nuñez,4491501896,24
Kenia González Gutierrez,5225085945,18
Ada Pulido Rosales,0885467200,22
Ada Rodríguez Ortiz,3608149870,23
Mariana Chávez Leo,0087124423,23
Teresa Garza Calles,2291618733,18
José Domínguez Pino,5875160169,18
Raquel Ortiz Ramirez,9006533663,21
Karen Fernandez Wong,5958509951,23
Julio Arvizu Arroyo,1287256783,21
Alan Peña Mata,9090679971,21
América Galaz Reza,8474992442,25
Armando Ochoa Piña,9476351201,23
César Chávez Arroyo,1703171189,25
Isabel Caro Almada,4184701708,19
Karina Arvizu Yanes,9613507001,18
América Leo González,9485450829,18
Kevin Arredondo García,5163439862,25
Ernesto Lobo Ozuna,8715892809,25
Sebastián Durazo Cabada,6241765862,25
César Peña Arroyo,6836969926,20
Rafael Arroyo Cano,4767977784,20
Armando Córdova Escalante,9144946982,23
Alan Elías Arvizu,0437987751,18
Elvia Ramirez Andre,8111603081,25
Carlos Arredondo Nuñez,2989531889,18
Guadalupe Flores Durazo,3443981635,22
Guadalupe Domínguez Córdova,2887770649,23
Karina Domínguez Verduzco,4647163643,23
Domingo Vazquez Verduzco,2025143634,20
Alan Pulido Reyes,9524392164,23
Isabel Romero Mancera,4811177828,19
Juan Arroyo Andre,2299405541,21
Kimberly Peña Wong,1021538855,25
Juan Calles Balderrama,6157286280,18
Karla Monteverde Castañeda,1112652293,22
Domingo Almada Ayala,4426929711,18
Rosa Martínez Islas,5573933443,20
Sebastián Balderrama Leo,9436178226,20
América Ramirez Jimenez,4444361573,25
Isabel Coronado Peña,4901912569,20
Brian Cuevas Cuevas,6769878152,23
Kim Cruz Ayala,1416467465,19
Kevin Wong Cuevas,4734169653,19
María Camacho Camacho,5943818554,25
Alberto Ozuna Peña,4458731721,19
Rosa Tellez Mancera,9265115344,18
Regina Coronado Monteverde,1691910122,24
Lourdes Ayala Caro,3106033013,22
Elvia Ochoa Peña,9622637407,24
Ernesto Coronado Gutierrez,1853354591,22
Armando Mata Coronado,1043426910,20
Rafael Lobo Gutierrez,5037847436,22
Lourdes Encinas Córdova,1566364132,23
Ernesto Alemán Calles,1334146598,18
Mario Mendoza Verduzco,5245783590,23
Domingo Córdova Andre,4340698003,18
Susana Leo Verduzco,7219537278,18
Lourdes Elías Encinas,0364305781,23
Mariana Reza Heras,5258563099,25
Regina Balderrama Escalante,9454665803,24
Armando Romero Ochoa,1134910486,25
Sebastián Valle Ortiz,8430695811,25
Alberto Pino Valenzuela,8853113749,23
Guadalupe Garza Cuevas,4292322432,22
Carlos Reyes Leo,7045406057,18
Carlos Coronado Nuñez,5361572692,19
Julián Flores Piña,1277928527,23
Rosa Garza Peña,8696352576,25
Regina Arredondo Jimenez,4642309152,18
Susana Cadena González,5393550608,18
Fernanda Balderrama Fernandez,5848887199,21
Domingo Ramirez Moreno,3953017446,25
Elvia Peña Arroyo,3232159454,22
Mariana Arvizu Elías,9012139083,25
Adán Piña Durazo,5515892424,24
Ernesto Ochoa Durazo,8592778090,24
Isabel Leo Martínez,1325408716,18
Sebastián Pérez Islas,9715127284,25
César Garza Mendez,0972694122,20
Guadalupe Coronado González,7184393412,23
Kenia Yanes Ramirez,4279953220,22
Armando Pulido Chávez,7791194572,23
Ana Tellez Ortiz,3167369331,22
Domingo Ortiz Pulido,4115674913,20
Adán Ramirez Mata,2700732971,25
Kim González Pino,6832791722,23
Kevin Monteverde García,3850540791,20
Ana Monteverde Camacho,1032691409,25
Fernanda Pino Elías,5913589665,19
Karla Domínguez Ramos,5372152982,18
Luis Castañeda Alemán,5289394987,20
Domingo Piña Cruz,4584103477,24
Kimberly Coronado Coronado,0802034689,20
Alberto López Islas,5727225240,25
Karina Arvizu Encinas,3632986617,22
Julio Castañeda Rojas,6144231666,25
José Elías Arvizu,4401362318,18
Adán Fernandez García,3803377380,21
Rafael Aldama Arvizu,2403879433,23
Isabel Tellez Cadena,8372330828,20
José Caro Camacho,4143447137,24
Armando Rodríguez Rosas,1653916558,25
Karen Martínez Camacho,4651569632,22
Rafael Reyes Orozco,5342929457,19
Karen Chávez Vazquez,6238730775,25
Karina Elías Ozuna,5074607657,24
César Andre Wong,9174628447,25
Fernanda Piña Arroyo,9090370510,25
Carlos Garza Encinas,0605031142,24
Adán Arredondo Mendez,3996346377,20
Eva Valle Galaz,0396046488,18
Kenia Flores Valle,0498913924,24
Domingo Valenzuela Galaz,3311277916,20
Julio Heras Córdova,2281628932,24
Mariana Valle Almada,1168425943,18
Kimberly Calles Mendoza,3990708738,23
Mariana Caro Pérez,8082284111,23
Brian Espinoza Medina,6290321346,19
Susana Mancera Rojas,1241500747,20
Karina Rodríguez Arroyo,9134870805,25
Domingo Encinas Verduzco,0331459984,23
América García Cabada,6375411450,22
Ada Orozco Pérez,9109028436,22
José Escalante Arroyo,4651671394,20
Adán Flores Balderrama,1552155101,18
Regina Balderrama Fernandez,3773286992,24
Rafael Martínez Escalante,5243639964,24
Kenia Cabada Cabada,0401367400,22
María Rosales Yanes,5543365469,20
Alberto Mancera Castañeda,7836488877,19
César Ozuna Ochoa,4541162307,25
Rafael Aldama Coronado,8177396449,20
Mario Arvizu Vazquez,0648934602,23
Isabel Coronado Balderrama,0698978957,20
César Vazquez Martínez,0652305282,21
Lourdes Verduzco Coronado,1692574761,19
Alan Escalante Rosas,5007922010,24
Rosa Leo García,0426142907,20
Julián Rosales Ramirez,1314085805,25
Kimberly Ortiz Ramos,8934056458,22
Karla Córdova Mendez,9167234116,19
Rosa Ramirez Piña,9084889944,18
Armando Gutierrez Wong,3697848261,18
Armando García Wong,9883618259,22
Eva Cuevas Camacho,4807689814,18
Czarina Ozuna Orozco,7477505109,22
Ana Cadena Elías,7063081512,22
Alberto Lobo Piña,9724781187,25
Brian Almada Lobo,8664496838,24
Karina Rosales Tellez,5292857926,23
Kevin Rodríguez Cabada,0166288097,18
Mariana Durazo Arvizu,7198102547,20
Brian Balderrama González,4910370065,19
Ema Andre Ramirez,0210081457,24
Ada Ramos Islas,9132370902,25
Mario Arroyo Moreno,3434985268,21
Alan Elías Fernandez,3014559387,23
Czarina Rodríguez Escalante,2566503384,20
Elvia Ozuna Ochoa,7808065033,19
Julián Fernandez Pérez,1167753643,23
Alberto Mendez Ozuna,6622343182,24
Domingo Cabada Espinoza,7243450980,21
Carlos Islas Rosas,4864107780,18
Juan Romero Arredondo,4687522031,18
Juan Wong Coronado,3534312182,22
César Valle Tellez,0943253501,22
Adán Rosales Elías,2118951985,19
Regina Nuñez García,9514904822,22
Teresa Piña Yanes,7048197337,20
Rafael Martínez Mendez,3689185925,21
Sebastián Rojas Córdova,5179639470,24
Alberto Verduzco Mancera,7666519551,24
Domingo González Orozco,3697027663,25
Ernesto Vazquez Espinoza,6684409222,18
Regina Coronado Jimenez,2378318171,20
Carlos Romero Reza,0529705931,18
Armando Castañeda Romero,0487054014,22
Carlos Ayala Ramos,5071278533,18
Czarina Reza Balderrama,7715936176,22
Raquel Mata Castañeda,8598530230,18
Domingo Islas Balderrama,9873358632,24
Mario Valle González,7549675179,21
Domingo Monteverde Domínguez,2169370974,25
Armando Cabada Arvizu,0494475400,25
Alan Cabada Ayala,2973656160,23
Karina Domínguez Reyes,9539054883,20
Raquel Domínguez Ozuna,1328674184,24
Regina Ayala Ramos,5253787841,23
Kimberly Chávez Domínguez,5557263775,23
Carlos García Balderrama,2398107319,22
Isabel Durazo Alemán,3312016693,21
Teresa Mendoza Andre,8205083685,20
Kevin Peña Pino,5892860364,22
Juan Domínguez Monteverde,8991260346,19
Alan Ochoa Piña,6960910824,22
Kim Ortiz Ayala,4918401681,18
Mariana Heras Galaz,0706567228,18
Raquel Pulido Balderrama,6014243029,24
América Alemán Lobo,0237735441,24
Czarina Monteverde Arvizu,5349372899,19
Guadalupe Yanes Reyes,1661312201,20
Kevin Cruz Rosas,1940726577,23
Alan Orozco Arroyo,4232830694,23
Rosa Ayala Peña,7728969780,19
Fernanda Cruz Islas,9953678358,22
Julián Romero Espinoza,8705523334,23
Rafael Valle Orozco,5308400572,18
Kevin Escalante Piña,7204473693,22
Domingo Leo Encinas,9929075680,19
Julio Vazquez Romero,7681047684,22
Karla Lobo Fernandez,7282214864,22
César Ozuna Garza,1031671084,18
Eva Nuñez Almada,4952132220,23
Adán Calles Calles,2279762487,19
Alan Almada Monteverde,5829090436,23
Teresa Elías Wong,0650145880,25
Sebastián Flores Islas,9315924926,18
María Ramirez Leo,2727400492,25
Ada López Ozuna,6186822424,25
Sebastián Martínez Arredondo,8318927050,19
José Vazquez Castañeda,7045842102,19
Alan Durazo Mata,5600178057,19
Adán Ozuna Mendez,1920086176,18
Elvia Cabada Verduzco,9366208852,23
Ada Andre Rodríguez,9931256096,18
Rafael Gutierrez Vazquez,4880667466,21
Teresa Córdova Jimenez,2272457926,20
Kenia Fernandez Yanes,0465970451,20
Julián Córdova Leo,8945757165,19
Raquel Mendez Rosales,4289908029,21
Karen García Garza,7644833664,24
Czarina Valenzuela Rojas,6182165575,21
Juan Peña Ortiz,1129981525,23
Rafael Vazquez Wong,7186692076,24
Adán Pérez Balderrama,0618376597,19
Mario Ramirez Alemán,5756260937,22
Armando Medina Mancera,4555009627,25
Rosa Gutierrez Tellez,6379990768,18
Alberto Elías Pérez,9172440671,21
Czarina García Islas,8274745121,22
Kenia Pérez Mata,2995768665,21
Teresa Reyes Lobo,5520489321,24
Karen Camacho López,3884008749,19
César Vazquez Flores,7456077100,20
Ema García Calles,2576584397,19
Ernesto Orozco Leo,6582144038,24
Karla Tellez Valenzuela,5623038352,25
Socorro Rosales Reyes,6855713466,21
Alan Mata Ortiz,2572838787,22
Raquel Camacho Garza,7330053451,19
Kevin Flores Cabada,2917588197,25
Carlos Rosas Chávez,5937295834,23
Teresa Vazquez Martínez,2432086132,19
Domingo Rosales Verduzco,8072730175,22
Sebastián Nuñez Chávez,2130759910,18
José Rodríguez Ochoa,8663263346,18
Guadalupe Ozuna Chávez,6891003289,20
Fernanda Tellez Rosales,0585214673,21
Alberto Andre Galaz,6973690943,25
Brian Cruz Flores,7450184267,19
Luis Martínez Reyes,9051986283,19
Elvia Alemán Tellez,0150906682,23
Carlos Wong Arroyo,4468059403,24
Alan Galaz Mendez,4372373287,19
Julián Pino Escalante,4561433163,24
Guadalupe Mendez Durazo,2136484890,20
Julio Arroyo Alemán,5364728457,24
Mario Ramirez Caro,6530728189,22
Czarina Domínguez Piña,9520859178,22
Teresa Ochoa Camacho,6341739345,18
Regina Jimenez Piña,2927820053,18
Domingo Piña Arvizu,8536509600,20
Kenia Medina Mancera,7799611618,20
Ada Elías Wong,4679678560,23
Armando Flores Ramirez,2045613490,24
Armando Cruz Durazo,3710103045,19
Lourdes Nuñez Castañeda,6995335085,23
Armando Valle Cano,7834282583,22
Karla Arroyo Romero,1394593433,23
América Ozuna Ortiz,2117098250,20
Domingo Martínez Rojas,1173173280,22
América Pino Cadena,3408307116,20
Ernesto Ozuna Andre,9485537259,19
Rafael Mendoza Valle,1691978636,20
Mariana Reza Verduzco,9222897363,24
Rosa Flores Valenzuela,9269107211,25
Armando Peña Peña,5704935154,24
Kim Mendoza Cruz,6985885966,22
Kimberly Cano Tellez,2659745404,24
Adán Reza Pulido,5732918817,20
Carlos Pérez Durazo,9613147128,22
Ema Camacho Galaz,7168947594,25
Czarina Jimenez Caro,8795151018,24
Rafael Heras González,4850773610,21
Kevin Galaz Verduzco,3995256739,25
Juan Romero Rodríguez,2066503332,19
Karla Espinoza Ramirez,6019933080,23
Karen Ramirez Rosales,1658177769,19
Karla Jimenez Cuevas,0411393810,21
América Rosas Domínguez,0151959487,23
América Cabada Mata,3431285655,24
Brian Gutierrez Alemán,7079944600,22
Lourdes Pulido Mancera,8671567085,25
Regina Espinoza Rosales,4043273489,21
Julián Romero Pino,9917722807,20
Brian Rojas Ochoa,3229456337,20
Kimberly Ochoa Córdova,9454064751,19
Socorro Moreno Andre,0441532772,21
Lourdes Ochoa Camacho,6637553058,18
Rosa Caro Peña,5102135785,20
Isabel Ozuna Cadena,2904600441,20
Carlos Caro Rosales,8988564375,21
Sebastián Mancera Heras,6848880112,22
Alan Yanes Vazquez,6339014237,19
Rosa Verduzco Rosales,2264904344,19
Sebastián Mendoza Rosales,4716539945,20
Susana Ayala Monteverde,3270743483,22
Guadalupe Garza Coronado,8829129905,20
Domingo Fernandez Durazo,2191966915,19
Carlos Camacho Galaz,3601520992,24
Mario Almada Cabada,2416153611,18
Karen Ayala Rosas,1662771144,20
Julio Mendoza Cuevas,8758368165,20
Ernesto Espinoza Cabada,4640626793,23
Socorro Romero Valenzuela,1897590446,24
Kimberly Verduzco Moreno,2946729458,24
Mario Almada Galaz,2823612112,18
Carlos Elías Rosales,9585953411,23
Karla Cuevas Reza,4858515828,19
Susana Medina Coronado,5389365750,22
Ernesto Mata Chávez,0560678405,25
Guadalupe Valenzuela Andre,0450163717,21
Kimberly Monteverde Vazquez,4470320918,20
César González Verduzco,0615540764,25
Kevin Balderrama Leo,7078233123,18
Carlos Arredondo Camacho,1809341770,21
Luis Pérez Chávez,3326179841,22
Mario Mendoza Gutierrez,7704061215,18
Isabel Gutierrez Cano,3110838765,18
Alberto Garza Calles,7906666738,24
Domingo Ramirez Durazo,0780978390,25
Elvia Medina Fernandez,8939895975,21
Kimberly Moreno Moreno,3518262222,22
Ada Balderrama Leo,3006788035,23
Lourdes Heras Domínguez,1807066526,23
César Vazquez Rosas,6883346382,18
Raquel Ramirez Durazo,0418549834,21
Ernesto Tellez Ramirez,4888044535,24
José Peña Lobo,7932201464,24
Socorro Alemán García,2587323811,19
Socorro García Durazo,8190982193,23
Regina Ramirez Almada,5649485431,19
Kevin Wong Reyes,4691557208,19
Carlos Islas Rojas,9550391086,22
Fernanda Reyes Romero,6065389543,25
Karen Pérez Tellez,7800251681,24
Kevin Rosas Martínez,6742841385,22
Luis Leo Mancera,1376210864,24
Isabel Arvizu Durazo,4968670239,20
Sebastián Valle Durazo,7823334257,19
Alberto Domínguez Elías,9969547212,21
Sebastián Andre Moreno,8094757612,24
Kevin Encinas Coronado,0433951739,19
Alberto González Balderrama,8318080591,21
Karina Gutierrez Reyes,4250819040,24
Juan Cuevas Valenzuela,4411395622,25
Ernesto Yanes Balderrama,0915588634,24
Luis Wong Ramirez,6246096224,21
Mariana Ayala Coronado,8450840049,23
Kenia Cano Reyes,4930624598,23
Julián Escalante González,3248271486,22
Sebastián Mancera Gutierrez,0120244360,21
José Escalante Flores,6220173178,24
Luis Piña Ortiz,0870831267,19
Ada Garza Nuñez,7602844710,23
Rosa Mendez Lobo,7926450651,18
Socorro Lobo Camacho,6317188590,21
Julián Durazo Escalante,1159266847,18
Carlos García Rosas,5537292048,21
Ada Reza Flores,4469392167,24
Fernanda Mendez Garza,2716036946,20
Julio Elías Romero,2220820169,21
Kevin Valle Alemán,9375484128,25
Alberto Rodríguez Cano,3064904749,21
Brian Monteverde Camacho,1916964168,25
Juan Pérez Arredondo,7592985850,24
Juan Almada Rosales,3786114943,25
Julio Ozuna Ramirez,5687944963,22
Socorro Pulido Coronado,2095671955,21
Julio Cabada Mata,7117212372,24
Alberto Cano Arredondo,3401072775,24
Carlos Ortiz Flores,7800064420,20
Carlos Jimenez Pino,0120928922,22
Adán Ortiz Escalante,3765020884,25
Adán Rosales Rosas,1321309786,21
Lourdes Nuñez Aldama,5231212011,21
César Flores Cano,7639249519,20
Rafael Cano Rosas,7965613357,24
María Aldama Galaz,7342076824,20
María Garza Cruz,9573104810,24
Alan Verduzco Gutierrez,2708641927,21
Rosa Peña Piña,5226815818,21
Mariana Domínguez Rosales,2699246406,18
Mariana Arredondo Durazo,1834070233,19
José Arroyo Encinas,8645403791,23
Eva Encinas Martínez,0104653392,21
América Arredondo Gutierrez,6812085293,19
Karina Chávez Jimenez,0009990572,20
Kenia Calles Cruz,0406057886,19
Juan Wong Flores,8750144070,21
José Reza Flores,7344111716,25
Juan Jimenez Pino,8421893484,23
Armando Escalante Arroyo,2723462785,18
Sebastián Aldama Andre,3508232129,21
Rosa López Orozco,4319749241,20
Luis Cano Cano,7866252124,21
Armando Escalante Escalante,1041897639,20
Brian Ortiz Islas,2693042448,24
Mario Fernandez Arroyo,0439597243,23
Ernesto Rojas Heras,9066175058,20
Eva Peña Moreno,1736026063,24
César Almada Moreno,0485904807,19
Adán Cadena Cadena,4297534575,18
Juan Mancera Arvizu,3880392906,20
Kenia Coronado Chávez,1961871517,21
Rosa Garza Andre,8556280685,25
Susana Heras Escalante,7908699870,18
Ana Ramos Arredondo,8528237254,23
Julián Leo Elías,6713916763,24
Eva Domínguez Reza,2439697488,20
Regina Ramos Arvizu,3115370566,21
Rafael Domínguez Nuñez,9557970378,21
Isabel Caro Cuevas,0151721219,20
Ernesto Flores López,9733230482,22
Ernesto Ortiz Mancera,7458446209,25
Rafael Rodríguez Vazquez,4830055735,20
Kenia Valle Arredondo,5719516537,23
Ada Medina Tellez,1377496008,20
Isabel Fernandez Leo,5996933594,19
Mariana Arvizu Peña,3940760911,19
Julián Martínez Verduzco,7954758107,22
Julián Calles Heras,3559860965,20
César Moreno Fernandez,4635252001,24
Lourdes Rosas Valenzuela,2927681162,24
Regina Valle Fernandez,4501966405,18
Kenia Caro Lobo,9679052801,19
Ernesto Valle Escalante,0694210729,23
Fernanda Mancera Calles,4643126768,19
Susana Leo Cano,3421644892,20
Karina Durazo Ramirez,3467582018,23
Susana Martínez Verduzco,9342723204,20
Luis González Ramirez,3664276339,25
Raquel Valenzuela Mancera,4191016496,23
Mario Castañeda Monteverde,9926545230,19
América Camacho Elías,6106762489,18
Lourdes Jimenez Medina,3312257917,20
Luis Domínguez Orozco,1562731442,23
Czarina González Chávez,2266975915,20
Mario Almada Cadena,1491053346,25
Czarina Arroyo Elías,8893307508,23
Lourdes Mendez Martínez,1931883434,22
Regina Andre Castañeda,6681877939,23
Julio Mendez Flores,7230637940,24
Mario Cano Moreno,9335960094,23
Ana Pérez Cano,4580562418,24
Raquel Galaz Cruz,5869999275,21
Raquel Orozco Castañeda,8517095000,23
Ema Durazo Rojas,6126119099,23
Elvia Cuevas Mendez,0190197044,22
César Tellez Cabada,2500190192,21
Juan Cruz Reza,8432956850,19
Teresa González Reza,6609328923,25
Isabel Ramirez Ortiz,5364420870,22
Kevin Caro Cadena,7681859815,25
Kim Galaz Vazquez,4971484837,23
Czarina Vazquez Aldama,6243874888,24
Teresa Mancera Rosas,9699952012,19
Rosa Reyes Cruz,2186298547,22
Kimberly Durazo Jimenez,3897515072,24
José Pino Mendez,6485513271,23
Kevin Fernandez Tellez,7888946867,19
Sebastián Monteverde Gutierrez,7949008355,19
Isabel Tellez Aldama,5633820299,18
Ema Balderrama Romero,7353492522,19
Domingo Ozuna Espinoza,4712973874,24
Kimberly Mendoza González,3256857845,18
Juan Peña García,7653111247,22
Elvia Encinas Arredondo,9704145609,22
Elvia Wong Ramirez,1129499005,25
Julián Mancera Pérez,7789531773,24
Julio Tellez Pino,6019675008,18
Alberto Rodríguez Lobo,2914859722,23
Karina Valle Mendez,8301687797,24
Susana Cuevas Cruz,7352296082,20
Ana Moreno Córdova,5984636003,22
Eva Pulido Galaz,8626261576,25
Julián Domínguez Ozuna,8144992932,24
Domingo Cano González,7983933074,22
María Cabada Ortiz,1421318434,24
Susana Cadena Camacho,0026581948,23
Czarina Pérez López,9856845183,20
Alberto Nuñez Garza,3323810167,23
Fernanda Reza Islas,3686842675,19
Rosa Escalante Garza,3481438321,20
Domingo Heras Peña,5380279770,23
Ernesto Cabada Rosas,3850194038,20
Julián Caro Ortiz,7048255929,22
América Ramirez Cano,8090587251,22
América Moreno Mendoza,4890176439,18
Lourdes Chávez Reyes,1732554446,21
Ema Elías Pino,0838091061,22
Rosa Orozco Cruz,6919544341,21
Alan Ayala Balderrama,4591322063,24
Adán Orozco Pino,6728680040,18
Alberto Ramos Pulido,5951045732,23
Adán Martínez Flores,8025845779,23
América Mata Leo,8087986421,22
Mario Moreno Flores,5449317324,22
César Cadena Yanes,0043815738,23
Juan Yanes Yanes,2590079919,18
Ernesto Pino Alemán,7865401932,21
Armando Cabada Rosas,7615543264,19
Armando Elías Arvizu,6693174428,25
Julián Domínguez Camacho,4528749755,22
Regina Martínez Durazo,6819083038,21
José Cruz Rosas,6068291442,20
Julián Moreno Arredondo,1175929697,23
Rosa Caro Martínez,3256972958,22
Kimberly Coronado Ramirez,6796569489,19
Alan Cabada Escalante,3503824496,25
Eva Ortiz Flores,3751236477,23
Sebastián Orozco Andre,4466133301,22
Ernesto Chávez Ozuna,1005656616,19
Domingo Yanes López,7485261699,21
Julio Arvizu Peña,3533245401,22
Julián Romero Flores,9846571768,23
Susana Fernandez Wong,6145459454,19
Juan Mancera Cabada,0500490028,22
Kim Rodríguez Yanes,6316841874,20
Guadalupe Rosales Aldama,8916973594,24
Kim Pérez Coronado,4274627714,24
Adán Chávez Rosas,0353850285,22
Adán Verduzco Alemán,2429056748,21
Karina Valenzuela Ayala,4258887079,23
América Mendez Mendoza,1335267224,18
Karen Escalante Moreno,0602068455,24
Fernanda Fernandez Ortiz,8828789971,20
Adán Durazo Leo,5786179928,24
Alberto Wong Aldama,8694291736,20
Julián Romero García,3651189564,21
Raquel García López,2618910549,22
Karen Heras Wong,4661909051,20
América Domínguez Valenzuela,4745846856,23
Susana Mancera Jimenez,1207841220,19
Ana Moreno Andre,3453267813,18
América Valle Chávez,4674042310,22
Alan Ramirez Ortiz,4537888109,18
César Wong Pino,6928972804,25
Ernesto Garza Reyes,5194765814,18
Ema Orozco Rodríguez,3752009750,18
Ernesto Castañeda Arvizu,7827032532,22
Carlos Ramirez Domínguez,2605177050,18
Czarina Ramos Mancera,0495287055,25
Socorro Espinoza Heras,5626837284,24
Regina Pérez Córdova,9014027283,22
Raquel Rosales Vazquez,8163970966,25
Kimberly Ramos Garza,9801548457,24
Sebastián Balderrama Rodríguez,3226370292,22
Ana Pérez Chávez,9101403449,18
Karla Islas Valle,0245672460,23
Kevin Ortiz Moreno,6524990500,25
Julio Nuñez Balderrama,0519839567,18
Ana Calles Pérez,7454311083,18
Isabel Gutierrez Ramos,4619983816,24
Karina Arredondo Calles,4590606587,25
Armando Domínguez Cuevas,4710304626,21
Armando Verduzco Coronado,5400465614,21
María Islas Calles,1499079999,22
Alberto Balderrama Arredondo,8752463762,22
Czarina Wong Arredondo,0194794531,25
Ernesto Flores Jimenez,0583294109,20
Socorro Rodríguez Reza,5598199395,25
Fernanda Lobo Gutierrez,7881298085,22
Mariana Chávez González,7614485160,18
América García Nuñez,1756730593,19
Alberto Pino Reza,2834052936,18
César Orozco Fernandez,7525708561,22
Julián Islas Pulido,7267795129,20
Isabel Camacho Leo,1735539810,18
Alan Moreno Elías,1102990463,18
Armando Flores Ochoa,6771125144,19
Ema Cadena Moreno,3803827366,19
Rafael Pérez Ramirez,5671919227,18
Sebastián Monteverde Tellez,1670400507,19
Adán Peña Arredondo,6140990616,24
Kevin Mancera Balderrama,4933287161,23
Ernesto Flores Cano,2099300774,22
Ada Mancera Moreno,9548957083,24
Carlos Castañeda Rojas,9347288980,22
Carlos Mendoza Rodríguez,8096581228,24
Julio Pérez Ozuna,6740220687,19
Czarina Rosales Verduzco,0515138267,18
Raquel Domínguez Cabada,7159597945,18
Ana Medina Chávez,9973634822,22
Carlos Ramirez Almada,5389258069,22
Czarina Tellez Flores,1857222312,19
Julián Jimenez Arroyo,3225052980,20
Adán Mendez Escalante,9827416145,24
Brian Romero Calles,8980431414,18
Elvia Nuñez Islas,4632909328,22
Ada Andre Tellez,1226866612,18
Kim Durazo González,8455345456,24
Kevin Wong Aldama,2330343329,24
Adán Balderrama Durazo,1513445247,20
Adán Garza Mendez,7641710571,24
Julio Reza Mata,1756429232,22
Elvia Reyes Elías,6702737309,19
Eva García Verduzco,3345926517,19
Lourdes Mendez Durazo,6517445752,24
Guadalupe Rodríguez Tellez,4877887835,24
Alan Lobo Rodríguez,6983501377,25
América Arvizu Cano,4188617353,20
Karina González Domínguez,7571787589,24
César Pulido Coronado,1205182942,19
Regina Flores Valenzuela,4103620994,23
Kevin Elías Elías,1170949681,23
Kimberly Ramirez Arvizu,8392564689,25
Socorro Mendez Mata,7393468870,18
Rafael Cuevas Aldama,6862287707,25
Rosa Caro Rosas,2715390526,21
Karen Andre Flores,6458959298,22
América Ortiz Leo,4256842784,20
Eva Jimenez Lobo,9181590874,23
Kim Leo Rodríguez,4642522450,18
César Domínguez Wong,7431633448,18
Luis Cadena Garza,4801489835,23
América Pérez Gutierrez,0060004212,22
Mariana Leo Verduzco,0558050865,23
Rosa Andre Nuñez,4422560231,19
Isabel Ozuna Mendoza,2631257509,24
Eva Pérez Caro,2560663763,25
Ernesto Valle Lobo,6497055668,25
Julián Camacho Arredondo,8625500643,19
Mario Reyes Cano,5680864581,18
Alberto Monteverde Pino,6373712372,21
Karina Durazo Heras,1798127963,19
Carlos Yanes Arvizu,7970661221,23
Luis Chávez Mancera,1893696590,25
Domingo Espinoza Nuñez,2158101223,25
Luis Lobo Moreno,7455005004,23
José Almada Mata,8973660104,21
José Arredondo Calles,9260161967,19
Karina Pulido Garza,2725366782,20
Rafael Tellez Valenzuela,1613870288,19
Luis Tellez Espinoza,4091753248,19
Domingo Reza Ramos,6140899487,19
Juan Rosales Arroyo,3278354969,24
Kimberly Cabada Romero,3415329120,20
Kevin Ortiz Escalante,5618072949,20
Teresa González Gutierrez,3447138965,20
José Valle Coronado,9502547195,19
Brian Nuñez Rojas,7035406032,18
Socorro Arvizu Arvizu,0745945026,22
Regina Heras Almada,4101116755,18
Elvia López Rosales,1672552004,18
Sebastián Orozco Fernandez,5364785025,23
José Balderrama Leo,0491864845,21
Armando Coronado Vazquez,1484079157,25
César Córdova Leo,1890288449,19
Rosa Romero Lobo,3238353229,18
Socorro Peña Castañeda,3306633589,21
Kim Tellez Almada,5309113063,18
Elvia Calles Tellez,8370745678,24
Teresa Pulido Islas,9705725727,20
Julio Escalante Domínguez,3646038278,23
Carlos Ramirez Elías,8750772772,23
María Islas Islas,2165996045,25
Julio Ochoa Caro,4572569253,23
Alberto Elías Garza,6096460082,18
Karina Pulido Romero,5098566841,19
Mariana Flores Peña,1040798084,22
Isabel Garza Pino,3252715476,22
Alberto Mata Castañeda,5411510240,21
Teresa Domínguez Escalante,1830353568,21
Mario Leo Córdova,8471942499,24
Raquel Piña Mendoza,4882356208,20
Sebastián Alemán Espinoza,7499548677,19
Karen Martínez Valle,3194293714,25
Julián Gutierrez Rojas,1488058341,23
Kim Pino García,8610460513,20
Ada Valenzuela Lobo,1881863583,19
Alan Pérez López,2052259729,23
Czarina Durazo Domínguez,6727674746,21
Sebastián Cabada Rosas,3309289643,22
Brian Moreno Cano,9904200097,19
Brian Castañeda Flores,6621826672,20
Luis Rodríguez Tellez,2854435683,19
Domingo Fernandez Cabada,4408084797,19
Carlos Ozuna Jimenez,5364353893,18
Domingo Ortiz Rodríguez,7517518540,20
Sebastián Lobo Arvizu,6463541920,25
Ema Calles Islas,9862512233,22
Julián Mendoza Reza,3021129011,19
Fernanda Valle Fernandez,5573894326,18
Kimberly Camacho Andre,1560081080,23
José Mancera Caro,5417490931,19
Brian Pulido Romero,1537674464,22
Julio Verduzco Almada,5670372733,19
Alan Rosales Chávez,4941986761,23
Raquel Peña González,4384914886,24
Kim Valle Leo,8811238763,20
Eva López Cabada,9723531615,21
Domingo Cruz Nuñez,1170630603,18
Julio Garza Rodríguez,9812071233,24
Karla Valle Galaz,2501988504,25
Rosa Pérez García,7160855512,25
Czarina Romero Córdova,5626023665,21
Carlos Gutierrez Espinoza,6299242863,21
Sebastián Ramos Valenzuela,6631502291,23
Sebastián Arvizu Rodríguez,8015134103,19
Guadalupe Andre Cano,9688371366,22
Domingo Vazquez Piña,3283088271,25
Rosa Almada Tellez,2993551843,22
Eva Nuñez Fernandez,9181104967,25
Guadalupe Arvizu Tellez,5281220791,23
Regina Ortiz Rodríguez,2177181085,18
Sebastián Coronado Mendez,7702465871,24
Regina Piña Piña,7728561912,22
Domingo Cabada Verduzco,1165765926,20
Adán Medina Arredondo,5338891763,19
Ema Cano Tellez,1101567176,20
Ema Rojas Vazquez,8177885480,20
Rafael Leo Camacho,3878839809,21
Mario Ochoa Escalante,4687466270,18
Ana Arredondo Ozuna,9759987282,22
Sebastián Córdova Calles,0299954188,22
Adán López Fernandez,0665178190,24
Carlos Lobo Valenzuela,9448948284,22
Susana Ortiz Cabada,8483572004,22
Ana Verduzco Pulido,9740310323,21
Regina Valle Cadena,6217220134,24
Armando Durazo Valle,9173441928,22
Fernanda Tellez Aldama,9623896702,22
Guadalupe Alemán Aldama,9831365494,19
Elvia Almada Gutierrez,0050505600,22
Susana Orozco Camacho,1386252893,20
Juan García Cabada,3601598510,19
Karina Peña Domínguez,7371893921,21
Juan Mata Espinoza,6164486795,23
Julio Valenzuela González,5813810228,22
Rafael Chávez González,6768021578,22
Julio Leo Garza,7336098495,19
Kim Caro Valle,0569779788,24
Alberto Flores Arroyo,8736655489,23
Mario Cabada Galaz,0835842409,24
Regina Islas Coronado,3256954464,19
Susana Pérez Pino,1421051012,25
Kevin Chávez Vazquez,4542986965,22
Guadalupe Reza Orozco,0279567167,23
Ernesto Ozuna Leo,2811008657,23
Rafael Islas Domínguez,3168391361,18
Kim Encinas Lobo,8598963661,23
José Ortiz Ozuna,8321208052,19
Kimberly Almada Pino,7483394388,21
Karla Camacho Castañeda,9346538324,18
Kevin Ozuna Ozuna,2858624770,21
Juan Pino Vazquez,1513858349,23
Ema Coronado Pulido,8276499635,22
Elvia Mendoza Garza,4103656326,20
Kimberly Arroyo Orozco,4859810760,23
Carlos Cano Ramos,1999796400,24
Luis Valenzuela Moreno,4038624739,20
Ada Pino Arredondo,2305490167,25
Adán Rodríguez Heras,5964602305,22
César Garza Arvizu,9507794169,18
Ana Caro Romero,8137725417,18
Juan Vazquez Piña,3810537092,23
Teresa Cano Mancera,3129730250,20
Ema Yanes Moreno,8060177021,18
Kenia Piña Espinoza,2336110911,25
Czarina Gutierrez Ortiz,4201401309,22
Sebastián Garza Chávez,4394437025,19
Mario Cruz Valenzuela,1455359299,20
María Mendoza Arredondo,5717598773,24
María Islas Tellez,8582753112,23
Kevin García Balderrama,1532540083,20
José Arredondo Almada,1004256477,24
Karina Mendoza Córdova,0042147284,18
Juan Ortiz Rodríguez,3454007311,25
Carlos Coronado Elías,5902164985,19
Kim Nuñez Wong,9274346215,21
Juan Ramos Mendoza,5380323968,24
Kimberly Rodríguez Garza,6292704297,18
Brian Mata Yanes,4512172663,21
Luis Castañeda Ayala,1679179800,21
Karina Fernandez Monteverde,5081040342,23
Czarina Heras Ortiz,5430392415,24
Isabel Verduzco Reyes,7867708568,23
Fernanda Rosas Cano,9730037444,19
Rafael Peña Mendez,9746265355,22
Luis Mendez Moreno,0368663597,23
Ana Castañeda Cruz,7255131733,23
Adán Ayala Martínez,2627598236,19
Ana Islas Arroyo,9925015645,20
María Orozco Wong,2155125238,18
Regina Reza Espinoza,6719903642,23
Guadalupe Garza González,4505852252,19
Rafael Medina Escalante,6935576566,24
Armando Yanes García,4052191092,21
Ana Ortiz Arredondo,0446470607,21
América Pino Tellez,9210655747,24
Adán Yanes Aldama,1833889912,20
Sebastián Pulido Fernandez,4896945866,24
Armando Castañeda Pulido,8481480102,23
Regina Gutierrez Pulido,3407184630,18
Alan Medina Valle,9623005467,20
María González Ortiz,1918865893,19
Julián García Calles,3080668990,23
Socorro Martínez Córdova,0975631979,18
Luis Chávez Monteverde,0466404838,19
Karla Ramos Ochoa,6484993835,18
Isabel Martínez Medina,2731230001,18
Eva Vazquez Arvizu,3697721640,24
Mariana Jimenez Piña,0404203904,22
Teresa Martínez Caro,5463176821,23
Alberto Escalante Domínguez,0194335496,21
María Wong Flores,7575430607,19
Ana Arroyo Ozuna,5506686180,18
Isabel Galaz Caro,0504496888,24
Julio Mendoza Balderrama,2433618186,23
Juan Pérez Ramos,7214796051,25
Alberto Ramirez Galaz,5674439743,20
Luis Encinas Ochoa,4876153639,23
Domingo Coronado Rodríguez,3453708233,25
Alan Cadena Romero,4507856218,23
Karina Heras Galaz,7213934607,19
Alberto Monteverde Rosas,3497706124,25
Elvia Heras Elías,4400683783,25
América Rosales Vazquez,2573926721,21
Alan Romero Pulido,4578057824,20
Julio Rodríguez Pérez,2782659129,25
María Cuevas Cabada,3315662693,22
Luis Reza Cruz,8520084750,23
César Almada Mata,6478434804,23
Elvia Nuñez Peña,4120713192,20
Karen Arredondo Yanes,9126048922,20
Karla Verduzco Alemán,6209286919,20
José Lobo Coronado,0267211268,22
Karen Arredondo Orozco,3747225876,21
Czarina Ayala Lobo,6683446220,19
Czarina Ortiz Córdova,6969302343,24
Mario González Lobo,3386217795,20
Isabel Ramos Ochoa,1425608893,25
Luis Mendez Aldama,7200065342,25
Kenia Durazo Reyes,5888842287,24
Isabel Mancera Rosas,4736019505,22
Rosa Calles Pino,2142486581,25
Czarina Chávez Ayala,8856768540,19
Karina Mancera Rojas,1166652323,19
Julián Verduzco Arroyo,5432919595,21
Czarina Aldama Cruz,6363564579,22
Eva González Mata,3007467145,24
Julio Aldama Pérez,0733150213,19
César Romero Yanes,4500021862,18
Juan Domínguez Arredondo,0149245459,18
Sebastián Calles Galaz,3589551625,22
Alberto Alemán Balderrama,3992501821,23
Socorro García Orozco,5816754175,20
Kimberly González Moreno,3542309161,24
Julio Heras Cruz,9324738400,24
Raquel Pérez Arredondo,4800644206,19
Julián Espinoza Ortiz,7935886450,20
Mario Pino Pérez,1438205199,18
Lourdes Valle Rojas,9629720691,23
Lourdes Tellez Flores,1670517198,20
Luis Galaz Espinoza,4791090209,25
Karla Moreno Verduzco,3039770642,21
Armando Córdova Galaz,3114799862,18
Kevin Caro Verduzco,7006259417,24
Ada Flores Galaz,6842169267,24
Rosa Cabada Gutierrez,6364654960,21
Julián Mata Leo,1267479029,25
Julio Arroyo Chávez,1472998114,20
Julián Piña Andre,1367473767,19
Domingo Rosas Elías,2371502467,18
Alberto Martínez Andre,4147695505,20
Kevin Heras Córdova,1626838312,18
Raquel Durazo Reza,3839902977,25
Julián Ochoa Ozuna,2500784425,19
Julián Rojas Cano,3572671149,21
Domingo Coronado Islas,9830656425,22
Lourdes Leo López,2667387164,18
Luis Arroyo Reyes,3265939393,21
Kim Balderrama Jimenez,4152258772,18
Domingo Alemán Rosas,1769224438,23
Carlos Reyes Valenzuela,8649401960,24
Alan Cadena Durazo,1210376146,21
Brian Cadena Córdova,9251015338,20
Raquel Almada Andre,4689216069,24
Rafael Tellez Orozco,1285825094,23
Alberto Jimenez Heras,5952406055,22
Kim Leo Cabada,2332490706,18
Kevin Mata Chávez,0685797034,23
Alberto Cadena Espinoza,9004726193,24
Julián Durazo Ramos,6025261725,19
Luis Durazo Andre,4502595374,25
Luis Durazo Leo,9113730840,22
Julio Ayala Arvizu,1825072193,18
Mario González Romero,4840139102,21
Elvia Ochoa Chávez,3223329262,23
Karina Heras Alemán,3369023723,21
Juan Escalante Coronado,2304333107,20
Guadalupe Islas Pérez,1962121840,19
Fernanda Almada Durazo,4040583597,19
Fernanda Durazo Cadena,3777781312,18
Czarina Ochoa Ayala,0719669045,18
Karina Cadena Gutierrez,9063852851,22
Domingo Ramirez Aldama,4961923015,22
Susana Ramos Reyes,1196786140,20
Czarina Espinoza Balderrama,0821550750,20
Kim Pulido Mancera,1393064256,19
Carlos Pino Rosales,3060665923,25
Elvia Pulido Ortiz,9922745869,19
Kevin Valenzuela Ayala,5690134653,25
Guadalupe Garza Rosales,2015106031,25
Ada Valenzuela Reza,7188223819,24
Czarina Pérez Chávez,2452069376,24
Lourdes Domínguez Yanes,0089535235,22
Socorro Pino Pulido,4798260089,23
Julián Heras Valle,3768212279,23
Elvia Flores Cabada,2694708832,24
Luis Rojas Valle,1168888055,24
Domingo Reyes Caro,0451096465,19
Sebastián Yanes Jimenez,5750339665,18
Mario Jimenez Nuñez,7313240593,24
Rafael Pino Fernandez,5390905208,21
Ernesto Pulido Jimenez,0156923000,21
Raquel Yanes García,9363407699,20
César Vazquez Encinas,2160469450,25
Ernesto Durazo Andre,6216796536,18
Karen Pino Chávez,1701338797,24
América Jimenez Andre,0441473515,18
Luis Jimenez Wong,1602750699,20
Carlos Fernandez Yanes,9205730369,19
Kimberly Balderrama Castañeda,5993980069,19
María Mata Almada,0468302714,20
Domingo Lobo Durazo,0128079624,24
Rosa Cuevas Jimenez,0857545815,19
Alberto Medina Castañeda,3759443170,18
Mariana Ramos Verduzco,1600216568,19
María Romero Wong,3166461381,21
César Ozuna Verduzco,6552283857,19
Fernanda Peña Moreno,7877054301,19
Socorro Ayala Valenzuela,1029142920,21
Carlos Wong Escalante,0563662584,24
María Heras Cruz,8129875583,20
María Mancera Gutierrez,3791292777,21
Alberto Mendoza Pino,7021587161,24
Regina Martínez Balderrama,1223532193,21
Regina Martínez Mata,8943788058,21
Rosa Nuñez Mendez,5049182895,23
América Ayala Mata,1016807730,23
Mario Mendoza Cabada,1694739192,22
Luis Romero Caro,9552906195,21
Czarina Mendoza Ozuna,3707410797,20
Adán Reza Monteverde,3871557428,20
Lourdes Arvizu López,7195176119,24
Guadalupe Valle Reyes,6377205409,19
Sebastián Reza Almada,8836926221,23
Susana López Coronado,4202895528,22
Karen Arredondo Lobo,5349903770,25
Czarina Córdova Cadena,9568675602,21
Juan Peña Leo,7833157206,19
Eva Peña Cruz,9216006993,23
Susana Peña Tellez,4886207101,23
Mariana Alemán Chávez,8279885102,22
Ernesto Lobo Cruz,5865923010,23
Adán Espinoza Martínez,4449075423,22
Socorro Valle Galaz,3343513404,25
Rosa Cuevas Córdova,5394353789,24
Kenia Caro Orozco,2294292800,19
Rafael Arredondo Castañeda,0996600806,24
Kimberly Vazquez Rosas,3449559221,22
Mario Leo Galaz,5006866162,19
Luis Caro Durazo,3765743676,21
